driver,class,observed,null_r2,p_emp
Old fish removed,Selectivity,0.5393187349540565,0.05524247562367013,0.00499500499500499
Old fish removed,Selectivity,0.5393187349540565,0.33299297190786736,0.00499500499500499
Old fish removed,Selectivity,0.5393187349540565,0.08675670259678825,0.00499500499500499
Old fish removed,Selectivity,0.5393187349540565,-0.1741015846554368,0.00499500499500499
Old fish removed,Selectivity,0.5393187349540565,0.06348408511384629,0.00499500499500499
Old fish removed,Selectivity,0.5393187349540565,0.24639575969642413,0.00499500499500499
Old fish removed,Selectivity,0.5393187349540565,0.10823533872212077,0.00499500499500499
Old fish removed,Selectivity,0.5393187349540565,0.44923329094934095,0.00499500499500499
Old fish removed,Selectivity,0.5393187349540565,0.07478019493926247,0.00499500499500499
Old fish removed,Selectivity,0.5393187349540565,0.5049328960409385,0.00499500499500499
Old fish removed,Selectivity,0.5393187349540565,0.0064757694792078,0.00499500499500499
Old fish removed,Selectivity,0.5393187349540565,0.04977550843159761,0.00499500499500499
Old fish removed,Selectivity,0.5393187349540565,0.31348427582684646,0.00499500499500499
Old fish removed,Selectivity,0.5393187349540565,0.02921244150358826,0.00499500499500499
Old fish removed,Selectivity,0.5393187349540565,0.4681819619631604,0.00499500499500499
Old fish removed,Selectivity,0.5393187349540565,0.05262666572733898,0.00499500499500499
Old fish removed,Selectivity,0.5393187349540565,-0.05520575730266564,0.00499500499500499
Old fish removed,Selectivity,0.5393187349540565,0.33624805547883296,0.00499500499500499
Old fish removed,Selectivity,0.5393187349540565,0.15810613594415512,0.00499500499500499
Old fish removed,Selectivity,0.5393187349540565,-0.17302219790466755,0.00499500499500499
Old fish removed,Selectivity,0.5393187349540565,0.07124813439162803,0.00499500499500499
Old fish removed,Selectivity,0.5393187349540565,0.14080624226709826,0.00499500499500499
Old fish removed,Selectivity,0.5393187349540565,0.07906714747101506,0.00499500499500499
Old fish removed,Selectivity,0.5393187349540565,0.21028717822097376,0.00499500499500499
Old fish removed,Selectivity,0.5393187349540565,0.07661861511440737,0.00499500499500499
Old fish removed,Selectivity,0.5393187349540565,-0.04306222399176507,0.00499500499500499
Old fish removed,Selectivity,0.5393187349540565,-0.19446619731251305,0.00499500499500499
Old fish removed,Selectivity,0.5393187349540565,0.27243142145795907,0.00499500499500499
Old fish removed,Selectivity,0.5393187349540565,0.2561473523130129,0.00499500499500499
Old fish removed,Selectivity,0.5393187349540565,0.17588966270541206,0.00499500499500499
Old fish removed,Selectivity,0.5393187349540565,0.4197640523163671,0.00499500499500499
Old fish removed,Selectivity,0.5393187349540565,0.01945274856911294,0.00499500499500499
Old fish removed,Selectivity,0.5393187349540565,0.08738365098830725,0.00499500499500499
Old fish removed,Selectivity,0.5393187349540565,0.05267927157068175,0.00499500499500499
Old fish removed,Selectivity,0.5393187349540565,0.03920661846836637,0.00499500499500499
Old fish removed,Selectivity,0.5393187349540565,0.00587620938510746,0.00499500499500499
Old fish removed,Selectivity,0.5393187349540565,0.16950671373930415,0.00499500499500499
Old fish removed,Selectivity,0.5393187349540565,0.07453786439535426,0.00499500499500499
Old fish removed,Selectivity,0.5393187349540565,-0.03616232250503293,0.00499500499500499
Old fish removed,Selectivity,0.5393187349540565,-0.1741015846554368,0.00499500499500499
Old fish removed,Selectivity,0.5393187349540565,-0.2018736891370407,0.00499500499500499
Old fish removed,Selectivity,0.5393187349540565,0.16562851400842704,0.00499500499500499
Old fish removed,Selectivity,0.5393187349540565,0.4615729960049315,0.00499500499500499
Old fish removed,Selectivity,0.5393187349540565,0.3732165861084201,0.00499500499500499
Old fish removed,Selectivity,0.5393187349540565,0.30914381798300816,0.00499500499500499
Old fish removed,Selectivity,0.5393187349540565,-0.00341723739597199,0.00499500499500499
Old fish removed,Selectivity,0.5393187349540565,0.5125001169784206,0.00499500499500499
Old fish removed,Selectivity,0.5393187349540565,0.36317412060607845,0.00499500499500499
Old fish removed,Selectivity,0.5393187349540565,0.173113645425503,0.00499500499500499
Old fish removed,Selectivity,0.5393187349540565,-0.18131288451701733,0.00499500499500499
Old fish removed,Selectivity,0.5393187349540565,0.274593862594543,0.00499500499500499
Old fish removed,Selectivity,0.5393187349540565,-0.04334370202787441,0.00499500499500499
Old fish removed,Selectivity,0.5393187349540565,0.42070678755778046,0.00499500499500499
Old fish removed,Selectivity,0.5393187349540565,0.13518104542348797,0.00499500499500499
Old fish removed,Selectivity,0.5393187349540565,0.06846238979036323,0.00499500499500499
Old fish removed,Selectivity,0.5393187349540565,0.06617536067776231,0.00499500499500499
Old fish removed,Selectivity,0.5393187349540565,0.4681819619631604,0.00499500499500499
Old fish removed,Selectivity,0.5393187349540565,0.5275819859703156,0.00499500499500499
Old fish removed,Selectivity,0.5393187349540565,0.42641274979791943,0.00499500499500499
Old fish removed,Selectivity,0.5393187349540565,-0.1947309972198903,0.00499500499500499
Old fish removed,Selectivity,0.5393187349540565,0.06754159016722472,0.00499500499500499
Old fish removed,Selectivity,0.5393187349540565,0.18372941384556415,0.00499500499500499
Old fish removed,Selectivity,0.5393187349540565,0.13852685088828853,0.00499500499500499
Old fish removed,Selectivity,0.5393187349540565,0.1651926659066374,0.00499500499500499
Old fish removed,Selectivity,0.5393187349540565,-0.16870883272509896,0.00499500499500499
Old fish removed,Selectivity,0.5393187349540565,-0.22007833963514933,0.00499500499500499
Old fish removed,Selectivity,0.5393187349540565,-0.01873407629581613,0.00499500499500499
Old fish removed,Selectivity,0.5393187349540565,0.14812906554968563,0.00499500499500499
Old fish removed,Selectivity,0.5393187349540565,0.0863927412338984,0.00499500499500499
Old fish removed,Selectivity,0.5393187349540565,0.02795972778106825,0.00499500499500499
Old fish removed,Selectivity,0.5393187349540565,0.03050934456179854,0.00499500499500499
Old fish removed,Selectivity,0.5393187349540565,0.09340437877366392,0.00499500499500499
Old fish removed,Selectivity,0.5393187349540565,0.29155977128946375,0.00499500499500499
Old fish removed,Selectivity,0.5393187349540565,-0.1562477991920932,0.00499500499500499
Old fish removed,Selectivity,0.5393187349540565,0.06380094525983637,0.00499500499500499
Old fish removed,Selectivity,0.5393187349540565,0.49729572277932577,0.00499500499500499
Old fish removed,Selectivity,0.5393187349540565,0.35899142270847484,0.00499500499500499
Old fish removed,Selectivity,0.5393187349540565,0.21444585336887811,0.00499500499500499
Old fish removed,Selectivity,0.5393187349540565,0.07471748714133686,0.00499500499500499
Old fish removed,Selectivity,0.5393187349540565,0.13166850398742502,0.00499500499500499
Old fish removed,Selectivity,0.5393187349540565,0.11920666067669594,0.00499500499500499
Old fish removed,Selectivity,0.5393187349540565,0.4681819619631604,0.00499500499500499
Old fish removed,Selectivity,0.5393187349540565,0.0608207615914037,0.00499500499500499
Old fish removed,Selectivity,0.5393187349540565,0.25684412071175944,0.00499500499500499
Old fish removed,Selectivity,0.5393187349540565,0.08371937346531388,0.00499500499500499
Old fish removed,Selectivity,0.5393187349540565,-0.258288923934733,0.00499500499500499
Old fish removed,Selectivity,0.5393187349540565,0.3410856591402994,0.00499500499500499
Old fish removed,Selectivity,0.5393187349540565,0.27934299164219256,0.00499500499500499
Old fish removed,Selectivity,0.5393187349540565,-0.18131288451701733,0.00499500499500499
Old fish removed,Selectivity,0.5393187349540565,-0.02367300330543731,0.00499500499500499
Old fish removed,Selectivity,0.5393187349540565,-0.01056045159780105,0.00499500499500499
Old fish removed,Selectivity,0.5393187349540565,0.033522577179392,0.00499500499500499
Old fish removed,Selectivity,0.5393187349540565,-0.02004202748963512,0.00499500499500499
Old fish removed,Selectivity,0.5393187349540565,0.05198349572985883,0.00499500499500499
Old fish removed,Selectivity,0.5393187349540565,0.2072618442375297,0.00499500499500499
Old fish removed,Selectivity,0.5393187349540565,0.0951801237348271,0.00499500499500499
Old fish removed,Selectivity,0.5393187349540565,0.18352795156309296,0.00499500499500499
Old fish removed,Selectivity,0.5393187349540565,0.3449687181940211,0.00499500499500499
Old fish removed,Selectivity,0.5393187349540565,0.02925498082719158,0.00499500499500499
Old fish removed,Selectivity,0.5393187349540565,0.4380820053585949,0.00499500499500499
Old fish removed,Selectivity,0.5393187349540565,0.11755204834139232,0.00499500499500499
Old fish removed,Selectivity,0.5393187349540565,0.07478019493926247,0.00499500499500499
Old fish removed,Selectivity,0.5393187349540565,0.12110637686648852,0.00499500499500499
Old fish removed,Selectivity,0.5393187349540565,0.3638954963854363,0.00499500499500499
Old fish removed,Selectivity,0.5393187349540565,0.15576278998803383,0.00499500499500499
Old fish removed,Selectivity,0.5393187349540565,0.4106937689283061,0.00499500499500499
Old fish removed,Selectivity,0.5393187349540565,0.36618945464423747,0.00499500499500499
Old fish removed,Selectivity,0.5393187349540565,0.04065642012214987,0.00499500499500499
Old fish removed,Selectivity,0.5393187349540565,0.19739468397715787,0.00499500499500499
Old fish removed,Selectivity,0.5393187349540565,-0.1305822860977719,0.00499500499500499
Old fish removed,Selectivity,0.5393187349540565,0.5051725302133683,0.00499500499500499
Old fish removed,Selectivity,0.5393187349540565,0.4270984484974919,0.00499500499500499
Old fish removed,Selectivity,0.5393187349540565,-0.05520575730266564,0.00499500499500499
Old fish removed,Selectivity,0.5393187349540565,0.32178191670359846,0.00499500499500499
Old fish removed,Selectivity,0.5393187349540565,0.23470147550945344,0.00499500499500499
Old fish removed,Selectivity,0.5393187349540565,-0.00495119562186796,0.00499500499500499
Old fish removed,Selectivity,0.5393187349540565,0.16712247273835013,0.00499500499500499
Old fish removed,Selectivity,0.5393187349540565,0.17704365013514878,0.00499500499500499
Old fish removed,Selectivity,0.5393187349540565,0.44644880670652465,0.00499500499500499
Old fish removed,Selectivity,0.5393187349540565,0.27331652148380403,0.00499500499500499
Old fish removed,Selectivity,0.5393187349540565,0.00498888368340355,0.00499500499500499
Old fish removed,Selectivity,0.5393187349540565,0.02812552663877388,0.00499500499500499
Old fish removed,Selectivity,0.5393187349540565,0.27934299164219256,0.00499500499500499
Old fish removed,Selectivity,0.5393187349540565,-0.21577097001157353,0.00499500499500499
Old fish removed,Selectivity,0.5393187349540565,0.38627023771752367,0.00499500499500499
Old fish removed,Selectivity,0.5393187349540565,0.35743206122601545,0.00499500499500499
Old fish removed,Selectivity,0.5393187349540565,0.4038037794632825,0.00499500499500499
Old fish removed,Selectivity,0.5393187349540565,0.3732165861084201,0.00499500499500499
Old fish removed,Selectivity,0.5393187349540565,0.07507060947763178,0.00499500499500499
Old fish removed,Selectivity,0.5393187349540565,0.18893482031361689,0.00499500499500499
Old fish removed,Selectivity,0.5393187349540565,0.5131246520351438,0.00499500499500499
Old fish removed,Selectivity,0.5393187349540565,0.02937270195908092,0.00499500499500499
Old fish removed,Selectivity,0.5393187349540565,-0.11861039760712644,0.00499500499500499
Old fish removed,Selectivity,0.5393187349540565,0.463137302521096,0.00499500499500499
Old fish removed,Selectivity,0.5393187349540565,0.14094133467291436,0.00499500499500499
Old fish removed,Selectivity,0.5393187349540565,0.4161884187629604,0.00499500499500499
Old fish removed,Selectivity,0.5393187349540565,0.4483329238457726,0.00499500499500499
Old fish removed,Selectivity,0.5393187349540565,0.05102764572020391,0.00499500499500499
Old fish removed,Selectivity,0.5393187349540565,0.2179354083662437,0.00499500499500499
Old fish removed,Selectivity,0.5393187349540565,0.4909561026319712,0.00499500499500499
Old fish removed,Selectivity,0.5393187349540565,0.520834806121328,0.00499500499500499
Old fish removed,Selectivity,0.5393187349540565,0.0712445990199917,0.00499500499500499
Old fish removed,Selectivity,0.5393187349540565,-0.11559945645276848,0.00499500499500499
Old fish removed,Selectivity,0.5393187349540565,0.27934299164219256,0.00499500499500499
Old fish removed,Selectivity,0.5393187349540565,0.4681819619631604,0.00499500499500499
Old fish removed,Selectivity,0.5393187349540565,0.47900524346243567,0.00499500499500499
Old fish removed,Selectivity,0.5393187349540565,0.2101102144597553,0.00499500499500499
Old fish removed,Selectivity,0.5393187349540565,0.1814504433525418,0.00499500499500499
Old fish removed,Selectivity,0.5393187349540565,-0.16870883272509896,0.00499500499500499
Old fish removed,Selectivity,0.5393187349540565,0.05075394885912709,0.00499500499500499
Old fish removed,Selectivity,0.5393187349540565,-0.00177673182856019,0.00499500499500499
Old fish removed,Selectivity,0.5393187349540565,0.04290137083068268,0.00499500499500499
Old fish removed,Selectivity,0.5393187349540565,0.04885311142808501,0.00499500499500499
Old fish removed,Selectivity,0.5393187349540565,-0.03616232250503293,0.00499500499500499
Old fish removed,Selectivity,0.5393187349540565,0.18375542513356335,0.00499500499500499
Old fish removed,Selectivity,0.5393187349540565,0.15576278998803383,0.00499500499500499
Old fish removed,Selectivity,0.5393187349540565,0.2235301594042007,0.00499500499500499
Old fish removed,Selectivity,0.5393187349540565,0.11111870445745776,0.00499500499500499
Old fish removed,Selectivity,0.5393187349540565,0.12195784109679952,0.00499500499500499
Old fish removed,Selectivity,0.5393187349540565,0.21820362198858576,0.00499500499500499
Old fish removed,Selectivity,0.5393187349540565,-0.04471761037762167,0.00499500499500499
Old fish removed,Selectivity,0.5393187349540565,0.0814201441089426,0.00499500499500499
Old fish removed,Selectivity,0.5393187349540565,0.13594269465076902,0.00499500499500499
Old fish removed,Selectivity,0.5393187349540565,0.3085628356883402,0.00499500499500499
Old fish removed,Selectivity,0.5393187349540565,0.08820888700186236,0.00499500499500499
Old fish removed,Selectivity,0.5393187349540565,0.3720043355528896,0.00499500499500499
Old fish removed,Selectivity,0.5393187349540565,0.22673361839427064,0.00499500499500499
Old fish removed,Selectivity,0.5393187349540565,0.09265963931839494,0.00499500499500499
Old fish removed,Selectivity,0.5393187349540565,0.08739531499097786,0.00499500499500499
Old fish removed,Selectivity,0.5393187349540565,0.0520314174818749,0.00499500499500499
Old fish removed,Selectivity,0.5393187349540565,0.17636203475057388,0.00499500499500499
Old fish removed,Selectivity,0.5393187349540565,0.4745834327478874,0.00499500499500499
Old fish removed,Selectivity,0.5393187349540565,0.27482245865270694,0.00499500499500499
Old fish removed,Selectivity,0.5393187349540565,0.08502853879870287,0.00499500499500499
Old fish removed,Selectivity,0.5393187349540565,0.0204250154067801,0.00499500499500499
Old fish removed,Selectivity,0.5393187349540565,0.4033590648817065,0.00499500499500499
Old fish removed,Selectivity,0.5393187349540565,0.03886180205373812,0.00499500499500499
Old fish removed,Selectivity,0.5393187349540565,0.06357531835991836,0.00499500499500499
Old fish removed,Selectivity,0.5393187349540565,0.4515423668496519,0.00499500499500499
Old fish removed,Selectivity,0.5393187349540565,0.17588966270541206,0.00499500499500499
Old fish removed,Selectivity,0.5393187349540565,0.05318194324616754,0.00499500499500499
Old fish removed,Selectivity,0.5393187349540565,-0.22007833963514933,0.00499500499500499
Old fish removed,Selectivity,0.5393187349540565,0.02172480564418222,0.00499500499500499
Old fish removed,Selectivity,0.5393187349540565,0.08109684947141593,0.00499500499500499
Old fish removed,Selectivity,0.5393187349540565,-0.00514950783169076,0.00499500499500499
Old fish removed,Selectivity,0.5393187349540565,0.19009190545408208,0.00499500499500499
Old fish removed,Selectivity,0.5393187349540565,0.10338587703571445,0.00499500499500499
Old fish removed,Selectivity,0.5393187349540565,-0.01923225055606425,0.00499500499500499
Old fish removed,Selectivity,0.5393187349540565,0.20306472294579905,0.00499500499500499
Old fish removed,Selectivity,0.5393187349540565,0.4960762847900928,0.00499500499500499
Old fish removed,Selectivity,0.5393187349540565,0.09972776876438372,0.00499500499500499
Old fish removed,Selectivity,0.5393187349540565,0.1962459730424515,0.00499500499500499
Old fish removed,Selectivity,0.5393187349540565,0.1614879895396868,0.00499500499500499
Old fish removed,Selectivity,0.5393187349540565,-0.03954804925143929,0.00499500499500499
Old fish removed,Selectivity,0.5393187349540565,0.08232961704685315,0.00499500499500499
Old fish removed,Selectivity,0.5393187349540565,-0.0067871731339939,0.00499500499500499
Old fish removed,Selectivity,0.5393187349540565,0.2930929704656583,0.00499500499500499
Old fish removed,Selectivity,0.5393187349540565,0.31373898055973115,0.00499500499500499
Old fish removed,Selectivity,0.5393187349540565,-0.0690195420543489,0.00499500499500499
Old fish removed,Selectivity,0.5393187349540565,0.10224206350922194,0.00499500499500499
Old fish removed,Selectivity,0.5393187349540565,0.5073819122445422,0.00499500499500499
Old fish removed,Selectivity,0.5393187349540565,0.04927514849084191,0.00499500499500499
Old fish removed,Selectivity,0.5393187349540565,0.16795448035126714,0.00499500499500499
Old fish removed,Selectivity,0.5393187349540565,-0.04471761037762167,0.00499500499500499
Old fish removed,Selectivity,0.5393187349540565,0.10936064675110202,0.00499500499500499
Old fish removed,Selectivity,0.5393187349540565,-0.18414404168895415,0.00499500499500499
Old fish removed,Selectivity,0.5393187349540565,0.20794532262642984,0.00499500499500499
Old fish removed,Selectivity,0.5393187349540565,0.15669401805341387,0.00499500499500499
Old fish removed,Selectivity,0.5393187349540565,0.14489934916837,0.00499500499500499
Old fish removed,Selectivity,0.5393187349540565,0.4600873166949924,0.00499500499500499
Old fish removed,Selectivity,0.5393187349540565,0.08096725270884475,0.00499500499500499
Old fish removed,Selectivity,0.5393187349540565,-0.1137883006351086,0.00499500499500499
Old fish removed,Selectivity,0.5393187349540565,-0.1033463950928557,0.00499500499500499
Old fish removed,Selectivity,0.5393187349540565,0.4197640523163671,0.00499500499500499
Old fish removed,Selectivity,0.5393187349540565,0.49803291041358655,0.00499500499500499
Old fish removed,Selectivity,0.5393187349540565,0.13841573814212427,0.00499500499500499
Old fish removed,Selectivity,0.5393187349540565,0.02130062967878643,0.00499500499500499
Old fish removed,Selectivity,0.5393187349540565,0.06150049217384645,0.00499500499500499
Old fish removed,Selectivity,0.5393187349540565,0.4333847922483153,0.00499500499500499
Old fish removed,Selectivity,0.5393187349540565,0.2946981426639723,0.00499500499500499
Old fish removed,Selectivity,0.5393187349540565,0.03606824814583043,0.00499500499500499
Old fish removed,Selectivity,0.5393187349540565,0.3475396314524911,0.00499500499500499
Old fish removed,Selectivity,0.5393187349540565,0.4375567209230633,0.00499500499500499
Old fish removed,Selectivity,0.5393187349540565,0.24407783478719225,0.00499500499500499
Old fish removed,Selectivity,0.5393187349540565,0.16241613726382298,0.00499500499500499
Old fish removed,Selectivity,0.5393187349540565,0.45776000599853695,0.00499500499500499
Old fish removed,Selectivity,0.5393187349540565,0.3760314125118509,0.00499500499500499
Old fish removed,Selectivity,0.5393187349540565,-0.0395360302568355,0.00499500499500499
Old fish removed,Selectivity,0.5393187349540565,0.15154367267668012,0.00499500499500499
Old fish removed,Selectivity,0.5393187349540565,-0.10724232012993816,0.00499500499500499
Old fish removed,Selectivity,0.5393187349540565,0.08820888700186236,0.00499500499500499
Old fish removed,Selectivity,0.5393187349540565,0.07680505720705133,0.00499500499500499
Old fish removed,Selectivity,0.5393187349540565,0.31179529346608537,0.00499500499500499
Old fish removed,Selectivity,0.5393187349540565,0.00382376382299054,0.00499500499500499
Old fish removed,Selectivity,0.5393187349540565,0.46128068399239375,0.00499500499500499
Old fish removed,Selectivity,0.5393187349540565,0.05948162295034398,0.00499500499500499
Old fish removed,Selectivity,0.5393187349540565,0.11327949297272856,0.00499500499500499
Old fish removed,Selectivity,0.5393187349540565,0.20152981432960293,0.00499500499500499
Old fish removed,Selectivity,0.5393187349540565,-0.02127566861590213,0.00499500499500499
Old fish removed,Selectivity,0.5393187349540565,0.17588966270541206,0.00499500499500499
Old fish removed,Selectivity,0.5393187349540565,2.42153223910746e-4,0.00499500499500499
Old fish removed,Selectivity,0.5393187349540565,0.06604789946773004,0.00499500499500499
Old fish removed,Selectivity,0.5393187349540565,0.3896054490492524,0.00499500499500499
Old fish removed,Selectivity,0.5393187349540565,0.08111987832638401,0.00499500499500499
Old fish removed,Selectivity,0.5393187349540565,0.23470147550945344,0.00499500499500499
Old fish removed,Selectivity,0.5393187349540565,-0.04673136383176857,0.00499500499500499
Old fish removed,Selectivity,0.5393187349540565,0.38611296152934527,0.00499500499500499
Old fish removed,Selectivity,0.5393187349540565,0.14066383749028857,0.00499500499500499
Old fish removed,Selectivity,0.5393187349540565,-0.00514950783169076,0.00499500499500499
Old fish removed,Selectivity,0.5393187349540565,0.528245912613194,0.00499500499500499
Old fish removed,Selectivity,0.5393187349540565,0.5085986428374056,0.00499500499500499
Old fish removed,Selectivity,0.5393187349540565,-0.00522586686457371,0.00499500499500499
Old fish removed,Selectivity,0.5393187349540565,0.16723341087178456,0.00499500499500499
Old fish removed,Selectivity,0.5393187349540565,0.02606818580286385,0.00499500499500499
Old fish removed,Selectivity,0.5393187349540565,-0.03198989578189604,0.00499500499500499
Old fish removed,Selectivity,0.5393187349540565,0.23706892479698405,0.00499500499500499
Old fish removed,Selectivity,0.5393187349540565,0.43866883331094664,0.00499500499500499
Old fish removed,Selectivity,0.5393187349540565,0.1950446919413552,0.00499500499500499
Old fish removed,Selectivity,0.5393187349540565,0.02530688122135693,0.00499500499500499
Old fish removed,Selectivity,0.5393187349540565,0.04290137083068268,0.00499500499500499
Old fish removed,Selectivity,0.5393187349540565,0.3382038328541236,0.00499500499500499
Old fish removed,Selectivity,0.5393187349540565,0.3003842150243262,0.00499500499500499
Old fish removed,Selectivity,0.5393187349540565,0.04290137083068268,0.00499500499500499
Old fish removed,Selectivity,0.5393187349540565,0.03967094463949849,0.00499500499500499
Old fish removed,Selectivity,0.5393187349540565,0.19267319798302052,0.00499500499500499
Old fish removed,Selectivity,0.5393187349540565,0.382881656966835,0.00499500499500499
Old fish removed,Selectivity,0.5393187349540565,0.1786162784406803,0.00499500499500499
Old fish removed,Selectivity,0.5393187349540565,0.2587155733442408,0.00499500499500499
Old fish removed,Selectivity,0.5393187349540565,0.2360566812079362,0.00499500499500499
Old fish removed,Selectivity,0.5393187349540565,0.01801835715047917,0.00499500499500499
Old fish removed,Selectivity,0.5393187349540565,0.0926836344928933,0.00499500499500499
Old fish removed,Selectivity,0.5393187349540565,-0.03215851929508395,0.00499500499500499
Old fish removed,Selectivity,0.5393187349540565,0.05618763535723747,0.00499500499500499
Old fish removed,Selectivity,0.5393187349540565,0.18088730042947676,0.00499500499500499
Old fish removed,Selectivity,0.5393187349540565,0.02172480564418222,0.00499500499500499
Old fish removed,Selectivity,0.5393187349540565,0.12921325740360323,0.00499500499500499
Old fish removed,Selectivity,0.5393187349540565,0.12329295886676316,0.00499500499500499
Old fish removed,Selectivity,0.5393187349540565,0.16461301400815975,0.00499500499500499
Old fish removed,Selectivity,0.5393187349540565,0.04290137083068268,0.00499500499500499
Old fish removed,Selectivity,0.5393187349540565,0.05758027946340616,0.00499500499500499
Old fish removed,Selectivity,0.5393187349540565,0.01490693472687454,0.00499500499500499
Old fish removed,Selectivity,0.5393187349540565,0.23706892479698405,0.00499500499500499
Old fish removed,Selectivity,0.5393187349540565,0.5082504833991879,0.00499500499500499
Old fish removed,Selectivity,0.5393187349540565,0.05457298876865824,0.00499500499500499
Old fish removed,Selectivity,0.5393187349540565,0.3969650907540488,0.00499500499500499
Old fish removed,Selectivity,0.5393187349540565,0.23868216616142313,0.00499500499500499
Old fish removed,Selectivity,0.5393187349540565,0.2075960809654922,0.00499500499500499
Old fish removed,Selectivity,0.5393187349540565,0.19661656714911724,0.00499500499500499
Old fish removed,Selectivity,0.5393187349540565,0.12110637686648852,0.00499500499500499
Old fish removed,Selectivity,0.5393187349540565,0.0962298004986788,0.00499500499500499
Old fish removed,Selectivity,0.5393187349540565,0.06876733382357736,0.00499500499500499
Old fish removed,Selectivity,0.5393187349540565,0.31348427582684646,0.00499500499500499
Old fish removed,Selectivity,0.5393187349540565,0.36317412060607845,0.00499500499500499
Old fish removed,Selectivity,0.5393187349540565,0.36567771489116696,0.00499500499500499
Old fish removed,Selectivity,0.5393187349540565,-0.04702085600051742,0.00499500499500499
Old fish removed,Selectivity,0.5393187349540565,0.09208859827319704,0.00499500499500499
Old fish removed,Selectivity,0.5393187349540565,0.0181007923572698,0.00499500499500499
Old fish removed,Selectivity,0.5393187349540565,0.15891812792527382,0.00499500499500499
Old fish removed,Selectivity,0.5393187349540565,0.1001616087051761,0.00499500499500499
Old fish removed,Selectivity,0.5393187349540565,0.3212833384901411,0.00499500499500499
Old fish removed,Selectivity,0.5393187349540565,0.0814201441089426,0.00499500499500499
Old fish removed,Selectivity,0.5393187349540565,0.2906032552131703,0.00499500499500499
Old fish removed,Selectivity,0.5393187349540565,0.2917020138925015,0.00499500499500499
Old fish removed,Selectivity,0.5393187349540565,0.08000921692038476,0.00499500499500499
Old fish removed,Selectivity,0.5393187349540565,0.04580048721412355,0.00499500499500499
Old fish removed,Selectivity,0.5393187349540565,-0.02665946889793802,0.00499500499500499
Old fish removed,Selectivity,0.5393187349540565,0.2868597938241362,0.00499500499500499
Old fish removed,Selectivity,0.5393187349540565,0.5275819859703156,0.00499500499500499
Old fish removed,Selectivity,0.5393187349540565,0.45404104044055293,0.00499500499500499
Old fish removed,Selectivity,0.5393187349540565,-0.02479880492434305,0.00499500499500499
Old fish removed,Selectivity,0.5393187349540565,0.4534923183867491,0.00499500499500499
Old fish removed,Selectivity,0.5393187349540565,0.1298982117676536,0.00499500499500499
Old fish removed,Selectivity,0.5393187349540565,0.08185609703365326,0.00499500499500499
Old fish removed,Selectivity,0.5393187349540565,0.1025213957608162,0.00499500499500499
Old fish removed,Selectivity,0.5393187349540565,0.02464817288405429,0.00499500499500499
Old fish removed,Selectivity,0.5393187349540565,0.13779491699757718,0.00499500499500499
Old fish removed,Selectivity,0.5393187349540565,0.1428452816583753,0.00499500499500499
Old fish removed,Selectivity,0.5393187349540565,0.00672043719216997,0.00499500499500499
Old fish removed,Selectivity,0.5393187349540565,0.04626080157617684,0.00499500499500499
Old fish removed,Selectivity,0.5393187349540565,0.36683152712828504,0.00499500499500499
Old fish removed,Selectivity,0.5393187349540565,0.32178191670359846,0.00499500499500499
Old fish removed,Selectivity,0.5393187349540565,0.00587620938510746,0.00499500499500499
Old fish removed,Selectivity,0.5393187349540565,0.2075960809654922,0.00499500499500499
Old fish removed,Selectivity,0.5393187349540565,0.4830931069276664,0.00499500499500499
Old fish removed,Selectivity,0.5393187349540565,0.14013003513481337,0.00499500499500499
Old fish removed,Selectivity,0.5393187349540565,0.25684412071175944,0.00499500499500499
Old fish removed,Selectivity,0.5393187349540565,0.1001616087051761,0.00499500499500499
Old fish removed,Selectivity,0.5393187349540565,0.02921170458697308,0.00499500499500499
Old fish removed,Selectivity,0.5393187349540565,0.0677469540071225,0.00499500499500499
Old fish removed,Selectivity,0.5393187349540565,0.4689446569447153,0.00499500499500499
Old fish removed,Selectivity,0.5393187349540565,0.18489281659113233,0.00499500499500499
Old fish removed,Selectivity,0.5393187349540565,0.16723341087178456,0.00499500499500499
Old fish removed,Selectivity,0.5393187349540565,0.04775816707369174,0.00499500499500499
Old fish removed,Selectivity,0.5393187349540565,-0.13864595862129936,0.00499500499500499
Old fish removed,Selectivity,0.5393187349540565,0.241200699955622,0.00499500499500499
Old fish removed,Selectivity,0.5393187349540565,0.08185609703365326,0.00499500499500499
Old fish removed,Selectivity,0.5393187349540565,-0.1680663455722613,0.00499500499500499
Old fish removed,Selectivity,0.5393187349540565,-0.06351047331175463,0.00499500499500499
Old fish removed,Selectivity,0.5393187349540565,0.05428005403174618,0.00499500499500499
Old fish removed,Selectivity,0.5393187349540565,0.5073819122445422,0.00499500499500499
Old fish removed,Selectivity,0.5393187349540565,0.22673361839427064,0.00499500499500499
Old fish removed,Selectivity,0.5393187349540565,0.2930929704656583,0.00499500499500499
Old fish removed,Selectivity,0.5393187349540565,-0.04399462855993907,0.00499500499500499
Old fish removed,Selectivity,0.5393187349540565,0.42070678755778046,0.00499500499500499
Old fish removed,Selectivity,0.5393187349540565,0.18477377018307695,0.00499500499500499
Old fish removed,Selectivity,0.5393187349540565,0.18352795156309296,0.00499500499500499
Old fish removed,Selectivity,0.5393187349540565,-0.0911053485719906,0.00499500499500499
Old fish removed,Selectivity,0.5393187349540565,0.13650391099320003,0.00499500499500499
Old fish removed,Selectivity,0.5393187349540565,-0.0029958439406712,0.00499500499500499
Old fish removed,Selectivity,0.5393187349540565,0.05283775602902885,0.00499500499500499
Old fish removed,Selectivity,0.5393187349540565,0.06472228347807674,0.00499500499500499
Old fish removed,Selectivity,0.5393187349540565,0.1967364968991092,0.00499500499500499
Old fish removed,Selectivity,0.5393187349540565,0.13055957515449323,0.00499500499500499
Old fish removed,Selectivity,0.5393187349540565,0.02275335414384949,0.00499500499500499
Old fish removed,Selectivity,0.5393187349540565,0.16781085348721758,0.00499500499500499
Old fish removed,Selectivity,0.5393187349540565,-0.01254372607168452,0.00499500499500499
Old fish removed,Selectivity,0.5393187349540565,0.49539767114546773,0.00499500499500499
Old fish removed,Selectivity,0.5393187349540565,0.0816404864591993,0.00499500499500499
Old fish removed,Selectivity,0.5393187349540565,0.21424284900304413,0.00499500499500499
Old fish removed,Selectivity,0.5393187349540565,0.07661861511440737,0.00499500499500499
Old fish removed,Selectivity,0.5393187349540565,-0.02172963918497261,0.00499500499500499
Old fish removed,Selectivity,0.5393187349540565,0.1967364968991092,0.00499500499500499
Old fish removed,Selectivity,0.5393187349540565,0.18380745029716297,0.00499500499500499
Old fish removed,Selectivity,0.5393187349540565,0.382881656966835,0.00499500499500499
Old fish removed,Selectivity,0.5393187349540565,0.16217600522415976,0.00499500499500499
Old fish removed,Selectivity,0.5393187349540565,0.11755204834139232,0.00499500499500499
Old fish removed,Selectivity,0.5393187349540565,0.02373729057116058,0.00499500499500499
Old fish removed,Selectivity,0.5393187349540565,0.1298982117676536,0.00499500499500499
Old fish removed,Selectivity,0.5393187349540565,0.3588555200789394,0.00499500499500499
Old fish removed,Selectivity,0.5393187349540565,0.12946815763177777,0.00499500499500499
Old fish removed,Selectivity,0.5393187349540565,0.05524247562367013,0.00499500499500499
Old fish removed,Selectivity,0.5393187349540565,0.0622923038901807,0.00499500499500499
Old fish removed,Selectivity,0.5393187349540565,0.22129658306414268,0.00499500499500499
Old fish removed,Selectivity,0.5393187349540565,0.5082504833991879,0.00499500499500499
Old fish removed,Selectivity,0.5393187349540565,-0.08771653606381036,0.00499500499500499
Old fish removed,Selectivity,0.5393187349540565,0.033967973806038,0.00499500499500499
Old fish removed,Selectivity,0.5393187349540565,-0.1993634457793081,0.00499500499500499
Old fish removed,Selectivity,0.5393187349540565,0.14955470355367606,0.00499500499500499
Old fish removed,Selectivity,0.5393187349540565,0.05967965261382979,0.00499500499500499
Old fish removed,Selectivity,0.5393187349540565,0.08502853879870287,0.00499500499500499
Old fish removed,Selectivity,0.5393187349540565,0.18372941384556415,0.00499500499500499
Old fish removed,Selectivity,0.5393187349540565,0.24126969882718183,0.00499500499500499
Old fish removed,Selectivity,0.5393187349540565,0.5378504241901068,0.00499500499500499
Old fish removed,Selectivity,0.5393187349540565,0.07656614137223972,0.00499500499500499
Old fish removed,Selectivity,0.5393187349540565,0.09384588175846388,0.00499500499500499
Old fish removed,Selectivity,0.5393187349540565,0.14955470355367606,0.00499500499500499
Old fish removed,Selectivity,0.5393187349540565,0.1978181016354156,0.00499500499500499
Old fish removed,Selectivity,0.5393187349540565,0.08081027839801092,0.00499500499500499
Old fish removed,Selectivity,0.5393187349540565,0.5085986428374056,0.00499500499500499
Old fish removed,Selectivity,0.5393187349540565,0.05121568808919818,0.00499500499500499
Old fish removed,Selectivity,0.5393187349540565,0.16660537810700526,0.00499500499500499
Old fish removed,Selectivity,0.5393187349540565,0.12166423786105351,0.00499500499500499
Old fish removed,Selectivity,0.5393187349540565,0.07122668777229069,0.00499500499500499
Old fish removed,Selectivity,0.5393187349540565,0.0181007923572698,0.00499500499500499
Old fish removed,Selectivity,0.5393187349540565,0.1171279826472037,0.00499500499500499
Old fish removed,Selectivity,0.5393187349540565,0.02504064498581026,0.00499500499500499
Old fish removed,Selectivity,0.5393187349540565,0.0608207615914037,0.00499500499500499
Old fish removed,Selectivity,0.5393187349540565,0.1079060055756682,0.00499500499500499
Old fish removed,Selectivity,0.5393187349540565,-0.0029958439406712,0.00499500499500499
Old fish removed,Selectivity,0.5393187349540565,0.49729572277932577,0.00499500499500499
Old fish removed,Selectivity,0.5393187349540565,0.4205088691816432,0.00499500499500499
Old fish removed,Selectivity,0.5393187349540565,0.24407783478719225,0.00499500499500499
Old fish removed,Selectivity,0.5393187349540565,-0.0084052970188726,0.00499500499500499
Old fish removed,Selectivity,0.5393187349540565,-0.03198989578189604,0.00499500499500499
Old fish removed,Selectivity,0.5393187349540565,0.3648322618296612,0.00499500499500499
Old fish removed,Selectivity,0.5393187349540565,0.1616838256002422,0.00499500499500499
Old fish removed,Selectivity,0.5393187349540565,0.27934299164219256,0.00499500499500499
Old fish removed,Selectivity,0.5393187349540565,0.5556039342428568,0.00499500499500499
Old fish removed,Selectivity,0.5393187349540565,0.21512286549568105,0.00499500499500499
Old fish removed,Selectivity,0.5393187349540565,0.11235992295944564,0.00499500499500499
Old fish removed,Selectivity,0.5393187349540565,0.13676903596932433,0.00499500499500499
Old fish removed,Selectivity,0.5393187349540565,0.32370377139970163,0.00499500499500499
Old fish removed,Selectivity,0.5393187349540565,-0.06359142567130571,0.00499500499500499
Old fish removed,Selectivity,0.5393187349540565,0.15065589436977866,0.00499500499500499
Old fish removed,Selectivity,0.5393187349540565,0.14098766979754995,0.00499500499500499
Old fish removed,Selectivity,0.5393187349540565,0.06993066833029538,0.00499500499500499
Old fish removed,Selectivity,0.5393187349540565,-0.04600252977120545,0.00499500499500499
Old fish removed,Selectivity,0.5393187349540565,0.0394888211510489,0.00499500499500499
Old fish removed,Selectivity,0.5393187349540565,-0.1067161210611134,0.00499500499500499
Old fish removed,Selectivity,0.5393187349540565,0.10080600042771248,0.00499500499500499
Old fish removed,Selectivity,0.5393187349540565,0.16641643201737377,0.00499500499500499
Old fish removed,Selectivity,0.5393187349540565,0.18088730042947676,0.00499500499500499
Old fish removed,Selectivity,0.5393187349540565,0.31915110329787966,0.00499500499500499
Old fish removed,Selectivity,0.5393187349540565,0.02921244150358826,0.00499500499500499
Old fish removed,Selectivity,0.5393187349540565,0.16369040202813423,0.00499500499500499
Old fish removed,Selectivity,0.5393187349540565,-0.03235410644131931,0.00499500499500499
Old fish removed,Selectivity,0.5393187349540565,0.1884770636892927,0.00499500499500499
Old fish removed,Selectivity,0.5393187349540565,0.13166850398742502,0.00499500499500499
Old fish removed,Selectivity,0.5393187349540565,-0.04600252977120545,0.00499500499500499
Old fish removed,Selectivity,0.5393187349540565,0.06150049217384645,0.00499500499500499
Old fish removed,Selectivity,0.5393187349540565,0.04927514849084191,0.00499500499500499
Old fish removed,Selectivity,0.5393187349540565,-0.0676767762484356,0.00499500499500499
Old fish removed,Selectivity,0.5393187349540565,0.2179354083662437,0.00499500499500499
Old fish removed,Selectivity,0.5393187349540565,-0.06915970136691851,0.00499500499500499
Old fish removed,Selectivity,0.5393187349540565,0.1920047539873793,0.00499500499500499
Old fish removed,Selectivity,0.5393187349540565,0.18893482031361689,0.00499500499500499
Old fish removed,Selectivity,0.5393187349540565,0.05482303665523236,0.00499500499500499
Old fish removed,Selectivity,0.5393187349540565,0.1001616087051761,0.00499500499500499
Old fish removed,Selectivity,0.5393187349540565,0.13292187692593216,0.00499500499500499
Old fish removed,Selectivity,0.5393187349540565,0.16369040202813423,0.00499500499500499
Old fish removed,Selectivity,0.5393187349540565,0.16461301400815975,0.00499500499500499
Old fish removed,Selectivity,0.5393187349540565,0.19133318029845836,0.00499500499500499
Old fish removed,Selectivity,0.5393187349540565,-0.00963433963039861,0.00499500499500499
Old fish removed,Selectivity,0.5393187349540565,0.4071913269414247,0.00499500499500499
Old fish removed,Selectivity,0.5393187349540565,0.23645822941901729,0.00499500499500499
Old fish removed,Selectivity,0.5393187349540565,0.15065589436977866,0.00499500499500499
Old fish removed,Selectivity,0.5393187349540565,0.31967299092466916,0.00499500499500499
Old fish removed,Selectivity,0.5393187349540565,0.2012567838357694,0.00499500499500499
Old fish removed,Selectivity,0.5393187349540565,0.32967802947169655,0.00499500499500499
Old fish removed,Selectivity,0.5393187349540565,0.10430501344952324,0.00499500499500499
Old fish removed,Selectivity,0.5393187349540565,0.0868122651087272,0.00499500499500499
Old fish removed,Selectivity,0.5393187349540565,0.4615729960049315,0.00499500499500499
Old fish removed,Selectivity,0.5393187349540565,0.30540201484974605,0.00499500499500499
Old fish removed,Selectivity,0.5393187349540565,0.01596150447390698,0.00499500499500499
Old fish removed,Selectivity,0.5393187349540565,0.0918673060361328,0.00499500499500499
Old fish removed,Selectivity,0.5393187349540565,0.23334514441029997,0.00499500499500499
Old fish removed,Selectivity,0.5393187349540565,0.1823815452530184,0.00499500499500499
Old fish removed,Selectivity,0.5393187349540565,0.08606350799784968,0.00499500499500499
Old fish removed,Selectivity,0.5393187349540565,0.3732165861084201,0.00499500499500499
Old fish removed,Selectivity,0.5393187349540565,-0.0658778842353347,0.00499500499500499
Old fish removed,Selectivity,0.5393187349540565,-0.01056045159780105,0.00499500499500499
Old fish removed,Selectivity,0.5393187349540565,0.5422930127262038,0.00499500499500499
Old fish removed,Selectivity,0.5393187349540565,0.49967739632986463,0.00499500499500499
Old fish removed,Selectivity,0.5393187349540565,0.18372941384556415,0.00499500499500499
Old fish removed,Selectivity,0.5393187349540565,0.24269537740837976,0.00499500499500499
Old fish removed,Selectivity,0.5393187349540565,0.4071913269414247,0.00499500499500499
Old fish removed,Selectivity,0.5393187349540565,0.10080600042771248,0.00499500499500499
Old fish removed,Selectivity,0.5393187349540565,-0.00522586686457371,0.00499500499500499
Old fish removed,Selectivity,0.5393187349540565,0.15208393373876794,0.00499500499500499
Old fish removed,Selectivity,0.5393187349540565,0.14489934916837,0.00499500499500499
Old fish removed,Selectivity,0.5393187349540565,-0.04471761037762167,0.00499500499500499
Old fish removed,Selectivity,0.5393187349540565,0.17308887267367912,0.00499500499500499
Old fish removed,Selectivity,0.5393187349540565,0.07864463194372318,0.00499500499500499
Old fish removed,Selectivity,0.5393187349540565,0.5436919160024853,0.00499500499500499
Old fish removed,Selectivity,0.5393187349540565,0.08180533408089563,0.00499500499500499
Old fish removed,Selectivity,0.5393187349540565,-0.18414404168895415,0.00499500499500499
Old fish removed,Selectivity,0.5393187349540565,0.06537721912587335,0.00499500499500499
Old fish removed,Selectivity,0.5393187349540565,0.03321521215702539,0.00499500499500499
Old fish removed,Selectivity,0.5393187349540565,0.4380820053585949,0.00499500499500499
Old fish removed,Selectivity,0.5393187349540565,0.04927514849084191,0.00499500499500499
Old fish removed,Selectivity,0.5393187349540565,0.3674893648012255,0.00499500499500499
Old fish removed,Selectivity,0.5393187349540565,0.3165124879529485,0.00499500499500499
Old fish removed,Selectivity,0.5393187349540565,-0.2552012386581184,0.00499500499500499
Old fish removed,Selectivity,0.5393187349540565,0.09972776876438372,0.00499500499500499
Old fish removed,Selectivity,0.5393187349540565,0.1928294657784303,0.00499500499500499
Old fish removed,Selectivity,0.5393187349540565,0.04043225659147609,0.00499500499500499
Old fish removed,Selectivity,0.5393187349540565,0.14066383749028857,0.00499500499500499
Old fish removed,Selectivity,0.5393187349540565,0.3784422075240973,0.00499500499500499
Old fish removed,Selectivity,0.5393187349540565,0.3969650907540488,0.00499500499500499
Old fish removed,Selectivity,0.5393187349540565,0.08180533408089563,0.00499500499500499
Old fish removed,Selectivity,0.5393187349540565,0.21082613938809813,0.00499500499500499
Old fish removed,Selectivity,0.5393187349540565,-0.01199768117656452,0.00499500499500499
Old fish removed,Selectivity,0.5393187349540565,0.05105763385540407,0.00499500499500499
Old fish removed,Selectivity,0.5393187349540565,0.20152981432960293,0.00499500499500499
Old fish removed,Selectivity,0.5393187349540565,0.520834806121328,0.00499500499500499
Old fish removed,Selectivity,0.5393187349540565,0.10936064675110202,0.00499500499500499
Old fish removed,Selectivity,0.5393187349540565,0.16562851400842704,0.00499500499500499
Old fish removed,Selectivity,0.5393187349540565,0.36317412060607845,0.00499500499500499
Old fish removed,Selectivity,0.5393187349540565,0.23138138469544833,0.00499500499500499
Old fish removed,Selectivity,0.5393187349540565,0.0904398761900409,0.00499500499500499
Old fish removed,Selectivity,0.5393187349540565,0.1551021833386762,0.00499500499500499
Old fish removed,Selectivity,0.5393187349540565,-0.06915970136691851,0.00499500499500499
Old fish removed,Selectivity,0.5393187349540565,0.18352795156309296,0.00499500499500499
Old fish removed,Selectivity,0.5393187349540565,0.31373898055973115,0.00499500499500499
Old fish removed,Selectivity,0.5393187349540565,0.01885257919336114,0.00499500499500499
Old fish removed,Selectivity,0.5393187349540565,0.5019839450701393,0.00499500499500499
Old fish removed,Selectivity,0.5393187349540565,0.07661861511440737,0.00499500499500499
Old fish removed,Selectivity,0.5393187349540565,-0.2204238339068434,0.00499500499500499
Old fish removed,Selectivity,0.5393187349540565,0.3642052542733649,0.00499500499500499
Old fish removed,Selectivity,0.5393187349540565,-0.0067871731339939,0.00499500499500499
Old fish removed,Selectivity,0.5393187349540565,0.24496588007828035,0.00499500499500499
Old fish removed,Selectivity,0.5393187349540565,0.4161884187629604,0.00499500499500499
Old fish removed,Selectivity,0.5393187349540565,0.20152981432960293,0.00499500499500499
Old fish removed,Selectivity,0.5393187349540565,0.0926836344928933,0.00499500499500499
Old fish removed,Selectivity,0.5393187349540565,0.02317220712361678,0.00499500499500499
Old fish removed,Selectivity,0.5393187349540565,0.06846238979036323,0.00499500499500499
Old fish removed,Selectivity,0.5393187349540565,0.4106937689283061,0.00499500499500499
Old fish removed,Selectivity,0.5393187349540565,0.37322548613307394,0.00499500499500499
Old fish removed,Selectivity,0.5393187349540565,0.11744430038235654,0.00499500499500499
Old fish removed,Selectivity,0.5393187349540565,0.13594269465076902,0.00499500499500499
Old fish removed,Selectivity,0.5393187349540565,0.17588966270541206,0.00499500499500499
Old fish removed,Selectivity,0.5393187349540565,0.02606818580286385,0.00499500499500499
Old fish removed,Selectivity,0.5393187349540565,0.07124813439162803,0.00499500499500499
Old fish removed,Selectivity,0.5393187349540565,0.11968963536640054,0.00499500499500499
Old fish removed,Selectivity,0.5393187349540565,0.23157101808656455,0.00499500499500499
Old fish removed,Selectivity,0.5393187349540565,0.10529009876843576,0.00499500499500499
Old fish removed,Selectivity,0.5393187349540565,0.34167072686302846,0.00499500499500499
Old fish removed,Selectivity,0.5393187349540565,0.07521286160476215,0.00499500499500499
Old fish removed,Selectivity,0.5393187349540565,0.5179421341539082,0.00499500499500499
Old fish removed,Selectivity,0.5393187349540565,0.17308887267367912,0.00499500499500499
Old fish removed,Selectivity,0.5393187349540565,0.08411002861254913,0.00499500499500499
Old fish removed,Selectivity,0.5393187349540565,0.3642052542733649,0.00499500499500499
Old fish removed,Selectivity,0.5393187349540565,0.3494924702568979,0.00499500499500499
Old fish removed,Selectivity,0.5393187349540565,0.19739468397715787,0.00499500499500499
Old fish removed,Selectivity,0.5393187349540565,0.4033590648817065,0.00499500499500499
Old fish removed,Selectivity,0.5393187349540565,0.14066383749028857,0.00499500499500499
Old fish removed,Selectivity,0.5393187349540565,0.4909561026319712,0.00499500499500499
Old fish removed,Selectivity,0.5393187349540565,0.0868122651087272,0.00499500499500499
Old fish removed,Selectivity,0.5393187349540565,0.10823533872212077,0.00499500499500499
Old fish removed,Selectivity,0.5393187349540565,-0.02127566861590213,0.00499500499500499
Old fish removed,Selectivity,0.5393187349540565,0.00338136160717628,0.00499500499500499
Old fish removed,Selectivity,0.5393187349540565,0.15154367267668012,0.00499500499500499
Old fish removed,Selectivity,0.5393187349540565,0.05661104714048404,0.00499500499500499
Old fish removed,Selectivity,0.5393187349540565,0.4392334350110122,0.00499500499500499
Old fish removed,Selectivity,0.5393187349540565,0.2179354083662437,0.00499500499500499
Old fish removed,Selectivity,0.5393187349540565,0.1079060055756682,0.00499500499500499
Old fish removed,Selectivity,0.5393187349540565,0.16831588406763154,0.00499500499500499
Old fish removed,Selectivity,0.5393187349540565,-0.08525219823460928,0.00499500499500499
Old fish removed,Selectivity,0.5393187349540565,-0.17302219790466755,0.00499500499500499
Old fish removed,Selectivity,0.5393187349540565,-0.12207294036401016,0.00499500499500499
Old fish removed,Selectivity,0.5393187349540565,0.0765133622852262,0.00499500499500499
Old fish removed,Selectivity,0.5393187349540565,0.2669838109077022,0.00499500499500499
Old fish removed,Selectivity,0.5393187349540565,0.07574726536232745,0.00499500499500499
Old fish removed,Selectivity,0.5393187349540565,0.17909153331323746,0.00499500499500499
Old fish removed,Selectivity,0.5393187349540565,0.4071913269414247,0.00499500499500499
Old fish removed,Selectivity,0.5393187349540565,-0.02004202748963512,0.00499500499500499
Old fish removed,Selectivity,0.5393187349540565,0.196871522958204,0.00499500499500499
Old fish removed,Selectivity,0.5393187349540565,0.39920014345441845,0.00499500499500499
Old fish removed,Selectivity,0.5393187349540565,0.13650391099320003,0.00499500499500499
Old fish removed,Selectivity,0.5393187349540565,0.2357810107991094,0.00499500499500499
Old fish removed,Selectivity,0.5393187349540565,0.23329843663550132,0.00499500499500499
Old fish removed,Selectivity,0.5393187349540565,0.3685374836505054,0.00499500499500499
Old fish removed,Selectivity,0.5393187349540565,0.1616838256002422,0.00499500499500499
Old fish removed,Selectivity,0.5393187349540565,0.3996543781181427,0.00499500499500499
Old fish removed,Selectivity,0.5393187349540565,0.05057638173920009,0.00499500499500499
Old fish removed,Selectivity,0.5393187349540565,0.0816404864591993,0.00499500499500499
Old fish removed,Selectivity,0.5393187349540565,0.34612270986438465,0.00499500499500499
Old fish removed,Selectivity,0.5393187349540565,0.1105677573651147,0.00499500499500499
Old fish removed,Selectivity,0.5393187349540565,0.3204587008397989,0.00499500499500499
Old fish removed,Selectivity,0.5393187349540565,0.0181007923572698,0.00499500499500499
Old fish removed,Selectivity,0.5393187349540565,0.4335284085936759,0.00499500499500499
Old fish removed,Selectivity,0.5393187349540565,0.4127851564669131,0.00499500499500499
Old fish removed,Selectivity,0.5393187349540565,0.11195842508900256,0.00499500499500499
Old fish removed,Selectivity,0.5393187349540565,-0.13504879191185615,0.00499500499500499
Old fish removed,Selectivity,0.5393187349540565,0.3736900101513607,0.00499500499500499
Old fish removed,Selectivity,0.5393187349540565,-0.08525219823460928,0.00499500499500499
Old fish removed,Selectivity,0.5393187349540565,0.10323347236874492,0.00499500499500499
Old fish removed,Selectivity,0.5393187349540565,-0.0658778842353347,0.00499500499500499
Old fish removed,Selectivity,0.5393187349540565,0.29719980311174665,0.00499500499500499
Old fish removed,Selectivity,0.5393187349540565,-0.04702085600051742,0.00499500499500499
Old fish removed,Selectivity,0.5393187349540565,0.2843995817847754,0.00499500499500499
Old fish removed,Selectivity,0.5393187349540565,0.35899142270847484,0.00499500499500499
Old fish removed,Selectivity,0.5393187349540565,0.21820362198858576,0.00499500499500499
Old fish removed,Selectivity,0.5393187349540565,0.00382376382299054,0.00499500499500499
Old fish removed,Selectivity,0.5393187349540565,0.3850894238474497,0.00499500499500499
Old fish removed,Selectivity,0.5393187349540565,0.3206309543705933,0.00499500499500499
Old fish removed,Selectivity,0.5393187349540565,0.13779491699757718,0.00499500499500499
Old fish removed,Selectivity,0.5393187349540565,0.11195842508900256,0.00499500499500499
Old fish removed,Selectivity,0.5393187349540565,0.47922428216416046,0.00499500499500499
Old fish removed,Selectivity,0.5393187349540565,0.3330190014923422,0.00499500499500499
Old fish removed,Selectivity,0.5393187349540565,-0.04399462855993907,0.00499500499500499
Old fish removed,Selectivity,0.5393187349540565,0.08739531499097786,0.00499500499500499
Old fish removed,Selectivity,0.5393187349540565,0.1967364968991092,0.00499500499500499
Old fish removed,Selectivity,0.5393187349540565,-0.03235410644131931,0.00499500499500499
Old fish removed,Selectivity,0.5393187349540565,0.20664205276681305,0.00499500499500499
Old fish removed,Selectivity,0.5393187349540565,0.05198349572985883,0.00499500499500499
Old fish removed,Selectivity,0.5393187349540565,0.1932538890750384,0.00499500499500499
Old fish removed,Selectivity,0.5393187349540565,0.06075727258618313,0.00499500499500499
Old fish removed,Selectivity,0.5393187349540565,0.38519648352951097,0.00499500499500499
Old fish removed,Selectivity,0.5393187349540565,0.24407783478719225,0.00499500499500499
Old fish removed,Selectivity,0.5393187349540565,0.0918843235597735,0.00499500499500499
Old fish removed,Selectivity,0.5393187349540565,0.07896576561086577,0.00499500499500499
Old fish removed,Selectivity,0.5393187349540565,0.16831588406763154,0.00499500499500499
Old fish removed,Selectivity,0.5393187349540565,0.068933426743778,0.00499500499500499
Old fish removed,Selectivity,0.5393187349540565,0.5033468682493556,0.00499500499500499
Old fish removed,Selectivity,0.5393187349540565,0.24496588007828035,0.00499500499500499
Old fish removed,Selectivity,0.5393187349540565,0.09081138654161292,0.00499500499500499
Old fish removed,Selectivity,0.5393187349540565,0.04924500717060232,0.00499500499500499
Old fish removed,Selectivity,0.5393187349540565,0.14448416547284337,0.00499500499500499
Old fish removed,Selectivity,0.5393187349540565,0.4162214120464157,0.00499500499500499
Old fish removed,Selectivity,0.5393187349540565,-0.03235410644131931,0.00499500499500499
Old fish removed,Selectivity,0.5393187349540565,0.02464817288405429,0.00499500499500499
Old fish removed,Selectivity,0.5393187349540565,0.18254802355948815,0.00499500499500499
Old fish removed,Selectivity,0.5393187349540565,-0.03235410644131931,0.00499500499500499
Old fish removed,Selectivity,0.5393187349540565,0.0356999501740114,0.00499500499500499
Old fish removed,Selectivity,0.5393187349540565,0.37578367756614123,0.00499500499500499
Old fish removed,Selectivity,0.5393187349540565,0.07064961901550249,0.00499500499500499
Old fish removed,Selectivity,0.5393187349540565,0.5286692908127472,0.00499500499500499
Old fish removed,Selectivity,0.5393187349540565,0.04290137083068268,0.00499500499500499
Old fish removed,Selectivity,0.5393187349540565,0.05653643724118984,0.00499500499500499
Old fish removed,Selectivity,0.5393187349540565,0.29616933159609304,0.00499500499500499
Old fish removed,Selectivity,0.5393187349540565,0.04580048721412355,0.00499500499500499
Old fish removed,Selectivity,0.5393187349540565,0.1786162784406803,0.00499500499500499
Old fish removed,Selectivity,0.5393187349540565,0.12126943443694548,0.00499500499500499
Old fish removed,Selectivity,0.5393187349540565,-0.01056045159780105,0.00499500499500499
Old fish removed,Selectivity,0.5393187349540565,-0.11378029909141252,0.00499500499500499
Old fish removed,Selectivity,0.5393187349540565,0.1953295637146212,0.00499500499500499
Old fish removed,Selectivity,0.5393187349540565,0.19885569899076683,0.00499500499500499
Old fish removed,Selectivity,0.5393187349540565,-0.0979627432984358,0.00499500499500499
Old fish removed,Selectivity,0.5393187349540565,0.09081138654161292,0.00499500499500499
Old fish removed,Selectivity,0.5393187349540565,0.03993663891708032,0.00499500499500499
Old fish removed,Selectivity,0.5393187349540565,0.17917854203488937,0.00499500499500499
Old fish removed,Selectivity,0.5393187349540565,0.4805438845130634,0.00499500499500499
Old fish removed,Selectivity,0.5393187349540565,-0.03235410644131931,0.00499500499500499
Old fish removed,Selectivity,0.5393187349540565,0.13948976057951623,0.00499500499500499
Old fish removed,Selectivity,0.5393187349540565,0.20434260501349488,0.00499500499500499
Old fish removed,Selectivity,0.5393187349540565,0.16781085348721758,0.00499500499500499
Old fish removed,Selectivity,0.5393187349540565,0.41836837630605617,0.00499500499500499
Old fish removed,Selectivity,0.5393187349540565,0.19661656714911724,0.00499500499500499
Old fish removed,Selectivity,0.5393187349540565,0.19885569899076683,0.00499500499500499
Old fish removed,Selectivity,0.5393187349540565,0.08043616386805774,0.00499500499500499
Old fish removed,Selectivity,0.5393187349540565,0.08869001165270307,0.00499500499500499
Old fish removed,Selectivity,0.5393187349540565,0.07661861511440737,0.00499500499500499
Old fish removed,Selectivity,0.5393187349540565,0.3792845270658559,0.00499500499500499
Old fish removed,Selectivity,0.5393187349540565,0.03920661846836637,0.00499500499500499
Old fish removed,Selectivity,0.5393187349540565,0.1914889613886407,0.00499500499500499
Old fish removed,Selectivity,0.5393187349540565,0.1786162784406803,0.00499500499500499
Old fish removed,Selectivity,0.5393187349540565,0.0850137024600427,0.00499500499500499
Old fish removed,Selectivity,0.5393187349540565,0.34738161939738676,0.00499500499500499
Old fish removed,Selectivity,0.5393187349540565,-0.11861039760712644,0.00499500499500499
Old fish removed,Selectivity,0.5393187349540565,0.38611296152934527,0.00499500499500499
Old fish removed,Selectivity,0.5393187349540565,-0.1137883006351086,0.00499500499500499
Old fish removed,Selectivity,0.5393187349540565,0.05283775602902885,0.00499500499500499
Old fish removed,Selectivity,0.5393187349540565,0.04977550843159761,0.00499500499500499
Old fish removed,Selectivity,0.5393187349540565,0.01086775011573337,0.00499500499500499
Old fish removed,Selectivity,0.5393187349540565,0.4850197922368539,0.00499500499500499
Old fish removed,Selectivity,0.5393187349540565,0.2812975952158706,0.00499500499500499
Old fish removed,Selectivity,0.5393187349540565,0.2812975952158706,0.00499500499500499
Old fish removed,Selectivity,0.5393187349540565,-0.1562477991920932,0.00499500499500499
Old fish removed,Selectivity,0.5393187349540565,0.24807115943493377,0.00499500499500499
Old fish removed,Selectivity,0.5393187349540565,0.1914889613886407,0.00499500499500499
Old fish removed,Selectivity,0.5393187349540565,0.42931988113858366,0.00499500499500499
Old fish removed,Selectivity,0.5393187349540565,0.1884770636892927,0.00499500499500499
Old fish removed,Selectivity,0.5393187349540565,-0.2989601457429918,0.00499500499500499
Old fish removed,Selectivity,0.5393187349540565,0.10823533872212077,0.00499500499500499
Old fish removed,Selectivity,0.5393187349540565,-0.00244277714102492,0.00499500499500499
Old fish removed,Selectivity,0.5393187349540565,0.07021609794218953,0.00499500499500499
Old fish removed,Selectivity,0.5393187349540565,0.13650391099320003,0.00499500499500499
Old fish removed,Selectivity,0.5393187349540565,0.5127481300918975,0.00499500499500499
Old fish removed,Selectivity,0.5393187349540565,0.12975503369924946,0.00499500499500499
Old fish removed,Selectivity,0.5393187349540565,0.16641643201737377,0.00499500499500499
Old fish removed,Selectivity,0.5393187349540565,0.14258658598890528,0.00499500499500499
Old fish removed,Selectivity,0.5393187349540565,0.49967739632986463,0.00499500499500499
Old fish removed,Selectivity,0.5393187349540565,0.03123376861564009,0.00499500499500499
Old fish removed,Selectivity,0.5393187349540565,0.06150049217384645,0.00499500499500499
Old fish removed,Selectivity,0.5393187349540565,0.00511714080688918,0.00499500499500499
Old fish removed,Selectivity,0.5393187349540565,0.4938957678900292,0.00499500499500499
Old fish removed,Selectivity,0.5393187349540565,0.22129658306414268,0.00499500499500499
Old fish removed,Selectivity,0.5393187349540565,0.4270984484974919,0.00499500499500499
Old fish removed,Selectivity,0.5393187349540565,0.463137302521096,0.00499500499500499
Old fish removed,Selectivity,0.5393187349540565,0.19661656714911724,0.00499500499500499
Old fish removed,Selectivity,0.5393187349540565,-0.09763467098453105,0.00499500499500499
Old fish removed,Selectivity,0.5393187349540565,0.2906032552131703,0.00499500499500499
Old fish removed,Selectivity,0.5393187349540565,0.42338557378350306,0.00499500499500499
Old fish removed,Selectivity,0.5393187349540565,0.12163661572796958,0.00499500499500499
Old fish removed,Selectivity,0.5393187349540565,0.09248607752597372,0.00499500499500499
Old fish removed,Selectivity,0.5393187349540565,0.2561473523130129,0.00499500499500499
Old fish removed,Selectivity,0.5393187349540565,0.0962298004986788,0.00499500499500499
Old fish removed,Selectivity,0.5393187349540565,0.04723030937121075,0.00499500499500499
Old fish removed,Selectivity,0.5393187349540565,0.20840327362942537,0.00499500499500499
Old fish removed,Selectivity,0.5393187349540565,0.12126943443694548,0.00499500499500499
Old fish removed,Selectivity,0.5393187349540565,0.0904398761900409,0.00499500499500499
Old fish removed,Selectivity,0.5393187349540565,0.03967094463949849,0.00499500499500499
Old fish removed,Selectivity,0.5393187349540565,0.0499751487109491,0.00499500499500499
Old fish removed,Selectivity,0.5393187349540565,-0.01199768117656452,0.00499500499500499
Old fish removed,Selectivity,0.5393187349540565,0.42070678755778046,0.00499500499500499
Old fish removed,Selectivity,0.5393187349540565,0.4404421094200761,0.00499500499500499
Old fish removed,Selectivity,0.5393187349540565,0.02699005347609673,0.00499500499500499
Old fish removed,Selectivity,0.5393187349540565,0.5042959239141793,0.00499500499500499
Old fish removed,Selectivity,0.5393187349540565,0.3642052542733649,0.00499500499500499
Old fish removed,Selectivity,0.5393187349540565,0.2761815065569554,0.00499500499500499
Old fish removed,Selectivity,0.5393187349540565,0.4041173725362696,0.00499500499500499
Old fish removed,Selectivity,0.5393187349540565,0.4451581713429104,0.00499500499500499
Old fish removed,Selectivity,0.5393187349540565,0.3472061442603611,0.00499500499500499
Old fish removed,Selectivity,0.5393187349540565,0.12346905429193022,0.00499500499500499
Old fish removed,Selectivity,0.5393187349540565,-0.0395360302568355,0.00499500499500499
Old fish removed,Selectivity,0.5393187349540565,0.26202995899472814,0.00499500499500499
Old fish removed,Selectivity,0.5393187349540565,0.33299297190786736,0.00499500499500499
Old fish removed,Selectivity,0.5393187349540565,-0.07277896072295031,0.00499500499500499
Old fish removed,Selectivity,0.5393187349540565,0.02136864760293133,0.00499500499500499
Old fish removed,Selectivity,0.5393187349540565,-0.00177673182856019,0.00499500499500499
Old fish removed,Selectivity,0.5393187349540565,0.08371937346531388,0.00499500499500499
Old fish removed,Selectivity,0.5393187349540565,0.3118460131634482,0.00499500499500499
Old fish removed,Selectivity,0.5393187349540565,0.3406126907205176,0.00499500499500499
Old fish removed,Selectivity,0.5393187349540565,0.31967299092466916,0.00499500499500499
Old fish removed,Selectivity,0.5393187349540565,0.35079185178940275,0.00499500499500499
Old fish removed,Selectivity,0.5393187349540565,0.4768242220022386,0.00499500499500499
Old fish removed,Selectivity,0.5393187349540565,-0.01254372607168452,0.00499500499500499
Old fish removed,Selectivity,0.5393187349540565,0.03393651660035346,0.00499500499500499
Old fish removed,Selectivity,0.5393187349540565,-0.00829823872482937,0.00499500499500499
Old fish removed,Selectivity,0.5393187349540565,0.03990578668824507,0.00499500499500499
Old fish removed,Selectivity,0.5393187349540565,0.4197640523163671,0.00499500499500499
Old fish removed,Selectivity,0.5393187349540565,0.18126590671670917,0.00499500499500499
Old fish removed,Selectivity,0.5393187349540565,0.06009996060489608,0.00499500499500499
Old fish removed,Selectivity,0.5393187349540565,0.05075394885912709,0.00499500499500499
Old fish removed,Selectivity,0.5393187349540565,0.09384588175846388,0.00499500499500499
Old fish removed,Selectivity,0.5393187349540565,0.00338136160717628,0.00499500499500499
Old fish removed,Selectivity,0.5393187349540565,0.3165124879529485,0.00499500499500499
Old fish removed,Selectivity,0.5393187349540565,0.28372461836887464,0.00499500499500499
Old fish removed,Selectivity,0.5393187349540565,0.32841303846073444,0.00499500499500499
Old fish removed,Selectivity,0.5393187349540565,-0.00963559481944686,0.00499500499500499
Old fish removed,Selectivity,0.5393187349540565,0.00587620938510746,0.00499500499500499
Old fish removed,Selectivity,0.5393187349540565,0.23974756571125955,0.00499500499500499
Old fish removed,Selectivity,0.5393187349540565,0.04775816707369174,0.00499500499500499
Old fish removed,Selectivity,0.5393187349540565,0.02464817288405429,0.00499500499500499
Old fish removed,Selectivity,0.5393187349540565,0.410252703102408,0.00499500499500499
Old fish removed,Selectivity,0.5393187349540565,-0.21957423798933529,0.00499500499500499
Old fish removed,Selectivity,0.5393187349540565,0.05121568808919818,0.00499500499500499
Old fish removed,Selectivity,0.5393187349540565,0.34738161939738676,0.00499500499500499
Old fish removed,Selectivity,0.5393187349540565,0.24126969882718183,0.00499500499500499
Old fish removed,Selectivity,0.5393187349540565,0.04977550843159761,0.00499500499500499
Old fish removed,Selectivity,0.5393187349540565,0.1614879895396868,0.00499500499500499
Old fish removed,Selectivity,0.5393187349540565,0.18352795156309296,0.00499500499500499
Old fish removed,Selectivity,0.5393187349540565,-0.00803612493964967,0.00499500499500499
Old fish removed,Selectivity,0.5393187349540565,0.0868122651087272,0.00499500499500499
Old fish removed,Selectivity,0.5393187349540565,0.513058669380341,0.00499500499500499
Old fish removed,Selectivity,0.5393187349540565,0.5073819122445422,0.00499500499500499
Old fish removed,Selectivity,0.5393187349540565,0.2077030075161677,0.00499500499500499
Old fish removed,Selectivity,0.5393187349540565,-0.08525219823460928,0.00499500499500499
Old fish removed,Selectivity,0.5393187349540565,0.02544030509008366,0.00499500499500499
Old fish removed,Selectivity,0.5393187349540565,0.21549097086650515,0.00499500499500499
Old fish removed,Selectivity,0.5393187349540565,0.05354231524869468,0.00499500499500499
Old fish removed,Selectivity,0.5393187349540565,0.16075478950279365,0.00499500499500499
Old fish removed,Selectivity,0.5393187349540565,0.08822106283076159,0.00499500499500499
Old fish removed,Selectivity,0.5393187349540565,0.1079951953449564,0.00499500499500499
Old fish removed,Selectivity,0.5393187349540565,0.15810613594415512,0.00499500499500499
Old fish removed,Selectivity,0.5393187349540565,0.1015991423468532,0.00499500499500499
Old fish removed,Selectivity,0.5393187349540565,0.09126617652189284,0.00499500499500499
Old fish removed,Selectivity,0.5393187349540565,0.03920661846836637,0.00499500499500499
Old fish removed,Selectivity,0.5393187349540565,0.00555515373712289,0.00499500499500499
Old fish removed,Selectivity,0.5393187349540565,0.10752306421153413,0.00499500499500499
Old fish removed,Selectivity,0.5393187349540565,0.1651926659066374,0.00499500499500499
Old fish removed,Selectivity,0.5393187349540565,-0.0029958439406712,0.00499500499500499
Old fish removed,Selectivity,0.5393187349540565,0.4705787147686622,0.00499500499500499
Old fish removed,Selectivity,0.5393187349540565,-0.03198989578189604,0.00499500499500499
Old fish removed,Selectivity,0.5393187349540565,0.1810317549126158,0.00499500499500499
Old fish removed,Selectivity,0.5393187349540565,0.42641274979791943,0.00499500499500499
Old fish removed,Selectivity,0.5393187349540565,0.05105763385540407,0.00499500499500499
Old fish removed,Selectivity,0.5393187349540565,0.07674197512968794,0.00499500499500499
Old fish removed,Selectivity,0.5393187349540565,0.18183173770096017,0.00499500499500499
Old fish removed,Selectivity,0.5393187349540565,0.17884673872291423,0.00499500499500499
Old fish removed,Selectivity,0.5393187349540565,-0.04448449392342346,0.00499500499500499
Old fish removed,Selectivity,0.5393187349540565,0.2830894495303613,0.00499500499500499
Old fish removed,Selectivity,0.5393187349540565,0.02544030509008366,0.00499500499500499
Old fish removed,Selectivity,0.5393187349540565,0.4127764750498575,0.00499500499500499
Old fish removed,Selectivity,0.5393187349540565,0.04885311142808501,0.00499500499500499
Old fish removed,Selectivity,0.5393187349540565,-0.08806087159748976,0.00499500499500499
Old fish removed,Selectivity,0.5393187349540565,0.18489281659113233,0.00499500499500499
Old fish removed,Selectivity,0.5393187349540565,-0.08771653606381036,0.00499500499500499
Old fish removed,Selectivity,0.5393187349540565,0.20829369921548513,0.00499500499500499
Old fish removed,Selectivity,0.5393187349540565,-0.0658778842353347,0.00499500499500499
Old fish removed,Selectivity,0.5393187349540565,-0.1821947231163852,0.00499500499500499
Old fish removed,Selectivity,0.5393187349540565,0.2929943411091058,0.00499500499500499
Old fish removed,Selectivity,0.5393187349540565,0.16369040202813423,0.00499500499500499
Old fish removed,Selectivity,0.5393187349540565,0.1953295637146212,0.00499500499500499
Old fish removed,Selectivity,0.5393187349540565,0.09837788697180538,0.00499500499500499
Old fish removed,Selectivity,0.5393187349540565,-0.02990544894240598,0.00499500499500499
Old fish removed,Selectivity,0.5393187349540565,-0.15890235878437742,0.00499500499500499
Old fish removed,Selectivity,0.5393187349540565,0.21747794789708577,0.00499500499500499
Old fish removed,Selectivity,0.5393187349540565,0.5051725302133683,0.00499500499500499
Old fish removed,Selectivity,0.5393187349540565,0.5556039342428568,0.00499500499500499
Old fish removed,Selectivity,0.5393187349540565,-0.19446619731251305,0.00499500499500499
Old fish removed,Selectivity,0.5393187349540565,0.1950446919413552,0.00499500499500499
Old fish removed,Selectivity,0.5393187349540565,-0.21577097001157353,0.00499500499500499
Old fish removed,Selectivity,0.5393187349540565,0.5037202665939001,0.00499500499500499
Old fish removed,Selectivity,0.5393187349540565,0.34738161939738676,0.00499500499500499
Old fish removed,Selectivity,0.5393187349540565,0.47807660307304733,0.00499500499500499
Old fish removed,Selectivity,0.5393187349540565,0.1275801717869972,0.00499500499500499
Old fish removed,Selectivity,0.5393187349540565,0.02699005347609673,0.00499500499500499
Old fish removed,Selectivity,0.5393187349540565,0.03393651660035346,0.00499500499500499
Old fish removed,Selectivity,0.5393187349540565,0.19009190545408208,0.00499500499500499
Old fish removed,Selectivity,0.5393187349540565,0.34738161939738676,0.00499500499500499
Old fish removed,Selectivity,0.5393187349540565,0.02699005347609673,0.00499500499500499
Old fish removed,Selectivity,0.5393187349540565,0.513058669380341,0.00499500499500499
Old fish removed,Selectivity,0.5393187349540565,0.30540201484974605,0.00499500499500499
Old fish removed,Selectivity,0.5393187349540565,0.1978181016354156,0.00499500499500499
Old fish removed,Selectivity,0.5393187349540565,0.05105763385540407,0.00499500499500499
Old fish removed,Selectivity,0.5393187349540565,-0.11378029909141252,0.00499500499500499
Old fish removed,Selectivity,0.5393187349540565,0.5063959980017065,0.00499500499500499
Old fish removed,Selectivity,0.5393187349540565,-0.04803869987202902,0.00499500499500499
Old fish removed,Selectivity,0.5393187349540565,0.11639336951778843,0.00499500499500499
Old fish removed,Selectivity,0.5393187349540565,0.08149679308476954,0.00499500499500499
Old fish removed,Selectivity,0.5393187349540565,0.12846272968195294,0.00499500499500499
Old fish removed,Selectivity,0.5393187349540565,0.07174739655291229,0.00499500499500499
Old fish removed,Selectivity,0.5393187349540565,-0.2989601457429918,0.00499500499500499
Old fish removed,Selectivity,0.5393187349540565,0.33261568757322835,0.00499500499500499
Old fish removed,Selectivity,0.5393187349540565,0.19009190545408208,0.00499500499500499
Old fish removed,Selectivity,0.5393187349540565,0.0181007923572698,0.00499500499500499
Old fish removed,Selectivity,0.5393187349540565,0.513058669380341,0.00499500499500499
Old fish removed,Selectivity,0.5393187349540565,0.513058669380341,0.00499500499500499
Old fish removed,Selectivity,0.5393187349540565,0.1873840651869748,0.00499500499500499
Old fish removed,Selectivity,0.5393187349540565,0.4705787147686622,0.00499500499500499
Old fish removed,Selectivity,0.5393187349540565,0.15556201228169464,0.00499500499500499
Old fish removed,Selectivity,0.5393187349540565,0.1616838256002422,0.00499500499500499
Old fish removed,Selectivity,0.5393187349540565,0.1039125492895998,0.00499500499500499
Old fish removed,Selectivity,0.5393187349540565,0.09126617652189284,0.00499500499500499
Old fish removed,Selectivity,0.5393187349540565,0.23151067930663005,0.00499500499500499
Old fish removed,Selectivity,0.5393187349540565,-0.01030277124946588,0.00499500499500499
Old fish removed,Selectivity,0.5393187349540565,0.11347130054366283,0.00499500499500499
Old fish removed,Selectivity,0.5393187349540565,-0.01056045159780105,0.00499500499500499
Old fish removed,Selectivity,0.5393187349540565,0.18322137895912605,0.00499500499500499
Old fish removed,Selectivity,0.5393187349540565,0.38519648352951097,0.00499500499500499
Old fish removed,Selectivity,0.5393187349540565,0.1025213957608162,0.00499500499500499
Old fish removed,Selectivity,0.5393187349540565,0.08820888700186236,0.00499500499500499
Old fish removed,Selectivity,0.5393187349540565,0.2916075570307838,0.00499500499500499
Old fish removed,Selectivity,0.5393187349540565,0.3792845270658559,0.00499500499500499
Old fish removed,Selectivity,0.5393187349540565,0.13166850398742502,0.00499500499500499
Old fish removed,Selectivity,0.5393187349540565,0.14641516964765344,0.00499500499500499
Old fish removed,Selectivity,0.5393187349540565,0.05102764572020391,0.00499500499500499
Old fish removed,Selectivity,0.5393187349540565,0.15208393373876794,0.00499500499500499
Old fish removed,Selectivity,0.5393187349540565,0.18447650102096505,0.00499500499500499
Old fish removed,Selectivity,0.5393187349540565,0.46128068399239375,0.00499500499500499
Old fish removed,Selectivity,0.5393187349540565,0.08822106283076159,0.00499500499500499
Old fish removed,Selectivity,0.5393187349540565,-0.04164871700073824,0.00499500499500499
Old fish removed,Selectivity,0.5393187349540565,0.4379248547654516,0.00499500499500499
Old fish removed,Selectivity,0.5393187349540565,-0.02665946889793802,0.00499500499500499
Old fish removed,Selectivity,0.5393187349540565,-0.02936262814705759,0.00499500499500499
Old fish removed,Selectivity,0.5393187349540565,0.092987215855877,0.00499500499500499
Old fish removed,Selectivity,0.5393187349540565,0.09265963931839494,0.00499500499500499
Old fish removed,Selectivity,0.5393187349540565,0.05396865952227625,0.00499500499500499
Old fish removed,Selectivity,0.5393187349540565,0.04199836043147298,0.00499500499500499
Old fish removed,Selectivity,0.5393187349540565,0.14080624226709826,0.00499500499500499
Old fish removed,Selectivity,0.5393187349540565,0.0769890189635043,0.00499500499500499
Old fish removed,Selectivity,0.5393187349540565,0.03620433757269614,0.00499500499500499
Old fish removed,Selectivity,0.5393187349540565,-0.1305822860977719,0.00499500499500499
Old fish removed,Selectivity,0.5393187349540565,0.27934299164219256,0.00499500499500499
Old fish removed,Selectivity,0.5393187349540565,0.23641260335657863,0.00499500499500499
Old fish removed,Selectivity,0.5393187349540565,-0.02172963918497261,0.00499500499500499
Old fish removed,Selectivity,0.5393187349540565,0.4600873166949924,0.00499500499500499
Old fish removed,Selectivity,0.5393187349540565,0.1495410277504352,0.00499500499500499
Old fish removed,Selectivity,0.5393187349540565,0.4850197922368539,0.00499500499500499
Old fish removed,Selectivity,0.5393187349540565,0.1275801717869972,0.00499500499500499
Old fish removed,Selectivity,0.5393187349540565,0.4766127520291047,0.00499500499500499
Old fish removed,Selectivity,0.5393187349540565,0.06900316766552905,0.00499500499500499
Old fish removed,Selectivity,0.5393187349540565,-0.00177673182856019,0.00499500499500499
Old fish removed,Selectivity,0.5393187349540565,0.3792845270658559,0.00499500499500499
Old fish removed,Selectivity,0.5393187349540565,-0.19446619731251305,0.00499500499500499
Old fish removed,Selectivity,0.5393187349540565,0.44923329094934095,0.00499500499500499
Old fish removed,Selectivity,0.5393187349540565,0.03606824814583043,0.00499500499500499
Old fish removed,Selectivity,0.5393187349540565,0.5051725302133683,0.00499500499500499
Old fish removed,Selectivity,0.5393187349540565,0.07478019493926247,0.00499500499500499
Old fish removed,Selectivity,0.5393187349540565,0.22614669450397465,0.00499500499500499
Old fish removed,Selectivity,0.5393187349540565,0.06383587453521344,0.00499500499500499
Old fish removed,Selectivity,0.5393187349540565,0.5082504833991879,0.00499500499500499
Old fish removed,Selectivity,0.5393187349540565,0.1204259968190371,0.00499500499500499
Old fish removed,Selectivity,0.5393187349540565,0.5275819859703156,0.00499500499500499
Old fish removed,Selectivity,0.5393187349540565,0.01496941861846801,0.00499500499500499
Old fish removed,Selectivity,0.5393187349540565,0.041712619376574,0.00499500499500499
Old fish removed,Selectivity,0.5393187349540565,-0.00495119562186796,0.00499500499500499
Old fish removed,Selectivity,0.5393187349540565,0.2289005616372386,0.00499500499500499
Old fish removed,Selectivity,0.5393187349540565,0.24269537740837976,0.00499500499500499
Old fish removed,Selectivity,0.5393187349540565,0.05396865952227625,0.00499500499500499
Old fish removed,Selectivity,0.5393187349540565,0.17308887267367912,0.00499500499500499
Old fish removed,Selectivity,0.5393187349540565,-0.07581783353594185,0.00499500499500499
Old fish removed,Selectivity,0.5393187349540565,0.06398720660018986,0.00499500499500499
Old fish removed,Selectivity,0.5393187349540565,0.410252703102408,0.00499500499500499
Old fish removed,Selectivity,0.5393187349540565,-0.03954804925143929,0.00499500499500499
Old fish removed,Selectivity,0.5393187349540565,-0.19446619731251305,0.00499500499500499
Old fish removed,Selectivity,0.5393187349540565,0.37322548613307394,0.00499500499500499
Old fish removed,Selectivity,0.5393187349540565,0.08411002861254913,0.00499500499500499
Old fish removed,Selectivity,0.5393187349540565,0.04748909251977951,0.00499500499500499
Old fish removed,Selectivity,0.5393187349540565,0.02679212301345202,0.00499500499500499
Old fish removed,Selectivity,0.5393187349540565,0.2830894495303613,0.00499500499500499
Old fish removed,Selectivity,0.5393187349540565,0.371638203571282,0.00499500499500499
Old fish removed,Selectivity,0.5393187349540565,0.01781966131606838,0.00499500499500499
Old fish removed,Selectivity,0.5393187349540565,0.14629659822586338,0.00499500499500499
Old fish removed,Selectivity,0.5393187349540565,0.05479273867174295,0.00499500499500499
Old fish removed,Selectivity,0.5393187349540565,-0.03899366733534815,0.00499500499500499
Old fish removed,Selectivity,0.5393187349540565,0.24095888168260984,0.00499500499500499
Old fish removed,Selectivity,0.5393187349540565,-0.1033463950928557,0.00499500499500499
Old fish removed,Selectivity,0.5393187349540565,0.29863556494585164,0.00499500499500499
Old fish removed,Selectivity,0.5393187349540565,0.3206309543705933,0.00499500499500499
Old fish removed,Selectivity,0.5393187349540565,0.03123376861564009,0.00499500499500499
Old fish removed,Selectivity,0.5393187349540565,-0.04448449392342346,0.00499500499500499
Old fish removed,Selectivity,0.5393187349540565,0.5037202665939001,0.00499500499500499
Old fish removed,Selectivity,0.5393187349540565,0.3204587008397989,0.00499500499500499
Old fish removed,Selectivity,0.5393187349540565,0.0850137024600427,0.00499500499500499
Old fish removed,Selectivity,0.5393187349540565,-0.00803612493964967,0.00499500499500499
Old fish removed,Selectivity,0.5393187349540565,0.31348427582684646,0.00499500499500499
Old fish removed,Selectivity,0.5393187349540565,0.03886180205373812,0.00499500499500499
Old fish removed,Selectivity,0.5393187349540565,0.4960762847900928,0.00499500499500499
Old fish removed,Selectivity,0.5393187349540565,0.4909561026319712,0.00499500499500499
Old fish removed,Selectivity,0.5393187349540565,0.4643060462813328,0.00499500499500499
Old fish removed,Selectivity,0.5393187349540565,0.05318194324616754,0.00499500499500499
Old fish removed,Selectivity,0.5393187349540565,0.4062289715888483,0.00499500499500499
Old fish removed,Selectivity,0.5393187349540565,0.1958963019818132,0.00499500499500499
Old fish removed,Selectivity,0.5393187349540565,0.05318194324616754,0.00499500499500499
Old fish removed,Selectivity,0.5393187349540565,0.24369514627861444,0.00499500499500499
Old fish removed,Selectivity,0.5393187349540565,0.43866883331094664,0.00499500499500499
Old fish removed,Selectivity,0.5393187349540565,0.27243142145795907,0.00499500499500499
Old fish removed,Selectivity,0.5393187349540565,0.06903629708503944,0.00499500499500499
Old fish removed,Selectivity,0.5393187349540565,0.15453631068551554,0.00499500499500499
Old fish removed,Selectivity,0.5393187349540565,0.1925481570554881,0.00499500499500499
Old fish removed,Selectivity,0.5393187349540565,0.02195270622019896,0.00499500499500499
Old fish removed,Selectivity,0.5393187349540565,-0.258288923934733,0.00499500499500499
Old fish removed,Selectivity,0.5393187349540565,0.15288328688831077,0.00499500499500499
Old fish removed,Selectivity,0.5393187349540565,0.03224744292145209,0.00499500499500499
Old fish removed,Selectivity,0.5393187349540565,-0.0029958439406712,0.00499500499500499
Old fish removed,Selectivity,0.5393187349540565,0.3671780557602018,0.00499500499500499
Old fish removed,Selectivity,0.5393187349540565,0.22762267632134223,0.00499500499500499
Old fish removed,Selectivity,0.5393187349540565,0.03920661846836637,0.00499500499500499
Old fish removed,Selectivity,0.5393187349540565,0.10430501344952324,0.00499500499500499
Old fish removed,Selectivity,0.5393187349540565,0.2659116471590274,0.00499500499500499
Old fish removed,Selectivity,0.5393187349540565,0.12126943443694548,0.00499500499500499
Old fish removed,Selectivity,0.5393187349540565,0.22886160363984245,0.00499500499500499
Old fish removed,Selectivity,0.5393187349540565,0.12946815763177777,0.00499500499500499
Old fish removed,Selectivity,0.5393187349540565,0.16660537810700526,0.00499500499500499
Old fish removed,Selectivity,0.5393187349540565,0.23868216616142313,0.00499500499500499
Old fish removed,Selectivity,0.5393187349540565,-0.07581783353594185,0.00499500499500499
Old fish removed,Selectivity,0.5393187349540565,-0.01670579371040204,0.00499500499500499
Old fish removed,Selectivity,0.5393187349540565,0.10236438736636376,0.00499500499500499
Old fish removed,Selectivity,0.5393187349540565,0.4681819619631604,0.00499500499500499
Old fish removed,Selectivity,0.5393187349540565,0.44923329094934095,0.00499500499500499
Old fish removed,Selectivity,0.5393187349540565,0.1025213957608162,0.00499500499500499
Old fish removed,Selectivity,0.5393187349540565,0.29155977128946375,0.00499500499500499
Old fish removed,Selectivity,0.5393187349540565,0.1873840651869748,0.00499500499500499
Old fish removed,Selectivity,0.5393187349540565,0.29616933159609304,0.00499500499500499
Old fish removed,Selectivity,0.5393187349540565,0.18380745029716297,0.00499500499500499
Old fish removed,Selectivity,0.5393187349540565,0.2099994582752046,0.00499500499500499
Old fish removed,Selectivity,0.5393187349540565,0.2639405051143642,0.00499500499500499
Old fish removed,Selectivity,0.5393187349540565,0.0061499237438779,0.00499500499500499
Old fish removed,Selectivity,0.5393187349540565,0.15101584979233815,0.00499500499500499
Old fish removed,Selectivity,0.5393187349540565,0.0677469540071225,0.00499500499500499
Old fish removed,Selectivity,0.5393187349540565,0.12001224601867988,0.00499500499500499
Old fish removed,Selectivity,0.5393187349540565,0.26202995899472814,0.00499500499500499
Old fish removed,Selectivity,0.5393187349540565,0.4127764750498575,0.00499500499500499
Old fish removed,Selectivity,0.5393187349540565,0.1874976156786736,0.00499500499500499
Old fish removed,Selectivity,0.5393187349540565,0.2179354083662437,0.00499500499500499
Old fish removed,Selectivity,0.5393187349540565,0.22129658306414268,0.00499500499500499
Old fish removed,Selectivity,0.5393187349540565,0.5127481300918975,0.00499500499500499
Old fish removed,Selectivity,0.5393187349540565,0.06893302104948573,0.00499500499500499
Old fish removed,Selectivity,0.5393187349540565,0.5233539361258167,0.00499500499500499
Old fish removed,Selectivity,0.5393187349540565,0.29616277048463724,0.00499500499500499
Old fish removed,Selectivity,0.5393187349540565,0.14080624226709826,0.00499500499500499
Old fish removed,Selectivity,0.5393187349540565,-0.1821947231163852,0.00499500499500499
Old fish removed,Selectivity,0.5393187349540565,0.15208393373876794,0.00499500499500499
Old fish removed,Selectivity,0.5393187349540565,0.09340437877366392,0.00499500499500499
Old fish removed,Selectivity,0.5393187349540565,0.18447650102096505,0.00499500499500499
Old fish removed,Selectivity,0.5393187349540565,-0.1947309972198903,0.00499500499500499
Old fish removed,Selectivity,0.5393187349540565,-0.01254372607168452,0.00499500499500499
Old fish removed,Selectivity,0.5393187349540565,0.347294188220053,0.00499500499500499
Old fish removed,Selectivity,0.5393187349540565,0.00498888368340355,0.00499500499500499
Old fish removed,Selectivity,0.5393187349540565,0.29757027680863446,0.00499500499500499
Old fish removed,Selectivity,0.5393187349540565,-0.06351047331175463,0.00499500499500499
Old fish removed,Selectivity,0.5393187349540565,0.04817818268843377,0.00499500499500499
Old fish removed,Selectivity,0.5393187349540565,0.3085628356883402,0.00499500499500499
Old fish removed,Selectivity,0.5393187349540565,0.14013003513481337,0.00499500499500499
Old fish removed,Selectivity,0.5393187349540565,0.2075960809654922,0.00499500499500499
Old fish removed,Selectivity,0.5393187349540565,0.19965942613048215,0.00499500499500499
Old fish removed,Selectivity,0.5393187349540565,0.4768242220022386,0.00499500499500499
Old fish removed,Selectivity,0.5393187349540565,0.2661604314098228,0.00499500499500499
Old fish removed,Selectivity,0.5393187349540565,0.4833053010128634,0.00499500499500499
Old fish removed,Selectivity,0.5393187349540565,0.04920798776066282,0.00499500499500499
Old fish removed,Selectivity,0.5393187349540565,0.164165036643395,0.00499500499500499
Old fish removed,Selectivity,0.5393187349540565,0.5170146029282334,0.00499500499500499
Old fish removed,Selectivity,0.5393187349540565,0.0765133622852262,0.00499500499500499
Old fish removed,Selectivity,0.5393187349540565,0.4062289715888483,0.00499500499500499
Old fish removed,Selectivity,0.5393187349540565,0.09546346188262722,0.00499500499500499
Old fish removed,Selectivity,0.5393187349540565,0.2101102144597553,0.00499500499500499
Old fish removed,Selectivity,0.5393187349540565,0.43138675928135795,0.00499500499500499
Old fish removed,Selectivity,0.5393187349540565,0.08502853879870287,0.00499500499500499
Old fish removed,Selectivity,0.5393187349540565,0.318792750133189,0.00499500499500499
Old fish removed,Selectivity,0.5393187349540565,-0.00495119562186796,0.00499500499500499
Old fish removed,Selectivity,0.5393187349540565,0.00382376382299054,0.00499500499500499
Old fish removed,Selectivity,0.5393187349540565,0.02699005347609673,0.00499500499500499
Old fish removed,Selectivity,0.5393187349540565,0.09109198960951848,0.00499500499500499
Old fish removed,Selectivity,0.5393187349540565,-0.01030277124946588,0.00499500499500499
Old fish removed,Selectivity,0.5393187349540565,0.42899801383723535,0.00499500499500499
Old fish removed,Selectivity,0.5393187349540565,0.1428452816583753,0.00499500499500499
Old fish removed,Selectivity,0.5393187349540565,0.11111870445745776,0.00499500499500499
Total catch,Other,0.32684395830633406,0.05192779367994715,0.02697302697302697
Total catch,Other,0.32684395830633406,0.02024713474614936,0.02697302697302697
Total catch,Other,0.32684395830633406,-0.08655636714710102,0.02697302697302697
Total catch,Other,0.32684395830633406,-0.07238269786008766,0.02697302697302697
Total catch,Other,0.32684395830633406,0.0454241101864512,0.02697302697302697
Total catch,Other,0.32684395830633406,-0.10975122925435676,0.02697302697302697
Total catch,Other,0.32684395830633406,-0.10830146790538264,0.02697302697302697
Total catch,Other,0.32684395830633406,0.14604209901792886,0.02697302697302697
Total catch,Other,0.32684395830633406,-0.1764257423269142,0.02697302697302697
Total catch,Other,0.32684395830633406,0.2086096669637616,0.02697302697302697
Total catch,Other,0.32684395830633406,-0.07573588165268075,0.02697302697302697
Total catch,Other,0.32684395830633406,-0.04761879591477425,0.02697302697302697
Total catch,Other,0.32684395830633406,-0.08494432649990058,0.02697302697302697
Total catch,Other,0.32684395830633406,0.1728789300195518,0.02697302697302697
Total catch,Other,0.32684395830633406,0.1939218148038696,0.02697302697302697
Total catch,Other,0.32684395830633406,0.09792386993077916,0.02697302697302697
Total catch,Other,0.32684395830633406,0.04306515778406739,0.02697302697302697
Total catch,Other,0.32684395830633406,-0.05158641823071175,0.02697302697302697
Total catch,Other,0.32684395830633406,-0.05580227280037286,0.02697302697302697
Total catch,Other,0.32684395830633406,0.13589226762385265,0.02697302697302697
Total catch,Other,0.32684395830633406,0.03221900847427506,0.02697302697302697
Total catch,Other,0.32684395830633406,0.1307498920195942,0.02697302697302697
Total catch,Other,0.32684395830633406,0.00595670730610253,0.02697302697302697
Total catch,Other,0.32684395830633406,0.23011063772513163,0.02697302697302697
Total catch,Other,0.32684395830633406,0.31242046303099014,0.02697302697302697
Total catch,Other,0.32684395830633406,0.03198850072053738,0.02697302697302697
Total catch,Other,0.32684395830633406,0.11887632264587622,0.02697302697302697
Total catch,Other,0.32684395830633406,0.00924835269165014,0.02697302697302697
Total catch,Other,0.32684395830633406,0.11862088311357,0.02697302697302697
Total catch,Other,0.32684395830633406,0.03586987284209886,0.02697302697302697
Total catch,Other,0.32684395830633406,-0.11060944644096816,0.02697302697302697
Total catch,Other,0.32684395830633406,0.07738860750729726,0.02697302697302697
Total catch,Other,0.32684395830633406,-0.10835474304454218,0.02697302697302697
Total catch,Other,0.32684395830633406,-0.12841810775675522,0.02697302697302697
Total catch,Other,0.32684395830633406,-0.07661090610143995,0.02697302697302697
Total catch,Other,0.32684395830633406,0.01713614354950354,0.02697302697302697
Total catch,Other,0.32684395830633406,0.1837454206132909,0.02697302697302697
Total catch,Other,0.32684395830633406,-0.10281562979223956,0.02697302697302697
Total catch,Other,0.32684395830633406,-0.16745652980462755,0.02697302697302697
Total catch,Other,0.32684395830633406,-0.01793029379913013,0.02697302697302697
Total catch,Other,0.32684395830633406,0.2535043309018429,0.02697302697302697
Total catch,Other,0.32684395830633406,0.24510224931634397,0.02697302697302697
Total catch,Other,0.32684395830633406,0.03119043005117117,0.02697302697302697
Total catch,Other,0.32684395830633406,0.1968131534384786,0.02697302697302697
Total catch,Other,0.32684395830633406,-0.15483806308705872,0.02697302697302697
Total catch,Other,0.32684395830633406,0.1902957810313194,0.02697302697302697
Total catch,Other,0.32684395830633406,-0.01675308376190143,0.02697302697302697
Total catch,Other,0.32684395830633406,0.22489720224718832,0.02697302697302697
Total catch,Other,0.32684395830633406,-0.2219588204544638,0.02697302697302697
Total catch,Other,0.32684395830633406,-0.09680426452781644,0.02697302697302697
Total catch,Other,0.32684395830633406,0.2113004267895905,0.02697302697302697
Total catch,Other,0.32684395830633406,0.25056068921279917,0.02697302697302697
Total catch,Other,0.32684395830633406,0.24239698632546536,0.02697302697302697
Total catch,Other,0.32684395830633406,0.02633358294215471,0.02697302697302697
Total catch,Other,0.32684395830633406,-0.10684551898077888,0.02697302697302697
Total catch,Other,0.32684395830633406,0.13096664162197347,0.02697302697302697
Total catch,Other,0.32684395830633406,0.00807807487270173,0.02697302697302697
Total catch,Other,0.32684395830633406,0.04866654085883737,0.02697302697302697
Total catch,Other,0.32684395830633406,-7.427782527380522e-4,0.02697302697302697
Total catch,Other,0.32684395830633406,-0.1244204274258276,0.02697302697302697
Total catch,Other,0.32684395830633406,0.01294878838292168,0.02697302697302697
Total catch,Other,0.32684395830633406,0.00170921689166936,0.02697302697302697
Total catch,Other,0.32684395830633406,-0.05238023238716582,0.02697302697302697
Total catch,Other,0.32684395830633406,0.02623613544392722,0.02697302697302697
Total catch,Other,0.32684395830633406,-0.11350468123752178,0.02697302697302697
Total catch,Other,0.32684395830633406,0.07986489411229214,0.02697302697302697
Total catch,Other,0.32684395830633406,-0.04304785727543647,0.02697302697302697
Total catch,Other,0.32684395830633406,0.11992375146467882,0.02697302697302697
Total catch,Other,0.32684395830633406,0.3111090991560067,0.02697302697302697
Total catch,Other,0.32684395830633406,-0.0441837770240534,0.02697302697302697
Total catch,Other,0.32684395830633406,-0.0263670898283419,0.02697302697302697
Total catch,Other,0.32684395830633406,-0.12841810775675522,0.02697302697302697
Total catch,Other,0.32684395830633406,-0.11806151813787902,0.02697302697302697
Total catch,Other,0.32684395830633406,-0.015476388356088,0.02697302697302697
Total catch,Other,0.32684395830633406,-0.00308110179773901,0.02697302697302697
Total catch,Other,0.32684395830633406,0.191576602715708,0.02697302697302697
Total catch,Other,0.32684395830633406,0.18408727512874068,0.02697302697302697
Total catch,Other,0.32684395830633406,0.1873853451386116,0.02697302697302697
Total catch,Other,0.32684395830633406,0.18312241607802185,0.02697302697302697
Total catch,Other,0.32684395830633406,0.0382309163027229,0.02697302697302697
Total catch,Other,0.32684395830633406,0.21237960219766305,0.02697302697302697
Total catch,Other,0.32684395830633406,-0.0806911943057187,0.02697302697302697
Total catch,Other,0.32684395830633406,0.0142866900693146,0.02697302697302697
Total catch,Other,0.32684395830633406,-0.01984654857504764,0.02697302697302697
Total catch,Other,0.32684395830633406,-0.04994309523109908,0.02697302697302697
Total catch,Other,0.32684395830633406,-0.04690548629219937,0.02697302697302697
Total catch,Other,0.32684395830633406,0.02554768947680086,0.02697302697302697
Total catch,Other,0.32684395830633406,-0.01302285830818328,0.02697302697302697
Total catch,Other,0.32684395830633406,0.127709507831419,0.02697302697302697
Total catch,Other,0.32684395830633406,0.118269632853921,0.02697302697302697
Total catch,Other,0.32684395830633406,0.1813324546235039,0.02697302697302697
Total catch,Other,0.32684395830633406,-0.06057193955634354,0.02697302697302697
Total catch,Other,0.32684395830633406,0.04560884454121161,0.02697302697302697
Total catch,Other,0.32684395830633406,0.04915451800937609,0.02697302697302697
Total catch,Other,0.32684395830633406,-0.1244204274258276,0.02697302697302697
Total catch,Other,0.32684395830633406,-0.1329484878820424,0.02697302697302697
Total catch,Other,0.32684395830633406,-0.08985931655100332,0.02697302697302697
Total catch,Other,0.32684395830633406,0.00909854114036168,0.02697302697302697
Total catch,Other,0.32684395830633406,0.07137226269290953,0.02697302697302697
Total catch,Other,0.32684395830633406,0.3383725575132607,0.02697302697302697
Total catch,Other,0.32684395830633406,0.04448875124092377,0.02697302697302697
Total catch,Other,0.32684395830633406,0.32786656031255323,0.02697302697302697
Total catch,Other,0.32684395830633406,-0.07514853925378051,0.02697302697302697
Total catch,Other,0.32684395830633406,0.03129177866727306,0.02697302697302697
Total catch,Other,0.32684395830633406,-0.00343160112175744,0.02697302697302697
Total catch,Other,0.32684395830633406,0.04242340928351351,0.02697302697302697
Total catch,Other,0.32684395830633406,-0.13186318345463222,0.02697302697302697
Total catch,Other,0.32684395830633406,-0.04854091625921186,0.02697302697302697
Total catch,Other,0.32684395830633406,0.05540453443185444,0.02697302697302697
Total catch,Other,0.32684395830633406,0.08121034885373157,0.02697302697302697
Total catch,Other,0.32684395830633406,0.2772524077397889,0.02697302697302697
Total catch,Other,0.32684395830633406,-0.04806272645828002,0.02697302697302697
Total catch,Other,0.32684395830633406,-0.03831069098205475,0.02697302697302697
Total catch,Other,0.32684395830633406,-0.0634813028505068,0.02697302697302697
Total catch,Other,0.32684395830633406,0.3383725575132607,0.02697302697302697
Total catch,Other,0.32684395830633406,0.18530271735942003,0.02697302697302697
Total catch,Other,0.32684395830633406,-0.05214652064221914,0.02697302697302697
Total catch,Other,0.32684395830633406,-0.00180527118013018,0.02697302697302697
Total catch,Other,0.32684395830633406,-0.07834734901280727,0.02697302697302697
Total catch,Other,0.32684395830633406,7.879275404959474e-4,0.02697302697302697
Total catch,Other,0.32684395830633406,0.19925635723836643,0.02697302697302697
Total catch,Other,0.32684395830633406,-0.10733689568983684,0.02697302697302697
Total catch,Other,0.32684395830633406,-0.015476388356088,0.02697302697302697
Total catch,Other,0.32684395830633406,-0.027456373100201992,0.02697302697302697
Total catch,Other,0.32684395830633406,0.12066681105198884,0.02697302697302697
Total catch,Other,0.32684395830633406,-0.16581887822122954,0.02697302697302697
Total catch,Other,0.32684395830633406,0.09936063450889587,0.02697302697302697
Total catch,Other,0.32684395830633406,-0.02915385094875966,0.02697302697302697
Total catch,Other,0.32684395830633406,0.17320551774894843,0.02697302697302697
Total catch,Other,0.32684395830633406,0.09014993239202196,0.02697302697302697
Total catch,Other,0.32684395830633406,-0.02603784086797289,0.02697302697302697
Total catch,Other,0.32684395830633406,0.19913214430077475,0.02697302697302697
Total catch,Other,0.32684395830633406,0.24170094184817004,0.02697302697302697
Total catch,Other,0.32684395830633406,0.04710204935728024,0.02697302697302697
Total catch,Other,0.32684395830633406,0.18408727512874068,0.02697302697302697
Total catch,Other,0.32684395830633406,0.04567646795364821,0.02697302697302697
Total catch,Other,0.32684395830633406,-0.02363199770871826,0.02697302697302697
Total catch,Other,0.32684395830633406,0.1971226999963559,0.02697302697302697
Total catch,Other,0.32684395830633406,0.04573581952729,0.02697302697302697
Total catch,Other,0.32684395830633406,0.03757431566430003,0.02697302697302697
Total catch,Other,0.32684395830633406,0.10787812604679337,0.02697302697302697
Total catch,Other,0.32684395830633406,0.04118292636159082,0.02697302697302697
Total catch,Other,0.32684395830633406,-0.01211039303491712,0.02697302697302697
Total catch,Other,0.32684395830633406,-0.04243266403930268,0.02697302697302697
Total catch,Other,0.32684395830633406,-0.20658049829565028,0.02697302697302697
Total catch,Other,0.32684395830633406,0.04754167152204613,0.02697302697302697
Total catch,Other,0.32684395830633406,0.12047663129286768,0.02697302697302697
Total catch,Other,0.32684395830633406,0.03129177866727306,0.02697302697302697
Total catch,Other,0.32684395830633406,0.3251760337372358,0.02697302697302697
Total catch,Other,0.32684395830633406,0.12374187079397414,0.02697302697302697
Total catch,Other,0.32684395830633406,-0.01038958827385516,0.02697302697302697
Total catch,Other,0.32684395830633406,-0.09900521148596608,0.02697302697302697
Total catch,Other,0.32684395830633406,0.19711485042087615,0.02697302697302697
Total catch,Other,0.32684395830633406,0.03660126445071865,0.02697302697302697
Total catch,Other,0.32684395830633406,0.1853362698881742,0.02697302697302697
Total catch,Other,0.32684395830633406,0.191576602715708,0.02697302697302697
Total catch,Other,0.32684395830633406,0.11739632764888784,0.02697302697302697
Total catch,Other,0.32684395830633406,-0.10362826794808289,0.02697302697302697
Total catch,Other,0.32684395830633406,-0.1771818662425948,0.02697302697302697
Total catch,Other,0.32684395830633406,-0.05083577926166138,0.02697302697302697
Total catch,Other,0.32684395830633406,-0.057513217570067,0.02697302697302697
Total catch,Other,0.32684395830633406,0.0454241101864512,0.02697302697302697
Total catch,Other,0.32684395830633406,-0.05420647021945535,0.02697302697302697
Total catch,Other,0.32684395830633406,0.01710297036762442,0.02697302697302697
Total catch,Other,0.32684395830633406,-0.07040528352622033,0.02697302697302697
Total catch,Other,0.32684395830633406,-0.02969036997876006,0.02697302697302697
Total catch,Other,0.32684395830633406,-0.06312764559577078,0.02697302697302697
Total catch,Other,0.32684395830633406,-0.10872767467017752,0.02697302697302697
Total catch,Other,0.32684395830633406,0.31242046303099014,0.02697302697302697
Total catch,Other,0.32684395830633406,0.23004377471275095,0.02697302697302697
Total catch,Other,0.32684395830633406,0.03119043005117117,0.02697302697302697
Total catch,Other,0.32684395830633406,0.02029840306411368,0.02697302697302697
Total catch,Other,0.32684395830633406,0.06031682046260145,0.02697302697302697
Total catch,Other,0.32684395830633406,-0.04239642511872787,0.02697302697302697
Total catch,Other,0.32684395830633406,0.22509034504848105,0.02697302697302697
Total catch,Other,0.32684395830633406,-0.01053779025515533,0.02697302697302697
Total catch,Other,0.32684395830633406,0.07376346987828453,0.02697302697302697
Total catch,Other,0.32684395830633406,0.00783223043098046,0.02697302697302697
Total catch,Other,0.32684395830633406,-0.0181009975090689,0.02697302697302697
Total catch,Other,0.32684395830633406,0.2395221158898858,0.02697302697302697
Total catch,Other,0.32684395830633406,0.15503597899341837,0.02697302697302697
Total catch,Other,0.32684395830633406,-0.02442702534897756,0.02697302697302697
Total catch,Other,0.32684395830633406,0.11391049218885864,0.02697302697302697
Total catch,Other,0.32684395830633406,0.14731893435518906,0.02697302697302697
Total catch,Other,0.32684395830633406,0.2408903665251132,0.02697302697302697
Total catch,Other,0.32684395830633406,0.15927995748901125,0.02697302697302697
Total catch,Other,0.32684395830633406,0.259188551318972,0.02697302697302697
Total catch,Other,0.32684395830633406,0.32684395830633406,0.02697302697302697
Total catch,Other,0.32684395830633406,0.04463927891441266,0.02697302697302697
Total catch,Other,0.32684395830633406,0.24888642645768533,0.02697302697302697
Total catch,Other,0.32684395830633406,0.08282936829567322,0.02697302697302697
Total catch,Other,0.32684395830633406,0.12053805104378068,0.02697302697302697
Total catch,Other,0.32684395830633406,0.0327938621621433,0.02697302697302697
Total catch,Other,0.32684395830633406,0.07932873729777357,0.02697302697302697
Total catch,Other,0.32684395830633406,0.1129967312895752,0.02697302697302697
Total catch,Other,0.32684395830633406,-0.05014417555240458,0.02697302697302697
Total catch,Other,0.32684395830633406,-0.08489231811790376,0.02697302697302697
Total catch,Other,0.32684395830633406,-0.03109223799042038,0.02697302697302697
Total catch,Other,0.32684395830633406,0.03901805602216901,0.02697302697302697
Total catch,Other,0.32684395830633406,-0.05013641044573136,0.02697302697302697
Total catch,Other,0.32684395830633406,0.19893698691772024,0.02697302697302697
Total catch,Other,0.32684395830633406,0.00555089087604709,0.02697302697302697
Total catch,Other,0.32684395830633406,0.02494750293054459,0.02697302697302697
Total catch,Other,0.32684395830633406,0.32228010557225506,0.02697302697302697
Total catch,Other,0.32684395830633406,0.1963482819021981,0.02697302697302697
Total catch,Other,0.32684395830633406,0.07148635725842822,0.02697302697302697
Total catch,Other,0.32684395830633406,0.22489720224718832,0.02697302697302697
Total catch,Other,0.32684395830633406,-0.0373029693935818,0.02697302697302697
Total catch,Other,0.32684395830633406,-0.1764257423269142,0.02697302697302697
Total catch,Other,0.32684395830633406,0.08381529543947264,0.02697302697302697
Total catch,Other,0.32684395830633406,-0.036206023481683,0.02697302697302697
Total catch,Other,0.32684395830633406,0.2535043309018429,0.02697302697302697
Total catch,Other,0.32684395830633406,-0.03096285660930631,0.02697302697302697
Total catch,Other,0.32684395830633406,0.06524335847604834,0.02697302697302697
Total catch,Other,0.32684395830633406,0.00568008027702116,0.02697302697302697
Total catch,Other,0.32684395830633406,0.1278142404566851,0.02697302697302697
Total catch,Other,0.32684395830633406,0.11691604037410686,0.02697302697302697
Total catch,Other,0.32684395830633406,-0.1262981137605519,0.02697302697302697
Total catch,Other,0.32684395830633406,-0.07541637781641364,0.02697302697302697
Total catch,Other,0.32684395830633406,0.06021886792484265,0.02697302697302697
Total catch,Other,0.32684395830633406,-0.06369170070270047,0.02697302697302697
Total catch,Other,0.32684395830633406,-0.06536164805793332,0.02697302697302697
Total catch,Other,0.32684395830633406,-0.11388942789627188,0.02697302697302697
Total catch,Other,0.32684395830633406,-0.05888809535437778,0.02697302697302697
Total catch,Other,0.32684395830633406,0.04205062154946037,0.02697302697302697
Total catch,Other,0.32684395830633406,0.09220616415869354,0.02697302697302697
Total catch,Other,0.32684395830633406,-0.02183688958628971,0.02697302697302697
Total catch,Other,0.32684395830633406,-0.09855487096386462,0.02697302697302697
Total catch,Other,0.32684395830633406,0.1562508896093342,0.02697302697302697
Total catch,Other,0.32684395830633406,-0.1385410262627902,0.02697302697302697
Total catch,Other,0.32684395830633406,0.4024912453529728,0.02697302697302697
Total catch,Other,0.32684395830633406,0.23243663232408196,0.02697302697302697
Total catch,Other,0.32684395830633406,-0.1329484878820424,0.02697302697302697
Total catch,Other,0.32684395830633406,0.2113004267895905,0.02697302697302697
Total catch,Other,0.32684395830633406,0.2473366145678788,0.02697302697302697
Total catch,Other,0.32684395830633406,0.2036312178166133,0.02697302697302697
Total catch,Other,0.32684395830633406,-0.015476388356088,0.02697302697302697
Total catch,Other,0.32684395830633406,0.3729394272335227,0.02697302697302697
Total catch,Other,0.32684395830633406,0.2229651705220791,0.02697302697302697
Total catch,Other,0.32684395830633406,0.21564176523423265,0.02697302697302697
Total catch,Other,0.32684395830633406,0.08121034885373157,0.02697302697302697
Total catch,Other,0.32684395830633406,0.04364018036408201,0.02697302697302697
Total catch,Other,0.32684395830633406,0.09390283760577632,0.02697302697302697
Total catch,Other,0.32684395830633406,-0.12862032576408522,0.02697302697302697
Total catch,Other,0.32684395830633406,-0.02709146924933958,0.02697302697302697
Total catch,Other,0.32684395830633406,-0.02480662327294935,0.02697302697302697
Total catch,Other,0.32684395830633406,-0.02183688958628971,0.02697302697302697
Total catch,Other,0.32684395830633406,0.11485729354924212,0.02697302697302697
Total catch,Other,0.32684395830633406,0.13792295941070054,0.02697302697302697
Total catch,Other,0.32684395830633406,-0.05453080245884711,0.02697302697302697
Total catch,Other,0.32684395830633406,0.00894636595694176,0.02697302697302697
Total catch,Other,0.32684395830633406,-0.10684551898077888,0.02697302697302697
Total catch,Other,0.32684395830633406,0.1831921160727652,0.02697302697302697
Total catch,Other,0.32684395830633406,0.12493583689095587,0.02697302697302697
Total catch,Other,0.32684395830633406,-0.1590132687195196,0.02697302697302697
Total catch,Other,0.32684395830633406,-7.427782527380522e-4,0.02697302697302697
Total catch,Other,0.32684395830633406,-0.0169864399494859,0.02697302697302697
Total catch,Other,0.32684395830633406,-0.01306326752219733,0.02697302697302697
Total catch,Other,0.32684395830633406,0.02593787583860918,0.02697302697302697
Total catch,Other,0.32684395830633406,-0.02442702534897756,0.02697302697302697
Total catch,Other,0.32684395830633406,0.20066378187764533,0.02697302697302697
Total catch,Other,0.32684395830633406,0.10787812604679337,0.02697302697302697
Total catch,Other,0.32684395830633406,0.2164885369074151,0.02697302697302697
Total catch,Other,0.32684395830633406,-0.06487533547537838,0.02697302697302697
Total catch,Other,0.32684395830633406,-0.11350468123752178,0.02697302697302697
Total catch,Other,0.32684395830633406,0.14861845512380922,0.02697302697302697
Total catch,Other,0.32684395830633406,7.879275404959474e-4,0.02697302697302697
Total catch,Other,0.32684395830633406,0.00291445712764704,0.02697302697302697
Total catch,Other,0.32684395830633406,0.12411815866914432,0.02697302697302697
Total catch,Other,0.32684395830633406,0.19216405747316956,0.02697302697302697
Total catch,Other,0.32684395830633406,-0.05854719349954229,0.02697302697302697
Total catch,Other,0.32684395830633406,-0.0565054678496748,0.02697302697302697
Total catch,Other,0.32684395830633406,0.18499486626847528,0.02697302697302697
Total catch,Other,0.32684395830633406,0.03290032866243286,0.02697302697302697
Total catch,Other,0.32684395830633406,-0.11388942789627188,0.02697302697302697
Total catch,Other,0.32684395830633406,0.02847755704163934,0.02697302697302697
Total catch,Other,0.32684395830633406,-0.08220830385373823,0.02697302697302697
Total catch,Other,0.32684395830633406,-0.04005095937755376,0.02697302697302697
Total catch,Other,0.32684395830633406,0.01205834213577961,0.02697302697302697
Total catch,Other,0.32684395830633406,0.14962814605829022,0.02697302697302697
Total catch,Other,0.32684395830633406,-0.05013641044573136,0.02697302697302697
Total catch,Other,0.32684395830633406,0.06823734579735907,0.02697302697302697
Total catch,Other,0.32684395830633406,-0.018693804670755432,0.02697302697302697
Total catch,Other,0.32684395830633406,0.2395221158898858,0.02697302697302697
Total catch,Other,0.32684395830633406,-0.03899299360857689,0.02697302697302697
Total catch,Other,0.32684395830633406,0.17518140131654758,0.02697302697302697
Total catch,Other,0.32684395830633406,-0.04881149574243482,0.02697302697302697
Total catch,Other,0.32684395830633406,-0.05238023238716582,0.02697302697302697
Total catch,Other,0.32684395830633406,-0.16320733959729905,0.02697302697302697
Total catch,Other,0.32684395830633406,-0.05550635722766817,0.02697302697302697
Total catch,Other,0.32684395830633406,0.1139992510220642,0.02697302697302697
Total catch,Other,0.32684395830633406,-0.03795174521793965,0.02697302697302697
Total catch,Other,0.32684395830633406,0.1772481754458316,0.02697302697302697
Total catch,Other,0.32684395830633406,-0.03518925863477329,0.02697302697302697
Total catch,Other,0.32684395830633406,-0.06738961534233923,0.02697302697302697
Total catch,Other,0.32684395830633406,-0.03831069098205475,0.02697302697302697
Total catch,Other,0.32684395830633406,0.18711477628906817,0.02697302697302697
Total catch,Other,0.32684395830633406,-0.01276928073863104,0.02697302697302697
Total catch,Other,0.32684395830633406,0.09518981463098342,0.02697302697302697
Total catch,Other,0.32684395830633406,0.01613744932354055,0.02697302697302697
Total catch,Other,0.32684395830633406,0.06558533577847792,0.02697302697302697
Total catch,Other,0.32684395830633406,-0.00343160112175744,0.02697302697302697
Total catch,Other,0.32684395830633406,-0.01276928073863104,0.02697302697302697
Total catch,Other,0.32684395830633406,-0.10975122925435676,0.02697302697302697
Total catch,Other,0.32684395830633406,0.02051929840771338,0.02697302697302697
Total catch,Other,0.32684395830633406,-0.16320733959729905,0.02697302697302697
Total catch,Other,0.32684395830633406,0.24392056266674136,0.02697302697302697
Total catch,Other,0.32684395830633406,-0.03863144909544402,0.02697302697302697
Total catch,Other,0.32684395830633406,0.04242340928351351,0.02697302697302697
Total catch,Other,0.32684395830633406,-0.07238269786008766,0.02697302697302697
Total catch,Other,0.32684395830633406,0.22571270599747273,0.02697302697302697
Total catch,Other,0.32684395830633406,-0.02479859693548669,0.02697302697302697
Total catch,Other,0.32684395830633406,-0.15483806308705872,0.02697302697302697
Total catch,Other,0.32684395830633406,0.00924835269165014,0.02697302697302697
Total catch,Other,0.32684395830633406,0.05192779367994715,0.02697302697302697
Total catch,Other,0.32684395830633406,-0.04304785727543647,0.02697302697302697
Total catch,Other,0.32684395830633406,0.13096664162197347,0.02697302697302697
Total catch,Other,0.32684395830633406,0.01369870425817609,0.02697302697302697
Total catch,Other,0.32684395830633406,0.00133901639372857,0.02697302697302697
Total catch,Other,0.32684395830633406,-0.06487533547537838,0.02697302697302697
Total catch,Other,0.32684395830633406,0.1650037297038759,0.02697302697302697
Total catch,Other,0.32684395830633406,0.02548983284002326,0.02697302697302697
Total catch,Other,0.32684395830633406,0.2011336281129955,0.02697302697302697
Total catch,Other,0.32684395830633406,0.1837454206132909,0.02697302697302697
Total catch,Other,0.32684395830633406,0.07801598687148326,0.02697302697302697
Total catch,Other,0.32684395830633406,0.0121632778375853,0.02697302697302697
Total catch,Other,0.32684395830633406,-0.2219588204544638,0.02697302697302697
Total catch,Other,0.32684395830633406,0.07068612864538149,0.02697302697302697
Total catch,Other,0.32684395830633406,0.05525245993977068,0.02697302697302697
Total catch,Other,0.32684395830633406,-0.03370726153588133,0.02697302697302697
Total catch,Other,0.32684395830633406,0.18802201109445105,0.02697302697302697
Total catch,Other,0.32684395830633406,0.18802201109445105,0.02697302697302697
Total catch,Other,0.32684395830633406,0.09266380618641656,0.02697302697302697
Total catch,Other,0.32684395830633406,-0.11060944644096816,0.02697302697302697
Total catch,Other,0.32684395830633406,0.00291445712764704,0.02697302697302697
Total catch,Other,0.32684395830633406,0.18296869526894388,0.02697302697302697
Total catch,Other,0.32684395830633406,-0.05550635722766817,0.02697302697302697
Total catch,Other,0.32684395830633406,-0.05381323732230547,0.02697302697302697
Total catch,Other,0.32684395830633406,0.23004377471275095,0.02697302697302697
Total catch,Other,0.32684395830633406,-0.01632550535221266,0.02697302697302697
Total catch,Other,0.32684395830633406,-0.07620487171439816,0.02697302697302697
Total catch,Other,0.32684395830633406,0.09220616415869354,0.02697302697302697
Total catch,Other,0.32684395830633406,0.22791979298804552,0.02697302697302697
Total catch,Other,0.32684395830633406,0.01430254884837545,0.02697302697302697
Total catch,Other,0.32684395830633406,-0.06075220788576852,0.02697302697302697
Total catch,Other,0.32684395830633406,0.18382049625696395,0.02697302697302697
Total catch,Other,0.32684395830633406,0.25926823360192963,0.02697302697302697
Total catch,Other,0.32684395830633406,0.04926860621176066,0.02697302697302697
Total catch,Other,0.32684395830633406,-0.05724255702757985,0.02697302697302697
Total catch,Other,0.32684395830633406,-0.09666113210261762,0.02697302697302697
Total catch,Other,0.32684395830633406,0.08381529543947264,0.02697302697302697
Total catch,Other,0.32684395830633406,0.10972487348595694,0.02697302697302697
Total catch,Other,0.32684395830633406,0.0193881288967449,0.02697302697302697
Total catch,Other,0.32684395830633406,0.12780808925400178,0.02697302697302697
Total catch,Other,0.32684395830633406,-0.0687166833294246,0.02697302697302697
Total catch,Other,0.32684395830633406,-0.02813563558420861,0.02697302697302697
Total catch,Other,0.32684395830633406,0.05240588152628422,0.02697302697302697
Total catch,Other,0.32684395830633406,-0.04005095937755376,0.02697302697302697
Total catch,Other,0.32684395830633406,0.162114853714592,0.02697302697302697
Total catch,Other,0.32684395830633406,0.04713855002608935,0.02697302697302697
Total catch,Other,0.32684395830633406,-0.0687166833294246,0.02697302697302697
Total catch,Other,0.32684395830633406,0.2831262231716636,0.02697302697302697
Total catch,Other,0.32684395830633406,0.0583521343361949,0.02697302697302697
Total catch,Other,0.32684395830633406,0.07148635725842822,0.02697302697302697
Total catch,Other,0.32684395830633406,0.1916050195531732,0.02697302697302697
Total catch,Other,0.32684395830633406,-0.07473419375168722,0.02697302697302697
Total catch,Other,0.32684395830633406,0.15927995748901125,0.02697302697302697
Total catch,Other,0.32684395830633406,0.03641412597897431,0.02697302697302697
Total catch,Other,0.32684395830633406,0.1772481754458316,0.02697302697302697
Total catch,Other,0.32684395830633406,0.22509034504848105,0.02697302697302697
Total catch,Other,0.32684395830633406,0.1278142404566851,0.02697302697302697
Total catch,Other,0.32684395830633406,0.11717930512795516,0.02697302697302697
Total catch,Other,0.32684395830633406,0.16195791900607426,0.02697302697302697
Total catch,Other,0.32684395830633406,-0.03804112979059804,0.02697302697302697
Total catch,Other,0.32684395830633406,-0.03096285660930631,0.02697302697302697
Total catch,Other,0.32684395830633406,0.02847755704163934,0.02697302697302697
Total catch,Other,0.32684395830633406,0.00894636595694176,0.02697302697302697
Total catch,Other,0.32684395830633406,0.18271658319846265,0.02697302697302697
Total catch,Other,0.32684395830633406,0.2535043309018429,0.02697302697302697
Total catch,Other,0.32684395830633406,0.1905292809700605,0.02697302697302697
Total catch,Other,0.32684395830633406,-0.0730080680662688,0.02697302697302697
Total catch,Other,0.32684395830633406,0.17637290502012493,0.02697302697302697
Total catch,Other,0.32684395830633406,0.2089287234887317,0.02697302697302697
Total catch,Other,0.32684395830633406,0.20163734800237787,0.02697302697302697
Total catch,Other,0.32684395830633406,0.23922040335768224,0.02697302697302697
Total catch,Other,0.32684395830633406,-0.07348096835227547,0.02697302697302697
Total catch,Other,0.32684395830633406,0.06418758913603007,0.02697302697302697
Total catch,Other,0.32684395830633406,0.23093764686892904,0.02697302697302697
Total catch,Other,0.32684395830633406,-0.07225617902400305,0.02697302697302697
Total catch,Other,0.32684395830633406,-0.04806272645828002,0.02697302697302697
Total catch,Other,0.32684395830633406,0.01713614354950354,0.02697302697302697
Total catch,Other,0.32684395830633406,0.15939922301213671,0.02697302697302697
Total catch,Other,0.32684395830633406,0.04376008939854203,0.02697302697302697
Total catch,Other,0.32684395830633406,0.15711182634756649,0.02697302697302697
Total catch,Other,0.32684395830633406,0.2036312178166133,0.02697302697302697
Total catch,Other,0.32684395830633406,0.06657587291492106,0.02697302697302697
Total catch,Other,0.32684395830633406,0.0019853025574219,0.02697302697302697
Total catch,Other,0.32684395830633406,0.25717430959367493,0.02697302697302697
Total catch,Other,0.32684395830633406,0.20290787664263857,0.02697302697302697
Total catch,Other,0.32684395830633406,0.04364018036408201,0.02697302697302697
Total catch,Other,0.32684395830633406,-0.1329484878820424,0.02697302697302697
Total catch,Other,0.32684395830633406,0.03290032866243286,0.02697302697302697
Total catch,Other,0.32684395830633406,-0.091059733853605,0.02697302697302697
Total catch,Other,0.32684395830633406,0.12153435152798107,0.02697302697302697
Total catch,Other,0.32684395830633406,0.14455650528202324,0.02697302697302697
Total catch,Other,0.32684395830633406,0.03552165314691713,0.02697302697302697
Total catch,Other,0.32684395830633406,-0.11535123481588938,0.02697302697302697
Total catch,Other,0.32684395830633406,0.07095749408829799,0.02697302697302697
Total catch,Other,0.32684395830633406,0.04988601840014284,0.02697302697302697
Total catch,Other,0.32684395830633406,0.01166152549662058,0.02697302697302697
Total catch,Other,0.32684395830633406,-0.10835474304454218,0.02697302697302697
Total catch,Other,0.32684395830633406,0.11485729354924212,0.02697302697302697
Total catch,Other,0.32684395830633406,-0.10601125469586604,0.02697302697302697
Total catch,Other,0.32684395830633406,-0.03804112979059804,0.02697302697302697
Total catch,Other,0.32684395830633406,0.24423292680245212,0.02697302697302697
Total catch,Other,0.32684395830633406,-0.07775790754411394,0.02697302697302697
Total catch,Other,0.32684395830633406,0.29730770775327753,0.02697302697302697
Total catch,Other,0.32684395830633406,0.02142154284952935,0.02697302697302697
Total catch,Other,0.32684395830633406,-0.02710620743581349,0.02697302697302697
Total catch,Other,0.32684395830633406,0.00178370903594315,0.02697302697302697
Total catch,Other,0.32684395830633406,0.22509034504848105,0.02697302697302697
Total catch,Other,0.32684395830633406,-0.10601125469586604,0.02697302697302697
Total catch,Other,0.32684395830633406,-0.00343160112175744,0.02697302697302697
Total catch,Other,0.32684395830633406,0.14604209901792886,0.02697302697302697
Total catch,Other,0.32684395830633406,0.04448875124092377,0.02697302697302697
Total catch,Other,0.32684395830633406,-0.1331801315603247,0.02697302697302697
Total catch,Other,0.32684395830633406,-0.08200881545360184,0.02697302697302697
Total catch,Other,0.32684395830633406,0.02796605827314635,0.02697302697302697
Total catch,Other,0.32684395830633406,0.13792295941070054,0.02697302697302697
Total catch,Other,0.32684395830633406,0.13751040272494575,0.02697302697302697
Total catch,Other,0.32684395830633406,0.1963482819021981,0.02697302697302697
Total catch,Other,0.32684395830633406,0.3709007421051276,0.02697302697302697
Total catch,Other,0.32684395830633406,-0.06498847164243537,0.02697302697302697
Total catch,Other,0.32684395830633406,0.00178370903594315,0.02697302697302697
Total catch,Other,0.32684395830633406,0.04463927891441266,0.02697302697302697
Total catch,Other,0.32684395830633406,0.12007227510481312,0.02697302697302697
Total catch,Other,0.32684395830633406,0.23314561090492436,0.02697302697302697
Total catch,Other,0.32684395830633406,0.01482117721683429,0.02697302697302697
Total catch,Other,0.32684395830633406,0.08101356292221629,0.02697302697302697
Total catch,Other,0.32684395830633406,-0.11648106845496708,0.02697302697302697
Total catch,Other,0.32684395830633406,-0.06738961534233923,0.02697302697302697
Total catch,Other,0.32684395830633406,0.17765761127344848,0.02697302697302697
Total catch,Other,0.32684395830633406,0.12153435152798107,0.02697302697302697
Total catch,Other,0.32684395830633406,0.1971297726253343,0.02697302697302697
Total catch,Other,0.32684395830633406,0.04463927891441266,0.02697302697302697
Total catch,Other,0.32684395830633406,0.03826717863860685,0.02697302697302697
Total catch,Other,0.32684395830633406,0.01592065032246847,0.02697302697302697
Total catch,Other,0.32684395830633406,0.03238861367635526,0.02697302697302697
Total catch,Other,0.32684395830633406,0.1421587700339344,0.02697302697302697
Total catch,Other,0.32684395830633406,-0.10761085560175145,0.02697302697302697
Total catch,Other,0.32684395830633406,-0.0597813416497035,0.02697302697302697
Total catch,Other,0.32684395830633406,0.39276645972737567,0.02697302697302697
Total catch,Other,0.32684395830633406,0.02611262333579478,0.02697302697302697
Total catch,Other,0.32684395830633406,0.0180396138176262,0.02697302697302697
Total catch,Other,0.32684395830633406,-0.11350468123752178,0.02697302697302697
Total catch,Other,0.32684395830633406,0.08121034885373157,0.02697302697302697
Total catch,Other,0.32684395830633406,-0.04203150678995771,0.02697302697302697
Total catch,Other,0.32684395830633406,0.22475088049793868,0.02697302697302697
Total catch,Other,0.32684395830633406,0.22483889927812672,0.02697302697302697
Total catch,Other,0.32684395830633406,-0.02383915092685007,0.02697302697302697
Total catch,Other,0.32684395830633406,-0.16745064239310503,0.02697302697302697
Total catch,Other,0.32684395830633406,-0.06153867831271209,0.02697302697302697
Total catch,Other,0.32684395830633406,0.06110899705029127,0.02697302697302697
Total catch,Other,0.32684395830633406,-0.00735759808003,0.02697302697302697
Total catch,Other,0.32684395830633406,0.3383725575132607,0.02697302697302697
Total catch,Other,0.32684395830633406,-0.07348096835227547,0.02697302697302697
Total catch,Other,0.32684395830633406,0.2535043309018429,0.02697302697302697
Total catch,Other,0.32684395830633406,0.0193881288967449,0.02697302697302697
Total catch,Other,0.32684395830633406,-0.04657784243835516,0.02697302697302697
Total catch,Other,0.32684395830633406,-0.10601125469586604,0.02697302697302697
Total catch,Other,0.32684395830633406,0.11485729354924212,0.02697302697302697
Total catch,Other,0.32684395830633406,0.02548983284002326,0.02697302697302697
Total catch,Other,0.32684395830633406,0.09053694524384814,0.02697302697302697
Total catch,Other,0.32684395830633406,0.07582684375654802,0.02697302697302697
Total catch,Other,0.32684395830633406,-0.04854091625921186,0.02697302697302697
Total catch,Other,0.32684395830633406,0.23004377471275095,0.02697302697302697
Total catch,Other,0.32684395830633406,0.02419314915299353,0.02697302697302697
Total catch,Other,0.32684395830633406,-0.1329484878820424,0.02697302697302697
Total catch,Other,0.32684395830633406,0.12047663129286768,0.02697302697302697
Total catch,Other,0.32684395830633406,-0.02251107762601645,0.02697302697302697
Total catch,Other,0.32684395830633406,-0.05420647021945535,0.02697302697302697
Total catch,Other,0.32684395830633406,0.06874310838101116,0.02697302697302697
Total catch,Other,0.32684395830633406,-0.03411725216382666,0.02697302697302697
Total catch,Other,0.32684395830633406,0.03204536715749007,0.02697302697302697
Total catch,Other,0.32684395830633406,0.06770903227524316,0.02697302697302697
Total catch,Other,0.32684395830633406,0.14953835017878725,0.02697302697302697
Total catch,Other,0.32684395830633406,-0.06312764559577078,0.02697302697302697
Total catch,Other,0.32684395830633406,-0.02603784086797289,0.02697302697302697
Total catch,Other,0.32684395830633406,-0.11350468123752178,0.02697302697302697
Total catch,Other,0.32684395830633406,0.19667363979586083,0.02697302697302697
Total catch,Other,0.32684395830633406,0.19872242380773109,0.02697302697302697
Total catch,Other,0.32684395830633406,0.06182134583521281,0.02697302697302697
Total catch,Other,0.32684395830633406,0.12027984613202893,0.02697302697302697
Total catch,Other,0.32684395830633406,0.02419314915299353,0.02697302697302697
Total catch,Other,0.32684395830633406,0.1374630795287799,0.02697302697302697
Total catch,Other,0.32684395830633406,-0.01421134264843715,0.02697302697302697
Total catch,Other,0.32684395830633406,0.02548983284002326,0.02697302697302697
Total catch,Other,0.32684395830633406,-0.13814979677949446,0.02697302697302697
Total catch,Other,0.32684395830633406,0.24109101894518548,0.02697302697302697
Total catch,Other,0.32684395830633406,0.11628225318301788,0.02697302697302697
Total catch,Other,0.32684395830633406,0.19925635723836643,0.02697302697302697
Total catch,Other,0.32684395830633406,0.0327938621621433,0.02697302697302697
Total catch,Other,0.32684395830633406,0.2002354627795908,0.02697302697302697
Total catch,Other,0.32684395830633406,0.12012730737377963,0.02697302697302697
Total catch,Other,0.32684395830633406,0.19893698691772024,0.02697302697302697
Total catch,Other,0.32684395830633406,0.20835026801080017,0.02697302697302697
Total catch,Other,0.32684395830633406,0.23065815804422307,0.02697302697302697
Total catch,Other,0.32684395830633406,0.03641412597897431,0.02697302697302697
Total catch,Other,0.32684395830633406,-0.07574687383050627,0.02697302697302697
Total catch,Other,0.32684395830633406,-0.03899299360857689,0.02697302697302697
Total catch,Other,0.32684395830633406,0.1251551050230559,0.02697302697302697
Total catch,Other,0.32684395830633406,-0.0651310895954269,0.02697302697302697
Total catch,Other,0.32684395830633406,-0.0803287959165846,0.02697302697302697
Total catch,Other,0.32684395830633406,0.04306515778406739,0.02697302697302697
Total catch,Other,0.32684395830633406,0.12083880543163096,0.02697302697302697
Total catch,Other,0.32684395830633406,0.2044287264451523,0.02697302697302697
Total catch,Other,0.32684395830633406,-0.05013641044573136,0.02697302697302697
Total catch,Other,0.32684395830633406,-0.08205755895984357,0.02697302697302697
Total catch,Other,0.32684395830633406,0.00661604335824428,0.02697302697302697
Total catch,Other,0.32684395830633406,-0.07172595864978848,0.02697302697302697
Total catch,Other,0.32684395830633406,0.19389980881983615,0.02697302697302697
Total catch,Other,0.32684395830633406,-0.04870880529596944,0.02697302697302697
Total catch,Other,0.32684395830633406,0.00450794721400527,0.02697302697302697
Total catch,Other,0.32684395830633406,0.02029840306411368,0.02697302697302697
Total catch,Other,0.32684395830633406,-0.04597835244580728,0.02697302697302697
Total catch,Other,0.32684395830633406,0.2811115651009911,0.02697302697302697
Total catch,Other,0.32684395830633406,0.17570510660166938,0.02697302697302697
Total catch,Other,0.32684395830633406,0.01083364656915164,0.02697302697302697
Total catch,Other,0.32684395830633406,-0.04997245202856781,0.02697302697302697
Total catch,Other,0.32684395830633406,0.14799721347436223,0.02697302697302697
Total catch,Other,0.32684395830633406,0.04448875124092377,0.02697302697302697
Total catch,Other,0.32684395830633406,0.05397447438879332,0.02697302697302697
Total catch,Other,0.32684395830633406,-0.05990362215451128,0.02697302697302697
Total catch,Other,0.32684395830633406,0.2155766143896284,0.02697302697302697
Total catch,Other,0.32684395830633406,0.23377652980627503,0.02697302697302697
Total catch,Other,0.32684395830633406,0.0454241101864512,0.02697302697302697
Total catch,Other,0.32684395830633406,0.09266380618641656,0.02697302697302697
Total catch,Other,0.32684395830633406,0.2347598051161688,0.02697302697302697
Total catch,Other,0.32684395830633406,0.21914697280560935,0.02697302697302697
Total catch,Other,0.32684395830633406,0.387230036066904,0.02697302697302697
Total catch,Other,0.32684395830633406,0.2171105982012882,0.02697302697302697
Total catch,Other,0.32684395830633406,0.02746227553531299,0.02697302697302697
Total catch,Other,0.32684395830633406,0.00729901318567871,0.02697302697302697
Total catch,Other,0.32684395830633406,0.27402921269602476,0.02697302697302697
Total catch,Other,0.32684395830633406,0.13096664162197347,0.02697302697302697
Total catch,Other,0.32684395830633406,-0.06268170740332568,0.02697302697302697
Total catch,Other,0.32684395830633406,-0.07834734901280727,0.02697302697302697
Total catch,Other,0.32684395830633406,0.17182588891081907,0.02697302697302697
Total catch,Other,0.32684395830633406,0.23579576563954996,0.02697302697302697
Total catch,Other,0.32684395830633406,-0.0689234753070358,0.02697302697302697
Total catch,Other,0.32684395830633406,-0.0989758434522734,0.02697302697302697
Total catch,Other,0.32684395830633406,0.3709007421051276,0.02697302697302697
Total catch,Other,0.32684395830633406,0.13408284829724493,0.02697302697302697
Total catch,Other,0.32684395830633406,0.04752252953942348,0.02697302697302697
Total catch,Other,0.32684395830633406,0.3383725575132607,0.02697302697302697
Total catch,Other,0.32684395830633406,0.20510541951786188,0.02697302697302697
Total catch,Other,0.32684395830633406,0.23314561090492436,0.02697302697302697
Total catch,Other,0.32684395830633406,-0.05317025637459705,0.02697302697302697
Total catch,Other,0.32684395830633406,0.00344575930629265,0.02697302697302697
Total catch,Other,0.32684395830633406,-0.05317025637459705,0.02697302697302697
Total catch,Other,0.32684395830633406,0.03221900847427506,0.02697302697302697
Total catch,Other,0.32684395830633406,-0.01689161353158108,0.02697302697302697
Total catch,Other,0.32684395830633406,0.12083880543163096,0.02697302697302697
Total catch,Other,0.32684395830633406,0.02017451419340044,0.02697302697302697
Total catch,Other,0.32684395830633406,0.06731100408653312,0.02697302697302697
Total catch,Other,0.32684395830633406,0.19886691628172937,0.02697302697302697
Total catch,Other,0.32684395830633406,0.00477956880056684,0.02697302697302697
Total catch,Other,0.32684395830633406,0.20066378187764533,0.02697302697302697
Total catch,Other,0.32684395830633406,0.35173422350550587,0.02697302697302697
Total catch,Other,0.32684395830633406,0.01243701899178306,0.02697302697302697
Total catch,Other,0.32684395830633406,0.03559556043007983,0.02697302697302697
Total catch,Other,0.32684395830633406,0.12778850127179298,0.02697302697302697
Total catch,Other,0.32684395830633406,-0.07834734901280727,0.02697302697302697
Total catch,Other,0.32684395830633406,-0.08466827152757439,0.02697302697302697
Total catch,Other,0.32684395830633406,0.22571270599747273,0.02697302697302697
Total catch,Other,0.32684395830633406,0.1837454206132909,0.02697302697302697
Total catch,Other,0.32684395830633406,-0.0931687247723676,0.02697302697302697
Total catch,Other,0.32684395830633406,0.03928487011770354,0.02697302697302697
Total catch,Other,0.32684395830633406,0.13724710869126322,0.02697302697302697
Total catch,Other,0.32684395830633406,-0.04031943219445777,0.02697302697302697
Total catch,Other,0.32684395830633406,-0.057513217570067,0.02697302697302697
Total catch,Other,0.32684395830633406,0.03641412597897431,0.02697302697302697
Total catch,Other,0.32684395830633406,0.1374630795287799,0.02697302697302697
Total catch,Other,0.32684395830633406,0.01430254884837545,0.02697302697302697
Total catch,Other,0.32684395830633406,0.03641412597897431,0.02697302697302697
Total catch,Other,0.32684395830633406,0.01527565794723395,0.02697302697302697
Total catch,Other,0.32684395830633406,0.06524335847604834,0.02697302697302697
Total catch,Other,0.32684395830633406,0.29900452695538327,0.02697302697302697
Total catch,Other,0.32684395830633406,0.2113574717029436,0.02697302697302697
Total catch,Other,0.32684395830633406,0.06372601012094614,0.02697302697302697
Total catch,Other,0.32684395830633406,0.02175365190073575,0.02697302697302697
Total catch,Other,0.32684395830633406,0.12047663129286768,0.02697302697302697
Total catch,Other,0.32684395830633406,-0.02990522452015853,0.02697302697302697
Total catch,Other,0.32684395830633406,-0.02525961603048543,0.02697302697302697
Total catch,Other,0.32684395830633406,0.02419314915299353,0.02697302697302697
Total catch,Other,0.32684395830633406,0.24510224931634397,0.02697302697302697
Total catch,Other,0.32684395830633406,0.2263673241605927,0.02697302697302697
Total catch,Other,0.32684395830633406,0.1895229601242614,0.02697302697302697
Total catch,Other,0.32684395830633406,-0.13186318345463222,0.02697302697302697
Total catch,Other,0.32684395830633406,0.11426677179537605,0.02697302697302697
Total catch,Other,0.32684395830633406,0.2474089880932131,0.02697302697302697
Total catch,Other,0.32684395830633406,0.06880008886719369,0.02697302697302697
Total catch,Other,0.32684395830633406,0.09327131506999842,0.02697302697302697
Total catch,Other,0.32684395830633406,0.03826717863860685,0.02697302697302697
Total catch,Other,0.32684395830633406,0.1868321675345903,0.02697302697302697
Total catch,Other,0.32684395830633406,0.3729394272335227,0.02697302697302697
Total catch,Other,0.32684395830633406,0.19300652818633335,0.02697302697302697
Total catch,Other,0.32684395830633406,0.06391657100170467,0.02697302697302697
Total catch,Other,0.32684395830633406,0.20589881269182497,0.02697302697302697
Total catch,Other,0.32684395830633406,-0.036918567608484,0.02697302697302697
Total catch,Other,0.32684395830633406,0.17182588891081907,0.02697302697302697
Total catch,Other,0.32684395830633406,0.21237960219766305,0.02697302697302697
Total catch,Other,0.32684395830633406,0.1222665782043758,0.02697302697302697
Total catch,Other,0.32684395830633406,0.12027984613202893,0.02697302697302697
Total catch,Other,0.32684395830633406,0.02097739634614004,0.02697302697302697
Total catch,Other,0.32684395830633406,0.1552041791466725,0.02697302697302697
Total catch,Other,0.32684395830633406,-0.08220830385373823,0.02697302697302697
Total catch,Other,0.32684395830633406,0.06123788194683044,0.02697302697302697
Total catch,Other,0.32684395830633406,-0.02027047741303977,0.02697302697302697
Total catch,Other,0.32684395830633406,0.3114926099319114,0.02697302697302697
Total catch,Other,0.32684395830633406,-0.03422943804059342,0.02697302697302697
Total catch,Other,0.32684395830633406,-0.04715638671047362,0.02697302697302697
Total catch,Other,0.32684395830633406,0.1921433415970738,0.02697302697302697
Total catch,Other,0.32684395830633406,0.19502787112418785,0.02697302697302697
Total catch,Other,0.32684395830633406,-0.05238023238716582,0.02697302697302697
Total catch,Other,0.32684395830633406,-0.2219588204544638,0.02697302697302697
Total catch,Other,0.32684395830633406,0.2396320192275564,0.02697302697302697
Total catch,Other,0.32684395830633406,0.23922040335768224,0.02697302697302697
Total catch,Other,0.32684395830633406,0.3251760337372358,0.02697302697302697
Total catch,Other,0.32684395830633406,0.1650037297038759,0.02697302697302697
Total catch,Other,0.32684395830633406,0.03552165314691713,0.02697302697302697
Total catch,Other,0.32684395830633406,0.24423292680245212,0.02697302697302697
Total catch,Other,0.32684395830633406,0.02628591062688934,0.02697302697302697
Total catch,Other,0.32684395830633406,0.3451117774080895,0.02697302697302697
Total catch,Other,0.32684395830633406,0.18260865733609188,0.02697302697302697
Total catch,Other,0.32684395830633406,0.01710297036762442,0.02697302697302697
Total catch,Other,0.32684395830633406,0.12047663129286768,0.02697302697302697
Total catch,Other,0.32684395830633406,-0.15485647521821755,0.02697302697302697
Total catch,Other,0.32684395830633406,-0.07806242974269018,0.02697302697302697
Total catch,Other,0.32684395830633406,0.03198850072053738,0.02697302697302697
Total catch,Other,0.32684395830633406,0.2396320192275564,0.02697302697302697
Total catch,Other,0.32684395830633406,-0.03280590823183949,0.02697302697302697
Total catch,Other,0.32684395830633406,0.03950948165190759,0.02697302697302697
Total catch,Other,0.32684395830633406,0.07643578049081046,0.02697302697302697
Total catch,Other,0.32684395830633406,0.05644823931395959,0.02697302697302697
Total catch,Other,0.32684395830633406,0.04754167152204613,0.02697302697302697
Total catch,Other,0.32684395830633406,0.24888642645768533,0.02697302697302697
Total catch,Other,0.32684395830633406,0.09014993239202196,0.02697302697302697
Total catch,Other,0.32684395830633406,0.3423251766586607,0.02697302697302697
Total catch,Other,0.32684395830633406,0.03101352170742521,0.02697302697302697
Total catch,Other,0.32684395830633406,0.24239698632546536,0.02697302697302697
Total catch,Other,0.32684395830633406,-0.07090906817140308,0.02697302697302697
Total catch,Other,0.32684395830633406,0.03660126445071865,0.02697302697302697
Total catch,Other,0.32684395830633406,0.2171105982012882,0.02697302697302697
Total catch,Other,0.32684395830633406,-0.04879089234676082,0.02697302697302697
Total catch,Other,0.32684395830633406,0.04323880702675176,0.02697302697302697
Total catch,Other,0.32684395830633406,0.00807807487270173,0.02697302697302697
Total catch,Other,0.32684395830633406,-0.0597813416497035,0.02697302697302697
Total catch,Other,0.32684395830633406,-0.00735759808003,0.02697302697302697
Total catch,Other,0.32684395830633406,0.2474089880932131,0.02697302697302697
Total catch,Other,0.32684395830633406,-0.00176202467120312,0.02697302697302697
Total catch,Other,0.32684395830633406,0.0540235983406182,0.02697302697302697
Total catch,Other,0.32684395830633406,0.06689767700227467,0.02697302697302697
Total catch,Other,0.32684395830633406,-0.0651310895954269,0.02697302697302697
Total catch,Other,0.32684395830633406,-0.04412391493914125,0.02697302697302697
Total catch,Other,0.32684395830633406,0.1270190328268409,0.02697302697302697
Total catch,Other,0.32684395830633406,0.01294878838292168,0.02697302697302697
Total catch,Other,0.32684395830633406,0.1977078545887512,0.02697302697302697
Total catch,Other,0.32684395830633406,0.22094726318067617,0.02697302697302697
Total catch,Other,0.32684395830633406,0.07029390944692382,0.02697302697302697
Total catch,Other,0.32684395830633406,0.14953835017878725,0.02697302697302697
Total catch,Other,0.32684395830633406,-0.07620487171439816,0.02697302697302697
Total catch,Other,0.32684395830633406,-0.06536164805793332,0.02697302697302697
Total catch,Other,0.32684395830633406,0.06182134583521281,0.02697302697302697
Total catch,Other,0.32684395830633406,-0.1244204274258276,0.02697302697302697
Total catch,Other,0.32684395830633406,0.1683960377732432,0.02697302697302697
Total catch,Other,0.32684395830633406,0.1751189168554258,0.02697302697302697
Total catch,Other,0.32684395830633406,0.12072617797450168,0.02697302697302697
Total catch,Other,0.32684395830633406,0.04226198067857667,0.02697302697302697
Total catch,Other,0.32684395830633406,0.03674255354087519,0.02697302697302697
Total catch,Other,0.32684395830633406,0.06418758913603007,0.02697302697302697
Total catch,Other,0.32684395830633406,-0.0206646294616819,0.02697302697302697
Total catch,Other,0.32684395830633406,0.14430046550878262,0.02697302697302697
Total catch,Other,0.32684395830633406,-0.00367923532635905,0.02697302697302697
Total catch,Other,0.32684395830633406,0.12730819843414332,0.02697302697302697
Total catch,Other,0.32684395830633406,0.0751348341246525,0.02697302697302697
Total catch,Other,0.32684395830633406,0.2217205283534751,0.02697302697302697
Total catch,Other,0.32684395830633406,0.19020471744258827,0.02697302697302697
Total catch,Other,0.32684395830633406,0.12493583689095587,0.02697302697302697
Total catch,Other,0.32684395830633406,-0.05238023238716582,0.02697302697302697
Total catch,Other,0.32684395830633406,-0.02604631385539702,0.02697302697302697
Total catch,Other,0.32684395830633406,-0.09636001152063224,0.02697302697302697
Total catch,Other,0.32684395830633406,-0.05089095778279939,0.02697302697302697
Total catch,Other,0.32684395830633406,0.07801598687148326,0.02697302697302697
Total catch,Other,0.32684395830633406,0.06242855598489627,0.02697302697302697
Total catch,Other,0.32684395830633406,-0.01033725736796675,0.02697302697302697
Total catch,Other,0.32684395830633406,0.03826717863860685,0.02697302697302697
Total catch,Other,0.32684395830633406,-0.091059733853605,0.02697302697302697
Total catch,Other,0.32684395830633406,0.2887696473999072,0.02697302697302697
Total catch,Other,0.32684395830633406,-0.04412391493914125,0.02697302697302697
Total catch,Other,0.32684395830633406,0.35173422350550587,0.02697302697302697
Total catch,Other,0.32684395830633406,-0.06735249886367933,0.02697302697302697
Total catch,Other,0.32684395830633406,0.03238861367635526,0.02697302697302697
Total catch,Other,0.32684395830633406,0.22483889927812672,0.02697302697302697
Total catch,Other,0.32684395830633406,0.04584608103113719,0.02697302697302697
Total catch,Other,0.32684395830633406,0.04526471502672602,0.02697302697302697
Total catch,Other,0.32684395830633406,0.07137226269290953,0.02697302697302697
Total catch,Other,0.32684395830633406,0.12275085474638649,0.02697302697302697
Total catch,Other,0.32684395830633406,0.02175365190073575,0.02697302697302697
Total catch,Other,0.32684395830633406,0.00316379950259371,0.02697302697302697
Total catch,Other,0.32684395830633406,0.02069292258460253,0.02697302697302697
Total catch,Other,0.32684395830633406,-0.03644017785395936,0.02697302697302697
Total catch,Other,0.32684395830633406,0.03422547507455154,0.02697302697302697
Total catch,Other,0.32684395830633406,0.06272445704259166,0.02697302697302697
Total catch,Other,0.32684395830633406,0.11717930512795516,0.02697302697302697
Total catch,Other,0.32684395830633406,0.04950448876672064,0.02697302697302697
Total catch,Other,0.32684395830633406,-0.08494432649990058,0.02697302697302697
Total catch,Other,0.32684395830633406,0.17637290502012493,0.02697302697302697
Total catch,Other,0.32684395830633406,-0.03096285660930631,0.02697302697302697
Total catch,Other,0.32684395830633406,0.1905292809700605,0.02697302697302697
Total catch,Other,0.32684395830633406,-0.09005024435101916,0.02697302697302697
Total catch,Other,0.32684395830633406,0.02854369868212614,0.02697302697302697
Total catch,Other,0.32684395830633406,0.153290011324544,0.02697302697302697
Total catch,Other,0.32684395830633406,-0.05238023238716582,0.02697302697302697
Total catch,Other,0.32684395830633406,-0.05856539967186935,0.02697302697302697
Total catch,Other,0.32684395830633406,0.1905292809700605,0.02697302697302697
Total catch,Other,0.32684395830633406,-0.1329484878820424,0.02697302697302697
Total catch,Other,0.32684395830633406,0.00894636595694176,0.02697302697302697
Total catch,Other,0.32684395830633406,0.00568008027702116,0.02697302697302697
Total catch,Other,0.32684395830633406,-0.00131708883338577,0.02697302697302697
Total catch,Other,0.32684395830633406,-0.04025803275375894,0.02697302697302697
Total catch,Other,0.32684395830633406,-0.04854091625921186,0.02697302697302697
Total catch,Other,0.32684395830633406,-0.03651459185481931,0.02697302697302697
Total catch,Other,0.32684395830633406,0.02854369868212614,0.02697302697302697
Total catch,Other,0.32684395830633406,0.13751040272494575,0.02697302697302697
Total catch,Other,0.32684395830633406,0.1374630795287799,0.02697302697302697
Total catch,Other,0.32684395830633406,-0.0687166833294246,0.02697302697302697
Total catch,Other,0.32684395830633406,0.1653336911806066,0.02697302697302697
Total catch,Other,0.32684395830633406,-0.07939872122880232,0.02697302697302697
Total catch,Other,0.32684395830633406,-0.12841810775675522,0.02697302697302697
Total catch,Other,0.32684395830633406,0.15273683590599685,0.02697302697302697
Total catch,Other,0.32684395830633406,0.20589881269182497,0.02697302697302697
Total catch,Other,0.32684395830633406,0.18802201109445105,0.02697302697302697
Total catch,Other,0.32684395830633406,-0.02383915092685007,0.02697302697302697
Total catch,Other,0.32684395830633406,0.02392271205644647,0.02697302697302697
Total catch,Other,0.32684395830633406,0.07148635725842822,0.02697302697302697
Total catch,Other,0.32684395830633406,-0.02524964493927317,0.02697302697302697
Total catch,Other,0.32684395830633406,-0.03999660180581488,0.02697302697302697
Total catch,Other,0.32684395830633406,0.03101352170742521,0.02697302697302697
Total catch,Other,0.32684395830633406,0.0988987996723506,0.02697302697302697
Total catch,Other,0.32684395830633406,0.2535043309018429,0.02697302697302697
Total catch,Other,0.32684395830633406,-0.03669081512828343,0.02697302697302697
Total catch,Other,0.32684395830633406,-0.1764257423269142,0.02697302697302697
Total catch,Other,0.32684395830633406,-0.04631839800997817,0.02697302697302697
Total catch,Other,0.32684395830633406,-0.0597813416497035,0.02697302697302697
Total catch,Other,0.32684395830633406,-0.01085848981076687,0.02697302697302697
Total catch,Other,0.32684395830633406,0.12066681105198884,0.02697302697302697
Total catch,Other,0.32684395830633406,0.08282936829567322,0.02697302697302697
Total catch,Other,0.32684395830633406,-0.059577325514786,0.02697302697302697
Total catch,Other,0.32684395830633406,-0.01053178258915421,0.02697302697302697
Total catch,Other,0.32684395830633406,-0.0806911943057187,0.02697302697302697
Total catch,Other,0.32684395830633406,0.00477956880056684,0.02697302697302697
Total catch,Other,0.32684395830633406,-0.0103047551657307,0.02697302697302697
Total catch,Other,0.32684395830633406,0.2171105982012882,0.02697302697302697
Total catch,Other,0.32684395830633406,0.05403700571440506,0.02697302697302697
Total catch,Other,0.32684395830633406,0.3423251766586607,0.02697302697302697
Total catch,Other,0.32684395830633406,0.2396320192275564,0.02697302697302697
Total catch,Other,0.32684395830633406,-0.036206023481683,0.02697302697302697
Total catch,Other,0.32684395830633406,-0.12841810775675522,0.02697302697302697
Total catch,Other,0.32684395830633406,0.04866654085883737,0.02697302697302697
Total catch,Other,0.32684395830633406,0.13258219545572036,0.02697302697302697
Total catch,Other,0.32684395830633406,-0.08494432649990058,0.02697302697302697
Total catch,Other,0.32684395830633406,-0.08489231811790376,0.02697302697302697
Total catch,Other,0.32684395830633406,-0.1290241964754386,0.02697302697302697
Total catch,Other,0.32684395830633406,-0.05918131258734416,0.02697302697302697
Total catch,Other,0.32684395830633406,0.2123851792472821,0.02697302697302697
Total catch,Other,0.32684395830633406,0.3119095419800203,0.02697302697302697
Total catch,Other,0.32684395830633406,-0.03527153660797633,0.02697302697302697
Total catch,Other,0.32684395830633406,-0.05158641823071175,0.02697302697302697
Total catch,Other,0.32684395830633406,-0.07040528352622033,0.02697302697302697
Total catch,Other,0.32684395830633406,-0.07661090610143995,0.02697302697302697
Total catch,Other,0.32684395830633406,-0.04657784243835516,0.02697302697302697
Total catch,Other,0.32684395830633406,0.13751040272494575,0.02697302697302697
Total catch,Other,0.32684395830633406,0.29730770775327753,0.02697302697302697
Total catch,Other,0.32684395830633406,0.13917373058157734,0.02697302697302697
Total catch,Other,0.32684395830633406,0.01379453642576633,0.02697302697302697
Total catch,Other,0.32684395830633406,-0.0068447097461710104,0.02697302697302697
Total catch,Other,0.32684395830633406,-0.03760819115148028,0.02697302697302697
Total catch,Other,0.32684395830633406,0.12053805104378068,0.02697302697302697
Total catch,Other,0.32684395830633406,0.11541918772229263,0.02697302697302697
Total catch,Other,0.32684395830633406,-0.09360517727581308,0.02697302697302697
Total catch,Other,0.32684395830633406,0.153290011324544,0.02697302697302697
Total catch,Other,0.32684395830633406,0.3729394272335227,0.02697302697302697
Total catch,Other,0.32684395830633406,0.11865239763681255,0.02697302697302697
Total catch,Other,0.32684395830633406,-0.04901243230368912,0.02697302697302697
Total catch,Other,0.32684395830633406,0.34566914214096034,0.02697302697302697
Total catch,Other,0.32684395830633406,-0.02710620743581349,0.02697302697302697
Total catch,Other,0.32684395830633406,0.19020471744258827,0.02697302697302697
Total catch,Other,0.32684395830633406,0.01379453642576633,0.02697302697302697
Total catch,Other,0.32684395830633406,0.2113004267895905,0.02697302697302697
Total catch,Other,0.32684395830633406,-0.07309207351041924,0.02697302697302697
Total catch,Other,0.32684395830633406,-0.11350468123752178,0.02697302697302697
Total catch,Other,0.32684395830633406,0.06272445704259166,0.02697302697302697
Total catch,Other,0.32684395830633406,0.17320551774894843,0.02697302697302697
Total catch,Other,0.32684395830633406,0.14799721347436223,0.02697302697302697
Total catch,Other,0.32684395830633406,-0.01242249182443799,0.02697302697302697
Total catch,Other,0.32684395830633406,0.19020471744258827,0.02697302697302697
Total catch,Other,0.32684395830633406,-0.16745652980462755,0.02697302697302697
Total catch,Other,0.32684395830633406,0.3119095419800203,0.02697302697302697
Total catch,Other,0.32684395830633406,-0.08489231811790376,0.02697302697302697
Total catch,Other,0.32684395830633406,0.00817952064968186,0.02697302697302697
Total catch,Other,0.32684395830633406,0.24948233152778376,0.02697302697302697
Total catch,Other,0.32684395830633406,0.2354546744799585,0.02697302697302697
Total catch,Other,0.32684395830633406,0.22592092491592863,0.02697302697302697
Total catch,Other,0.32684395830633406,-0.02604631385539702,0.02697302697302697
Total catch,Other,0.32684395830633406,0.08409735171001798,0.02697302697302697
Total catch,Other,0.32684395830633406,-0.01053178258915421,0.02697302697302697
Total catch,Other,0.32684395830633406,0.23243663232408196,0.02697302697302697
Total catch,Other,0.32684395830633406,0.06335929493239156,0.02697302697302697
Total catch,Other,0.32684395830633406,-0.07806242974269018,0.02697302697302697
Total catch,Other,0.32684395830633406,-0.10835474304454218,0.02697302697302697
Total catch,Other,0.32684395830633406,0.13917373058157734,0.02697302697302697
Total catch,Other,0.32684395830633406,-0.0963474404767628,0.02697302697302697
Total catch,Other,0.32684395830633406,-0.04330508502689922,0.02697302697302697
Total catch,Other,0.32684395830633406,-0.2219588204544638,0.02697302697302697
Total catch,Other,0.32684395830633406,0.1743764930664098,0.02697302697302697
Total catch,Other,0.32684395830633406,0.06110899705029127,0.02697302697302697
Total catch,Other,0.32684395830633406,0.08121034885373157,0.02697302697302697
Total catch,Other,0.32684395830633406,0.02427705577506866,0.02697302697302697
Total catch,Other,0.32684395830633406,-0.12843653653423348,0.02697302697302697
Total catch,Other,0.32684395830633406,0.12146097811735124,0.02697302697302697
Total catch,Other,0.32684395830633406,0.35350039946730405,0.02697302697302697
Total catch,Other,0.32684395830633406,-0.06097747504549011,0.02697302697302697
Total catch,Other,0.32684395830633406,0.259188551318972,0.02697302697302697
Total catch,Other,0.32684395830633406,0.12872340112687108,0.02697302697302697
Total catch,Other,0.32684395830633406,0.21114487392808567,0.02697302697302697
Total catch,Other,0.32684395830633406,0.12464617302639902,0.02697302697302697
Total catch,Other,0.32684395830633406,0.13096664162197347,0.02697302697302697
Total catch,Other,0.32684395830633406,0.02240324057126153,0.02697302697302697
Total catch,Other,0.32684395830633406,0.04643338283422871,0.02697302697302697
Total catch,Other,0.32684395830633406,-0.11440594550501636,0.02697302697302697
Total catch,Other,0.32684395830633406,-0.05388876599370285,0.02697302697302697
Total catch,Other,0.32684395830633406,0.2113574717029436,0.02697302697302697
Total catch,Other,0.32684395830633406,-0.08466827152757439,0.02697302697302697
Total catch,Other,0.32684395830633406,0.05240588152628422,0.02697302697302697
Total catch,Other,0.32684395830633406,0.03552165314691713,0.02697302697302697
Total catch,Other,0.32684395830633406,-0.03096285660930631,0.02697302697302697
Total catch,Other,0.32684395830633406,-0.05550635722766817,0.02697302697302697
Total catch,Other,0.32684395830633406,-0.10872767467017752,0.02697302697302697
Total catch,Other,0.32684395830633406,-0.04639448694188131,0.02697302697302697
Total catch,Other,0.32684395830633406,0.0751348341246525,0.02697302697302697
Total catch,Other,0.32684395830633406,0.00344575930629265,0.02697302697302697
Total catch,Other,0.32684395830633406,0.06558533577847792,0.02697302697302697
Total catch,Other,0.32684395830633406,-0.05566243224915923,0.02697302697302697
Total catch,Other,0.32684395830633406,-0.00847762358579773,0.02697302697302697
Total catch,Other,0.32684395830633406,0.0046971670039535,0.02697302697302697
Total catch,Other,0.32684395830633406,-0.04901243230368912,0.02697302697302697
Total catch,Other,0.32684395830633406,-0.00851983836463987,0.02697302697302697
Total catch,Other,0.32684395830633406,0.1902957810313194,0.02697302697302697
Total catch,Other,0.32684395830633406,0.25717430959367493,0.02697302697302697
Total catch,Other,0.32684395830633406,0.1374630795287799,0.02697302697302697
Total catch,Other,0.32684395830633406,-0.03058605056871588,0.02697302697302697
Total catch,Other,0.32684395830633406,-0.03370726153588133,0.02697302697302697
Total catch,Other,0.32684395830633406,0.2002864573757391,0.02697302697302697
Total catch,Other,0.32684395830633406,0.13917373058157734,0.02697302697302697
Total catch,Other,0.32684395830633406,0.12066681105198884,0.02697302697302697
Total catch,Other,0.32684395830633406,-0.04639448694188131,0.02697302697302697
Total catch,Other,0.32684395830633406,0.3709007421051276,0.02697302697302697
Total catch,Other,0.32684395830633406,0.194624602015535,0.02697302697302697
Total catch,Other,0.32684395830633406,0.1690387658229674,0.02697302697302697
Total catch,Other,0.32684395830633406,0.07378298605720746,0.02697302697302697
Total catch,Other,0.32684395830633406,0.0026419283233422,0.02697302697302697
Total catch,Other,0.32684395830633406,0.04754167152204613,0.02697302697302697
Total catch,Other,0.32684395830633406,0.1129967312895752,0.02697302697302697
Total catch,Other,0.32684395830633406,0.11992375146467882,0.02697302697302697
Total catch,Other,0.32684395830633406,0.06770903227524316,0.02697302697302697
Total catch,Other,0.32684395830633406,0.09220616415869354,0.02697302697302697
Total catch,Other,0.32684395830633406,0.01243701899178306,0.02697302697302697
Total catch,Other,0.32684395830633406,0.1895229601242614,0.02697302697302697
Total catch,Other,0.32684395830633406,0.27251526431093775,0.02697302697302697
Total catch,Other,0.32684395830633406,0.04053081202574515,0.02697302697302697
Total catch,Other,0.32684395830633406,0.01482117721683429,0.02697302697302697
Total catch,Other,0.32684395830633406,0.11798504730633774,0.02697302697302697
Total catch,Other,0.32684395830633406,0.1552041791466725,0.02697302697302697
Total catch,Other,0.32684395830633406,-0.04412391493914125,0.02697302697302697
Total catch,Other,0.32684395830633406,-0.0989758434522734,0.02697302697302697
Total catch,Other,0.32684395830633406,0.198090332151974,0.02697302697302697
Total catch,Other,0.32684395830633406,-0.04048199754427273,0.02697302697302697
Total catch,Other,0.32684395830633406,0.18525550859199147,0.02697302697302697
Total catch,Other,0.32684395830633406,-0.00889973309277314,0.02697302697302697
Total catch,Other,0.32684395830633406,-0.06075220788576852,0.02697302697302697
Total catch,Other,0.32684395830633406,0.01527565794723395,0.02697302697302697
Total catch,Other,0.32684395830633406,0.1945042823885591,0.02697302697302697
Total catch,Other,0.32684395830633406,0.11485729354924212,0.02697302697302697
Total catch,Other,0.32684395830633406,-0.09802541384901552,0.02697302697302697
Total catch,Other,0.32684395830633406,0.02920138407271189,0.02697302697302697
Total catch,Other,0.32684395830633406,0.02976821394837336,0.02697302697302697
Total catch,Other,0.32684395830633406,-0.09900521148596608,0.02697302697302697
Total catch,Other,0.32684395830633406,0.06698089886403069,0.02697302697302697
Total catch,Other,0.32684395830633406,0.1129967312895752,0.02697302697302697
Total catch,Other,0.32684395830633406,-0.059577325514786,0.02697302697302697
Total catch,Other,0.32684395830633406,-0.02193430451234856,0.02697302697302697
Total catch,Other,0.32684395830633406,0.03130167290889729,0.02697302697302697
Total catch,Other,0.32684395830633406,0.1476322960151567,0.02697302697302697
Total catch,Other,0.32684395830633406,-0.06378309822758244,0.02697302697302697
Total catch,Other,0.32684395830633406,0.0695776008523199,0.02697302697302697
Total catch,Other,0.32684395830633406,0.20944738355180936,0.02697302697302697
Total catch,Other,0.32684395830633406,0.06823734579735907,0.02697302697302697
Total catch,Other,0.32684395830633406,0.22483889927812672,0.02697302697302697
Total catch,Other,0.32684395830633406,0.1894186690514289,0.02697302697302697
Total catch,Other,0.32684395830633406,0.3893291455454605,0.02697302697302697
Total catch,Other,0.32684395830633406,0.06335929493239156,0.02697302697302697
Total catch,Other,0.32684395830633406,-0.10830146790538264,0.02697302697302697
Total catch,Other,0.32684395830633406,-0.1486318560682951,0.02697302697302697
Total catch,Other,0.32684395830633406,-0.080188016484944,0.02697302697302697
Total catch,Other,0.32684395830633406,0.0646513649476429,0.02697302697302697
Total catch,Other,0.32684395830633406,-0.0803287959165846,0.02697302697302697
Total catch,Other,0.32684395830633406,0.03858661687325615,0.02697302697302697
Total catch,Other,0.32684395830633406,0.0655185387341094,0.02697302697302697
Total catch,Other,0.32684395830633406,0.03295979290502171,0.02697302697302697
Total catch,Other,0.32684395830633406,0.01377806007633175,0.02697302697302697
Total catch,Other,0.32684395830633406,0.20849291943669324,0.02697302697302697
Total catch,Other,0.32684395830633406,0.08348798827751158,0.02697302697302697
Total catch,Other,0.32684395830633406,0.1728789300195518,0.02697302697302697
Total catch,Other,0.32684395830633406,0.3379679910612263,0.02697302697302697
Total catch,Other,0.32684395830633406,-0.2219588204544638,0.02697302697302697
Total catch,Other,0.32684395830633406,-0.01038958827385516,0.02697302697302697
Total catch,Other,0.32684395830633406,0.1939218148038696,0.02697302697302697
Total catch,Other,0.32684395830633406,0.20040583531049103,0.02697302697302697
Total catch,Other,0.32684395830633406,0.32228010557225506,0.02697302697302697
Total catch,Other,0.32684395830633406,-0.05317025637459705,0.02697302697302697
Total catch,Other,0.32684395830633406,0.11752856265100364,0.02697302697302697
Total catch,Other,0.32684395830633406,0.04752252953942348,0.02697302697302697
Total catch,Other,0.32684395830633406,0.19389980881983615,0.02697302697302697
Total catch,Other,0.32684395830633406,0.3264211229978097,0.02697302697302697
Total catch,Other,0.32684395830633406,0.04376008939854203,0.02697302697302697
Total catch,Other,0.32684395830633406,-0.07172595864978848,0.02697302697302697
Total catch,Other,0.32684395830633406,0.08027495362481363,0.02697302697302697
Total catch,Other,0.32684395830633406,0.3451117774080895,0.02697302697302697
Total catch,Other,0.32684395830633406,-0.1732987037940961,0.02697302697302697
Total catch,Other,0.32684395830633406,0.08121034885373157,0.02697302697302697
Total catch,Other,0.32684395830633406,0.01379453642576633,0.02697302697302697
Total catch,Other,0.32684395830633406,0.05240588152628422,0.02697302697302697
Total catch,Other,0.32684395830633406,0.14944939253148715,0.02697302697302697
Total catch,Other,0.32684395830633406,0.339889297567464,0.02697302697302697
Total catch,Other,0.32684395830633406,0.0454241101864512,0.02697302697302697
Total catch,Other,0.32684395830633406,0.00690549304936893,0.02697302697302697
Total catch,Other,0.32684395830633406,0.17518140131654758,0.02697302697302697
Total catch,Other,0.32684395830633406,0.12730819843414332,0.02697302697302697
Total catch,Other,0.32684395830633406,0.16375169929410238,0.02697302697302697
Total catch,Other,0.32684395830633406,-0.06075220788576852,0.02697302697302697
Total catch,Other,0.32684395830633406,0.07936606686445036,0.02697302697302697
Total catch,Other,0.32684395830633406,0.01301234613110957,0.02697302697302697
Total catch,Other,0.32684395830633406,0.22791979298804552,0.02697302697302697
Total catch,Other,0.32684395830633406,-0.05013641044573136,0.02697302697302697
Total catch,Other,0.32684395830633406,0.127709507831419,0.02697302697302697
Total catch,Other,0.32684395830633406,0.22489720224718832,0.02697302697302697
Total catch,Other,0.32684395830633406,0.2217205283534751,0.02697302697302697
Total catch,Other,0.32684395830633406,-0.2219588204544638,0.02697302697302697
Total catch,Other,0.32684395830633406,0.07932873729777357,0.02697302697302697
Total catch,Other,0.32684395830633406,-0.15410148434210047,0.02697302697302697
Total catch,Other,0.32684395830633406,0.21914697280560935,0.02697302697302697
Total catch,Other,0.32684395830633406,-0.09957769587426912,0.02697302697302697
Total catch,Other,0.32684395830633406,-0.0642846134388555,0.02697302697302697
Total catch,Other,0.32684395830633406,0.19124619031244872,0.02697302697302697
Total catch,Other,0.32684395830633406,0.14455650528202324,0.02697302697302697
Total catch,Other,0.32684395830633406,0.05165694266878251,0.02697302697302697
Total catch,Other,0.32684395830633406,-0.04657784243835516,0.02697302697302697
Total catch,Other,0.32684395830633406,-0.08655636714710102,0.02697302697302697
Total catch,Other,0.32684395830633406,0.08259753375160794,0.02697302697302697
Total catch,Other,0.32684395830633406,0.04448875124092377,0.02697302697302697
Total catch,Other,0.32684395830633406,0.19489301313996352,0.02697302697302697
Total catch,Other,0.32684395830633406,0.03757431566430003,0.02697302697302697
Total catch,Other,0.32684395830633406,-0.11350468123752178,0.02697302697302697
Total catch,Other,0.32684395830633406,0.18525550859199147,0.02697302697302697
Total catch,Other,0.32684395830633406,-0.11388942789627188,0.02697302697302697
Total catch,Other,0.32684395830633406,-0.04513166646739575,0.02697302697302697
Total catch,Other,0.32684395830633406,0.1863779706474855,0.02697302697302697
Total catch,Other,0.32684395830633406,0.12987557434324537,0.02697302697302697
Total catch,Other,0.32684395830633406,-0.07578392748155927,0.02697302697302697
Total catch,Other,0.32684395830633406,-0.12388689225202244,0.02697302697302697
Total catch,Other,0.32684395830633406,0.20305051764873472,0.02697302697302697
Total catch,Other,0.32684395830633406,0.04317071893019109,0.02697302697302697
Total catch,Other,0.32684395830633406,-0.06735249886367933,0.02697302697302697
Total catch,Other,0.32684395830633406,0.1222665782043758,0.02697302697302697
Total catch,Other,0.32684395830633406,0.11887632264587622,0.02697302697302697
Total catch,Other,0.32684395830633406,0.02494750293054459,0.02697302697302697
Total catch,Other,0.32684395830633406,0.04803268620692513,0.02697302697302697
Total catch,Other,0.32684395830633406,0.05641636399549776,0.02697302697302697
Total catch,Other,0.32684395830633406,0.06123788194683044,0.02697302697302697
Total catch,Other,0.32684395830633406,0.1894186690514289,0.02697302697302697
Total catch,Other,0.32684395830633406,-0.0642846134388555,0.02697302697302697
Total catch,Other,0.32684395830633406,0.01212101722508862,0.02697302697302697
Total catch,Other,0.32684395830633406,0.027015026388013,0.02697302697302697
Total catch,Other,0.32684395830633406,0.09936063450889587,0.02697302697302697
Total catch,Other,0.32684395830633406,-0.14430867070879327,0.02697302697302697
Total catch,Other,0.32684395830633406,0.00170921689166936,0.02697302697302697
Total catch,Other,0.32684395830633406,0.0695776008523199,0.02697302697302697
Total catch,Other,0.32684395830633406,-0.0806911943057187,0.02697302697302697
Total catch,Other,0.32684395830633406,0.0430937380631401,0.02697302697302697
Mean SST,Other,0.23439775226870008,0.18544686154683365,0.15384615384615383
Mean SST,Other,0.23439775226870008,0.12483426244883156,0.15384615384615383
Mean SST,Other,0.23439775226870008,-0.22671227966640672,0.15384615384615383
Mean SST,Other,0.23439775226870008,-0.21785990030165217,0.15384615384615383
Mean SST,Other,0.23439775226870008,0.1728328076491109,0.15384615384615383
Mean SST,Other,0.23439775226870008,0.13806237395912746,0.15384615384615383
Mean SST,Other,0.23439775226870008,-0.06294073415394008,0.15384615384615383
Mean SST,Other,0.23439775226870008,0.16064744015243226,0.15384615384615383
Mean SST,Other,0.23439775226870008,-0.2334093565394637,0.15384615384615383
Mean SST,Other,0.23439775226870008,-0.05432281750935952,0.15384615384615383
Mean SST,Other,0.23439775226870008,-0.00617634985358428,0.15384615384615383
Mean SST,Other,0.23439775226870008,0.2521844734338904,0.15384615384615383
Mean SST,Other,0.23439775226870008,0.07239366579488216,0.15384615384615383
Mean SST,Other,0.23439775226870008,0.1998747473824528,0.15384615384615383
Mean SST,Other,0.23439775226870008,-0.1894002515314217,0.15384615384615383
Mean SST,Other,0.23439775226870008,0.16349577398075066,0.15384615384615383
Mean SST,Other,0.23439775226870008,0.08616779974483502,0.15384615384615383
Mean SST,Other,0.23439775226870008,0.4398354064180148,0.15384615384615383
Mean SST,Other,0.23439775226870008,-0.01221742710382289,0.15384615384615383
Mean SST,Other,0.23439775226870008,-0.01517707084505826,0.15384615384615383
Mean SST,Other,0.23439775226870008,0.04494736451948022,0.15384615384615383
Mean SST,Other,0.23439775226870008,0.16851560023897472,0.15384615384615383
Mean SST,Other,0.23439775226870008,-0.02005406906109752,0.15384615384615383
Mean SST,Other,0.23439775226870008,0.01260782418842176,0.15384615384615383
Mean SST,Other,0.23439775226870008,0.01158843438415591,0.15384615384615383
Mean SST,Other,0.23439775226870008,0.213436530453761,0.15384615384615383
Mean SST,Other,0.23439775226870008,-0.05432281750935952,0.15384615384615383
Mean SST,Other,0.23439775226870008,0.20780954457242665,0.15384615384615383
Mean SST,Other,0.23439775226870008,0.08935118645977802,0.15384615384615383
Mean SST,Other,0.23439775226870008,0.1025076366956602,0.15384615384615383
Mean SST,Other,0.23439775226870008,0.43712207445551343,0.15384615384615383
Mean SST,Other,0.23439775226870008,0.25922720112880504,0.15384615384615383
Mean SST,Other,0.23439775226870008,0.1773106711746879,0.15384615384615383
Mean SST,Other,0.23439775226870008,0.16928467763696464,0.15384615384615383
Mean SST,Other,0.23439775226870008,-0.138319383909407,0.15384615384615383
Mean SST,Other,0.23439775226870008,0.051676900795251,0.15384615384615383
Mean SST,Other,0.23439775226870008,0.00856091495189892,0.15384615384615383
Mean SST,Other,0.23439775226870008,0.13778805312892783,0.15384615384615383
Mean SST,Other,0.23439775226870008,-0.02521219424434173,0.15384615384615383
Mean SST,Other,0.23439775226870008,0.1895194568475549,0.15384615384615383
Mean SST,Other,0.23439775226870008,0.14674578507721114,0.15384615384615383
Mean SST,Other,0.23439775226870008,-0.09320793710028363,0.15384615384615383
Mean SST,Other,0.23439775226870008,0.31969950493041677,0.15384615384615383
Mean SST,Other,0.23439775226870008,0.1371635265796879,0.15384615384615383
Mean SST,Other,0.23439775226870008,0.06082285715370117,0.15384615384615383
Mean SST,Other,0.23439775226870008,-0.06145732209492771,0.15384615384615383
Mean SST,Other,0.23439775226870008,-0.02298711053192526,0.15384615384615383
Mean SST,Other,0.23439775226870008,0.2599438742936079,0.15384615384615383
Mean SST,Other,0.23439775226870008,0.04176428256387732,0.15384615384615383
Mean SST,Other,0.23439775226870008,-0.01794516865975914,0.15384615384615383
Mean SST,Other,0.23439775226870008,-0.06881160143392484,0.15384615384615383
Mean SST,Other,0.23439775226870008,0.1025076366956602,0.15384615384615383
Mean SST,Other,0.23439775226870008,0.2269594446140107,0.15384615384615383
Mean SST,Other,0.23439775226870008,-0.12168023245784187,0.15384615384615383
Mean SST,Other,0.23439775226870008,-0.14291564604757157,0.15384615384615383
Mean SST,Other,0.23439775226870008,-0.0398742817957809,0.15384615384615383
Mean SST,Other,0.23439775226870008,0.06049932719741247,0.15384615384615383
Mean SST,Other,0.23439775226870008,0.13267113258443808,0.15384615384615383
Mean SST,Other,0.23439775226870008,0.2335026701919165,0.15384615384615383
Mean SST,Other,0.23439775226870008,-0.01472863490865261,0.15384615384615383
Mean SST,Other,0.23439775226870008,0.17575724536595927,0.15384615384615383
Mean SST,Other,0.23439775226870008,0.2492290793635975,0.15384615384615383
Mean SST,Other,0.23439775226870008,7.177793435269031e-4,0.15384615384615383
Mean SST,Other,0.23439775226870008,-0.08417056932363387,0.15384615384615383
Mean SST,Other,0.23439775226870008,0.18074278878902392,0.15384615384615383
Mean SST,Other,0.23439775226870008,-0.05509208983831293,0.15384615384615383
Mean SST,Other,0.23439775226870008,0.00659149495014932,0.15384615384615383
Mean SST,Other,0.23439775226870008,0.11828747454595034,0.15384615384615383
Mean SST,Other,0.23439775226870008,0.30134548755767987,0.15384615384615383
Mean SST,Other,0.23439775226870008,0.09208960605796668,0.15384615384615383
Mean SST,Other,0.23439775226870008,0.1626186338338611,0.15384615384615383
Mean SST,Other,0.23439775226870008,-0.13690940076882407,0.15384615384615383
Mean SST,Other,0.23439775226870008,0.34775701916832436,0.15384615384615383
Mean SST,Other,0.23439775226870008,0.1785041109341925,0.15384615384615383
Mean SST,Other,0.23439775226870008,0.16883527289086153,0.15384615384615383
Mean SST,Other,0.23439775226870008,0.16398838901456103,0.15384615384615383
Mean SST,Other,0.23439775226870008,0.08395415175649723,0.15384615384615383
Mean SST,Other,0.23439775226870008,-0.06318462009196613,0.15384615384615383
Mean SST,Other,0.23439775226870008,-0.003002659739185,0.15384615384615383
Mean SST,Other,0.23439775226870008,-0.03588502852902109,0.15384615384615383
Mean SST,Other,0.23439775226870008,-0.1735668650383695,0.15384615384615383
Mean SST,Other,0.23439775226870008,0.2864653875577414,0.15384615384615383
Mean SST,Other,0.23439775226870008,0.1698054818373078,0.15384615384615383
Mean SST,Other,0.23439775226870008,0.22990687171086369,0.15384615384615383
Mean SST,Other,0.23439775226870008,0.16345444628184924,0.15384615384615383
Mean SST,Other,0.23439775226870008,0.08910864195322987,0.15384615384615383
Mean SST,Other,0.23439775226870008,1.3861963136119204e-4,0.15384615384615383
Mean SST,Other,0.23439775226870008,0.06222683244276961,0.15384615384615383
Mean SST,Other,0.23439775226870008,-0.13067522855531857,0.15384615384615383
Mean SST,Other,0.23439775226870008,0.02831808202560248,0.15384615384615383
Mean SST,Other,0.23439775226870008,0.3176133398231563,0.15384615384615383
Mean SST,Other,0.23439775226870008,0.11235262378541432,0.15384615384615383
Mean SST,Other,0.23439775226870008,0.2035252743899426,0.15384615384615383
Mean SST,Other,0.23439775226870008,-0.00525576932358284,0.15384615384615383
Mean SST,Other,0.23439775226870008,0.01492856624742222,0.15384615384615383
Mean SST,Other,0.23439775226870008,0.10992232136175896,0.15384615384615383
Mean SST,Other,0.23439775226870008,-0.02189332145050748,0.15384615384615383
Mean SST,Other,0.23439775226870008,-0.06294073415394008,0.15384615384615383
Mean SST,Other,0.23439775226870008,0.05983726411943479,0.15384615384615383
Mean SST,Other,0.23439775226870008,0.28771453256336554,0.15384615384615383
Mean SST,Other,0.23439775226870008,-0.2210372348648979,0.15384615384615383
Mean SST,Other,0.23439775226870008,0.15752494021904695,0.15384615384615383
Mean SST,Other,0.23439775226870008,0.02015386125978913,0.15384615384615383
Mean SST,Other,0.23439775226870008,-0.03074830733218392,0.15384615384615383
Mean SST,Other,0.23439775226870008,-0.10588199849309564,0.15384615384615383
Mean SST,Other,0.23439775226870008,0.3816050555408757,0.15384615384615383
Mean SST,Other,0.23439775226870008,6.995721455922421e-4,0.15384615384615383
Mean SST,Other,0.23439775226870008,0.1227017662977371,0.15384615384615383
Mean SST,Other,0.23439775226870008,0.3224502977965522,0.15384615384615383
Mean SST,Other,0.23439775226870008,0.25699677580487734,0.15384615384615383
Mean SST,Other,0.23439775226870008,-0.02618898665754376,0.15384615384615383
Mean SST,Other,0.23439775226870008,-0.01048828309611527,0.15384615384615383
Mean SST,Other,0.23439775226870008,-0.0061327815232568,0.15384615384615383
Mean SST,Other,0.23439775226870008,-0.07812884038996559,0.15384615384615383
Mean SST,Other,0.23439775226870008,0.01475573292761889,0.15384615384615383
Mean SST,Other,0.23439775226870008,-0.09263698565845813,0.15384615384615383
Mean SST,Other,0.23439775226870008,0.17858526929641094,0.15384615384615383
Mean SST,Other,0.23439775226870008,0.13003492822728957,0.15384615384615383
Mean SST,Other,0.23439775226870008,0.02191970489871386,0.15384615384615383
Mean SST,Other,0.23439775226870008,-0.14557814500808908,0.15384615384615383
Mean SST,Other,0.23439775226870008,0.2676383803031509,0.15384615384615383
Mean SST,Other,0.23439775226870008,0.12525551254437894,0.15384615384615383
Mean SST,Other,0.23439775226870008,0.18877950091550677,0.15384615384615383
Mean SST,Other,0.23439775226870008,-0.14291564604757157,0.15384615384615383
Mean SST,Other,0.23439775226870008,-0.00955832212483653,0.15384615384615383
Mean SST,Other,0.23439775226870008,0.17527415607604302,0.15384615384615383
Mean SST,Other,0.23439775226870008,0.2800591298816216,0.15384615384615383
Mean SST,Other,0.23439775226870008,-0.05531867665357004,0.15384615384615383
Mean SST,Other,0.23439775226870008,0.18653356741939253,0.15384615384615383
Mean SST,Other,0.23439775226870008,0.0800238887274749,0.15384615384615383
Mean SST,Other,0.23439775226870008,0.03394417372569125,0.15384615384615383
Mean SST,Other,0.23439775226870008,0.0960824961572294,0.15384615384615383
Mean SST,Other,0.23439775226870008,0.2522829915711059,0.15384615384615383
Mean SST,Other,0.23439775226870008,-0.2515897655561692,0.15384615384615383
Mean SST,Other,0.23439775226870008,0.25922720112880504,0.15384615384615383
Mean SST,Other,0.23439775226870008,0.1465734806624921,0.15384615384615383
Mean SST,Other,0.23439775226870008,0.10460425427893127,0.15384615384615383
Mean SST,Other,0.23439775226870008,0.04338296313595913,0.15384615384615383
Mean SST,Other,0.23439775226870008,-0.02299459418034222,0.15384615384615383
Mean SST,Other,0.23439775226870008,0.1890113685225472,0.15384615384615383
Mean SST,Other,0.23439775226870008,0.08733303238258783,0.15384615384615383
Mean SST,Other,0.23439775226870008,0.00214390412093434,0.15384615384615383
Mean SST,Other,0.23439775226870008,0.07619154585633492,0.15384615384615383
Mean SST,Other,0.23439775226870008,0.215143127732916,0.15384615384615383
Mean SST,Other,0.23439775226870008,0.01018483083723709,0.15384615384615383
Mean SST,Other,0.23439775226870008,-0.02654228174553075,0.15384615384615383
Mean SST,Other,0.23439775226870008,-0.03755934946978923,0.15384615384615383
Mean SST,Other,0.23439775226870008,0.06019957802549103,0.15384615384615383
Mean SST,Other,0.23439775226870008,0.24278099578027623,0.15384615384615383
Mean SST,Other,0.23439775226870008,0.07061250751601023,0.15384615384615383
Mean SST,Other,0.23439775226870008,-0.34367455281496095,0.15384615384615383
Mean SST,Other,0.23439775226870008,0.2583942399557353,0.15384615384615383
Mean SST,Other,0.23439775226870008,-0.00523797775592216,0.15384615384615383
Mean SST,Other,0.23439775226870008,0.20337103957234992,0.15384615384615383
Mean SST,Other,0.23439775226870008,0.16851560023897472,0.15384615384615383
Mean SST,Other,0.23439775226870008,0.13267113258443808,0.15384615384615383
Mean SST,Other,0.23439775226870008,0.00728308368446783,0.15384615384615383
Mean SST,Other,0.23439775226870008,0.32878219751162563,0.15384615384615383
Mean SST,Other,0.23439775226870008,0.4180685043984371,0.15384615384615383
Mean SST,Other,0.23439775226870008,0.01526960090210216,0.15384615384615383
Mean SST,Other,0.23439775226870008,-0.03138695515611789,0.15384615384615383
Mean SST,Other,0.23439775226870008,-0.05048021543981451,0.15384615384615383
Mean SST,Other,0.23439775226870008,0.09208960605796668,0.15384615384615383
Mean SST,Other,0.23439775226870008,-0.05622957134506845,0.15384615384615383
Mean SST,Other,0.23439775226870008,-0.0600365074066973,0.15384615384615383
Mean SST,Other,0.23439775226870008,0.3098861654747864,0.15384615384615383
Mean SST,Other,0.23439775226870008,0.06082285715370117,0.15384615384615383
Mean SST,Other,0.23439775226870008,-0.12204150764215328,0.15384615384615383
Mean SST,Other,0.23439775226870008,0.13797143036187587,0.15384615384615383
Mean SST,Other,0.23439775226870008,0.01178604692910145,0.15384615384615383
Mean SST,Other,0.23439775226870008,0.19015058383220096,0.15384615384615383
Mean SST,Other,0.23439775226870008,0.07441604477631458,0.15384615384615383
Mean SST,Other,0.23439775226870008,-0.03700465959765342,0.15384615384615383
Mean SST,Other,0.23439775226870008,-0.12565124739267897,0.15384615384615383
Mean SST,Other,0.23439775226870008,0.2585803590661132,0.15384615384615383
Mean SST,Other,0.23439775226870008,0.2012205295193974,0.15384615384615383
Mean SST,Other,0.23439775226870008,-0.01124970460582575,0.15384615384615383
Mean SST,Other,0.23439775226870008,0.08138942007937111,0.15384615384615383
Mean SST,Other,0.23439775226870008,0.24278099578027623,0.15384615384615383
Mean SST,Other,0.23439775226870008,0.00716142161453547,0.15384615384615383
Mean SST,Other,0.23439775226870008,0.36377505078430505,0.15384615384615383
Mean SST,Other,0.23439775226870008,-0.03465912749874111,0.15384615384615383
Mean SST,Other,0.23439775226870008,0.12737499594509527,0.15384615384615383
Mean SST,Other,0.23439775226870008,0.01909824625098977,0.15384615384615383
Mean SST,Other,0.23439775226870008,0.11937003429778126,0.15384615384615383
Mean SST,Other,0.23439775226870008,-0.10577750233178795,0.15384615384615383
Mean SST,Other,0.23439775226870008,0.2676383803031509,0.15384615384615383
Mean SST,Other,0.23439775226870008,0.01492856624742222,0.15384615384615383
Mean SST,Other,0.23439775226870008,0.17182556209575373,0.15384615384615383
Mean SST,Other,0.23439775226870008,-0.0703102190575553,0.15384615384615383
Mean SST,Other,0.23439775226870008,-0.15056912991933102,0.15384615384615383
Mean SST,Other,0.23439775226870008,0.2522829915711059,0.15384615384615383
Mean SST,Other,0.23439775226870008,0.09442362661919412,0.15384615384615383
Mean SST,Other,0.23439775226870008,0.04725379582251621,0.15384615384615383
Mean SST,Other,0.23439775226870008,0.10917788825236574,0.15384615384615383
Mean SST,Other,0.23439775226870008,-0.06294073415394008,0.15384615384615383
Mean SST,Other,0.23439775226870008,0.06222683244276961,0.15384615384615383
Mean SST,Other,0.23439775226870008,-0.1186939516952572,0.15384615384615383
Mean SST,Other,0.23439775226870008,0.16379632214200146,0.15384615384615383
Mean SST,Other,0.23439775226870008,0.12525551254437894,0.15384615384615383
Mean SST,Other,0.23439775226870008,0.10353328873636714,0.15384615384615383
Mean SST,Other,0.23439775226870008,0.08802741834506334,0.15384615384615383
Mean SST,Other,0.23439775226870008,-0.01507462596648068,0.15384615384615383
Mean SST,Other,0.23439775226870008,0.26316248309742285,0.15384615384615383
Mean SST,Other,0.23439775226870008,0.2741105693598702,0.15384615384615383
Mean SST,Other,0.23439775226870008,0.36377505078430505,0.15384615384615383
Mean SST,Other,0.23439775226870008,0.24544264000095084,0.15384615384615383
Mean SST,Other,0.23439775226870008,0.11828747454595034,0.15384615384615383
Mean SST,Other,0.23439775226870008,0.10926287217450148,0.15384615384615383
Mean SST,Other,0.23439775226870008,-0.01614984070998382,0.15384615384615383
Mean SST,Other,0.23439775226870008,0.1318518905195677,0.15384615384615383
Mean SST,Other,0.23439775226870008,0.1568579194797748,0.15384615384615383
Mean SST,Other,0.23439775226870008,-0.01048828309611527,0.15384615384615383
Mean SST,Other,0.23439775226870008,0.04815356603690834,0.15384615384615383
Mean SST,Other,0.23439775226870008,0.13778805312892783,0.15384615384615383
Mean SST,Other,0.23439775226870008,0.1465734806624921,0.15384615384615383
Mean SST,Other,0.23439775226870008,0.1512178917498349,0.15384615384615383
Mean SST,Other,0.23439775226870008,0.05283755706835269,0.15384615384615383
Mean SST,Other,0.23439775226870008,0.03522248812983653,0.15384615384615383
Mean SST,Other,0.23439775226870008,0.11936052073742952,0.15384615384615383
Mean SST,Other,0.23439775226870008,-0.02654228174553075,0.15384615384615383
Mean SST,Other,0.23439775226870008,0.1892177456265226,0.15384615384615383
Mean SST,Other,0.23439775226870008,0.13778805312892783,0.15384615384615383
Mean SST,Other,0.23439775226870008,-0.2266805926451363,0.15384615384615383
Mean SST,Other,0.23439775226870008,0.07553633787707237,0.15384615384615383
Mean SST,Other,0.23439775226870008,0.26802551813831044,0.15384615384615383
Mean SST,Other,0.23439775226870008,0.01492856624742222,0.15384615384615383
Mean SST,Other,0.23439775226870008,-0.10577750233178795,0.15384615384615383
Mean SST,Other,0.23439775226870008,-0.06173517554202412,0.15384615384615383
Mean SST,Other,0.23439775226870008,-0.08935320044769313,0.15384615384615383
Mean SST,Other,0.23439775226870008,-0.28545648119948064,0.15384615384615383
Mean SST,Other,0.23439775226870008,0.13353951553240606,0.15384615384615383
Mean SST,Other,0.23439775226870008,0.1371635265796879,0.15384615384615383
Mean SST,Other,0.23439775226870008,0.4180685043984371,0.15384615384615383
Mean SST,Other,0.23439775226870008,0.03614751968070551,0.15384615384615383
Mean SST,Other,0.23439775226870008,0.23750950703212417,0.15384615384615383
Mean SST,Other,0.23439775226870008,-0.06971154663713564,0.15384615384615383
Mean SST,Other,0.23439775226870008,-0.07103343429744835,0.15384615384615383
Mean SST,Other,0.23439775226870008,0.06565998131267592,0.15384615384615383
Mean SST,Other,0.23439775226870008,0.04496986803582248,0.15384615384615383
Mean SST,Other,0.23439775226870008,-0.00465389767666679,0.15384615384615383
Mean SST,Other,0.23439775226870008,-0.1201500148657908,0.15384615384615383
Mean SST,Other,0.23439775226870008,0.3068896899629491,0.15384615384615383
Mean SST,Other,0.23439775226870008,0.03765137786073436,0.15384615384615383
Mean SST,Other,0.23439775226870008,0.25044051014395674,0.15384615384615383
Mean SST,Other,0.23439775226870008,0.18160725164871103,0.15384615384615383
Mean SST,Other,0.23439775226870008,0.04743056332344331,0.15384615384615383
Mean SST,Other,0.23439775226870008,0.0839232744490741,0.15384615384615383
Mean SST,Other,0.23439775226870008,-0.01614984070998382,0.15384615384615383
Mean SST,Other,0.23439775226870008,0.14482607687634563,0.15384615384615383
Mean SST,Other,0.23439775226870008,0.25067716435789233,0.15384615384615383
Mean SST,Other,0.23439775226870008,0.43712207445551343,0.15384615384615383
Mean SST,Other,0.23439775226870008,0.3068896899629491,0.15384615384615383
Mean SST,Other,0.23439775226870008,0.06262562064430954,0.15384615384615383
Mean SST,Other,0.23439775226870008,0.0558536023788615,0.15384615384615383
Mean SST,Other,0.23439775226870008,-0.02560546098316107,0.15384615384615383
Mean SST,Other,0.23439775226870008,0.0755064274028926,0.15384615384615383
Mean SST,Other,0.23439775226870008,0.01526960090210216,0.15384615384615383
Mean SST,Other,0.23439775226870008,-0.01419062659265812,0.15384615384615383
Mean SST,Other,0.23439775226870008,0.1128664737464382,0.15384615384615383
Mean SST,Other,0.23439775226870008,0.06673883375422662,0.15384615384615383
Mean SST,Other,0.23439775226870008,0.12405795921510664,0.15384615384615383
Mean SST,Other,0.23439775226870008,-0.20528108060001649,0.15384615384615383
Mean SST,Other,0.23439775226870008,0.02191970489871386,0.15384615384615383
Mean SST,Other,0.23439775226870008,-0.01419062659265812,0.15384615384615383
Mean SST,Other,0.23439775226870008,0.0688810407021817,0.15384615384615383
Mean SST,Other,0.23439775226870008,0.2188659698878237,0.15384615384615383
Mean SST,Other,0.23439775226870008,0.02699818107273677,0.15384615384615383
Mean SST,Other,0.23439775226870008,0.17959890426858416,0.15384615384615383
Mean SST,Other,0.23439775226870008,0.18544686154683365,0.15384615384615383
Mean SST,Other,0.23439775226870008,0.11231632077113984,0.15384615384615383
Mean SST,Other,0.23439775226870008,0.1698054818373078,0.15384615384615383
Mean SST,Other,0.23439775226870008,0.1062948680260878,0.15384615384615383
Mean SST,Other,0.23439775226870008,0.1438011266785546,0.15384615384615383
Mean SST,Other,0.23439775226870008,-3.886906670895751e-4,0.15384615384615383
Mean SST,Other,0.23439775226870008,-0.11709971414845088,0.15384615384615383
Mean SST,Other,0.23439775226870008,0.239232485321508,0.15384615384615383
Mean SST,Other,0.23439775226870008,-0.02582963114577219,0.15384615384615383
Mean SST,Other,0.23439775226870008,-0.06342738860359542,0.15384615384615383
Mean SST,Other,0.23439775226870008,0.13752292050168435,0.15384615384615383
Mean SST,Other,0.23439775226870008,0.00938515189602451,0.15384615384615383
Mean SST,Other,0.23439775226870008,0.28618293495713265,0.15384615384615383
Mean SST,Other,0.23439775226870008,0.13307109195090638,0.15384615384615383
Mean SST,Other,0.23439775226870008,-0.01124970460582575,0.15384615384615383
Mean SST,Other,0.23439775226870008,0.3131183524867204,0.15384615384615383
Mean SST,Other,0.23439775226870008,0.3224502977965522,0.15384615384615383
Mean SST,Other,0.23439775226870008,0.18653356741939253,0.15384615384615383
Mean SST,Other,0.23439775226870008,-0.04235257107320511,0.15384615384615383
Mean SST,Other,0.23439775226870008,0.07966688207176209,0.15384615384615383
Mean SST,Other,0.23439775226870008,0.2638380588391429,0.15384615384615383
Mean SST,Other,0.23439775226870008,0.06347651622644512,0.15384615384615383
Mean SST,Other,0.23439775226870008,-0.09516557067739684,0.15384615384615383
Mean SST,Other,0.23439775226870008,0.07966688207176209,0.15384615384615383
Mean SST,Other,0.23439775226870008,0.16468179327875831,0.15384615384615383
Mean SST,Other,0.23439775226870008,-0.07783700607366173,0.15384615384615383
Mean SST,Other,0.23439775226870008,0.16191411681199597,0.15384615384615383
Mean SST,Other,0.23439775226870008,0.1234232184839067,0.15384615384615383
Mean SST,Other,0.23439775226870008,0.15563326366503083,0.15384615384615383
Mean SST,Other,0.23439775226870008,0.0800238887274749,0.15384615384615383
Mean SST,Other,0.23439775226870008,-0.03370581892119517,0.15384615384615383
Mean SST,Other,0.23439775226870008,-0.08935320044769313,0.15384615384615383
Mean SST,Other,0.23439775226870008,0.03012891034074705,0.15384615384615383
Mean SST,Other,0.23439775226870008,0.15563326366503083,0.15384615384615383
Mean SST,Other,0.23439775226870008,0.07757209425867384,0.15384615384615383
Mean SST,Other,0.23439775226870008,0.3494082828999471,0.15384615384615383
Mean SST,Other,0.23439775226870008,-0.12168023245784187,0.15384615384615383
Mean SST,Other,0.23439775226870008,0.08265438732023833,0.15384615384615383
Mean SST,Other,0.23439775226870008,-0.05394980354617162,0.15384615384615383
Mean SST,Other,0.23439775226870008,0.00662402115359772,0.15384615384615383
Mean SST,Other,0.23439775226870008,-0.02521219424434173,0.15384615384615383
Mean SST,Other,0.23439775226870008,-0.3952513930717936,0.15384615384615383
Mean SST,Other,0.23439775226870008,0.06424090714066533,0.15384615384615383
Mean SST,Other,0.23439775226870008,0.04101933082625264,0.15384615384615383
Mean SST,Other,0.23439775226870008,0.2631469595309135,0.15384615384615383
Mean SST,Other,0.23439775226870008,0.34202113744284324,0.15384615384615383
Mean SST,Other,0.23439775226870008,-0.04405412272918285,0.15384615384615383
Mean SST,Other,0.23439775226870008,-0.05789254442922398,0.15384615384615383
Mean SST,Other,0.23439775226870008,-0.07835384349257879,0.15384615384615383
Mean SST,Other,0.23439775226870008,-0.03145629472372602,0.15384615384615383
Mean SST,Other,0.23439775226870008,0.18653356741939253,0.15384615384615383
Mean SST,Other,0.23439775226870008,0.00179576586107088,0.15384615384615383
Mean SST,Other,0.23439775226870008,0.2531195636393243,0.15384615384615383
Mean SST,Other,0.23439775226870008,0.0952416238809506,0.15384615384615383
Mean SST,Other,0.23439775226870008,-0.159743753933979,0.15384615384615383
Mean SST,Other,0.23439775226870008,0.34677986788532944,0.15384615384615383
Mean SST,Other,0.23439775226870008,-0.3008543832241135,0.15384615384615383
Mean SST,Other,0.23439775226870008,-0.29550765945534363,0.15384615384615383
Mean SST,Other,0.23439775226870008,0.04176428256387732,0.15384615384615383
Mean SST,Other,0.23439775226870008,0.2479416486537006,0.15384615384615383
Mean SST,Other,0.23439775226870008,-0.03074830733218392,0.15384615384615383
Mean SST,Other,0.23439775226870008,-0.04873975539591213,0.15384615384615383
Mean SST,Other,0.23439775226870008,0.22376094783192357,0.15384615384615383
Mean SST,Other,0.23439775226870008,-0.0634275861520861,0.15384615384615383
Mean SST,Other,0.23439775226870008,0.3379599202692136,0.15384615384615383
Mean SST,Other,0.23439775226870008,-0.16041944415162335,0.15384615384615383
Mean SST,Other,0.23439775226870008,0.14340878700711235,0.15384615384615383
Mean SST,Other,0.23439775226870008,0.2345819620151539,0.15384615384615383
Mean SST,Other,0.23439775226870008,0.2335026701919165,0.15384615384615383
Mean SST,Other,0.23439775226870008,0.0952416238809506,0.15384615384615383
Mean SST,Other,0.23439775226870008,0.04830138742770873,0.15384615384615383
Mean SST,Other,0.23439775226870008,0.2012205295193974,0.15384615384615383
Mean SST,Other,0.23439775226870008,0.22343233240501492,0.15384615384615383
Mean SST,Other,0.23439775226870008,0.07984875530960733,0.15384615384615383
Mean SST,Other,0.23439775226870008,-0.03868117031775653,0.15384615384615383
Mean SST,Other,0.23439775226870008,-0.00495634440405812,0.15384615384615383
Mean SST,Other,0.23439775226870008,0.03365107170225701,0.15384615384615383
Mean SST,Other,0.23439775226870008,0.019051771348151392,0.15384615384615383
Mean SST,Other,0.23439775226870008,0.26531332988213696,0.15384615384615383
Mean SST,Other,0.23439775226870008,0.24820003621899756,0.15384615384615383
Mean SST,Other,0.23439775226870008,-0.01146293347518301,0.15384615384615383
Mean SST,Other,0.23439775226870008,0.3015507110197738,0.15384615384615383
Mean SST,Other,0.23439775226870008,0.1025076366956602,0.15384615384615383
Mean SST,Other,0.23439775226870008,-0.11709971414845088,0.15384615384615383
Mean SST,Other,0.23439775226870008,0.12580857131762735,0.15384615384615383
Mean SST,Other,0.23439775226870008,-0.02654228174553075,0.15384615384615383
Mean SST,Other,0.23439775226870008,0.2492290793635975,0.15384615384615383
Mean SST,Other,0.23439775226870008,0.4180685043984371,0.15384615384615383
Mean SST,Other,0.23439775226870008,0.06019957802549103,0.15384615384615383
Mean SST,Other,0.23439775226870008,0.04900518208127447,0.15384615384615383
Mean SST,Other,0.23439775226870008,-0.05600667181865226,0.15384615384615383
Mean SST,Other,0.23439775226870008,0.15512125399243792,0.15384615384615383
Mean SST,Other,0.23439775226870008,0.2269594446140107,0.15384615384615383
Mean SST,Other,0.23439775226870008,0.3816050555408757,0.15384615384615383
Mean SST,Other,0.23439775226870008,0.0907343898002092,0.15384615384615383
Mean SST,Other,0.23439775226870008,0.13541800655849423,0.15384615384615383
Mean SST,Other,0.23439775226870008,0.21920798575885825,0.15384615384615383
Mean SST,Other,0.23439775226870008,0.16851560023897472,0.15384615384615383
Mean SST,Other,0.23439775226870008,0.25922720112880504,0.15384615384615383
Mean SST,Other,0.23439775226870008,0.09447819769771404,0.15384615384615383
Mean SST,Other,0.23439775226870008,0.0839232744490741,0.15384615384615383
Mean SST,Other,0.23439775226870008,0.02453722657533008,0.15384615384615383
Mean SST,Other,0.23439775226870008,0.19184109559197585,0.15384615384615383
Mean SST,Other,0.23439775226870008,0.12148324823426526,0.15384615384615383
Mean SST,Other,0.23439775226870008,0.2061551473559846,0.15384615384615383
Mean SST,Other,0.23439775226870008,0.0993323609126512,0.15384615384615383
Mean SST,Other,0.23439775226870008,0.1826645945131045,0.15384615384615383
Mean SST,Other,0.23439775226870008,0.27729256398085833,0.15384615384615383
Mean SST,Other,0.23439775226870008,0.25312299098415425,0.15384615384615383
Mean SST,Other,0.23439775226870008,0.0418013658079156,0.15384615384615383
Mean SST,Other,0.23439775226870008,0.14706319343144036,0.15384615384615383
Mean SST,Other,0.23439775226870008,-0.01926422193336985,0.15384615384615383
Mean SST,Other,0.23439775226870008,-0.14315797471459812,0.15384615384615383
Mean SST,Other,0.23439775226870008,0.00906335544203917,0.15384615384615383
Mean SST,Other,0.23439775226870008,-0.01502349387887647,0.15384615384615383
Mean SST,Other,0.23439775226870008,0.3417527359096857,0.15384615384615383
Mean SST,Other,0.23439775226870008,-0.1735668650383695,0.15384615384615383
Mean SST,Other,0.23439775226870008,0.2633652321186384,0.15384615384615383
Mean SST,Other,0.23439775226870008,0.01717590602913954,0.15384615384615383
Mean SST,Other,0.23439775226870008,0.06049932719741247,0.15384615384615383
Mean SST,Other,0.23439775226870008,0.1313961686176791,0.15384615384615383
Mean SST,Other,0.23439775226870008,0.2633652321186384,0.15384615384615383
Mean SST,Other,0.23439775226870008,0.25715224698363426,0.15384615384615383
Mean SST,Other,0.23439775226870008,-0.28356468849927574,0.15384615384615383
Mean SST,Other,0.23439775226870008,0.1836266975585915,0.15384615384615383
Mean SST,Other,0.23439775226870008,0.10534096580307596,0.15384615384615383
Mean SST,Other,0.23439775226870008,-0.0061327815232568,0.15384615384615383
Mean SST,Other,0.23439775226870008,0.1810336582469253,0.15384615384615383
Mean SST,Other,0.23439775226870008,0.15688140942156947,0.15384615384615383
Mean SST,Other,0.23439775226870008,0.16419953102512097,0.15384615384615383
Mean SST,Other,0.23439775226870008,-0.01614984070998382,0.15384615384615383
Mean SST,Other,0.23439775226870008,0.06070811368644224,0.15384615384615383
Mean SST,Other,0.23439775226870008,-0.2396842440082132,0.15384615384615383
Mean SST,Other,0.23439775226870008,0.16419953102512097,0.15384615384615383
Mean SST,Other,0.23439775226870008,-0.05394980354617162,0.15384615384615383
Mean SST,Other,0.23439775226870008,0.0418013658079156,0.15384615384615383
Mean SST,Other,0.23439775226870008,0.05334974462642128,0.15384615384615383
Mean SST,Other,0.23439775226870008,0.15512125399243792,0.15384615384615383
Mean SST,Other,0.23439775226870008,-0.0615554982374995,0.15384615384615383
Mean SST,Other,0.23439775226870008,0.01158843438415591,0.15384615384615383
Mean SST,Other,0.23439775226870008,0.22073283903871732,0.15384615384615383
Mean SST,Other,0.23439775226870008,0.2035252743899426,0.15384615384615383
Mean SST,Other,0.23439775226870008,0.07240431450280804,0.15384615384615383
Mean SST,Other,0.23439775226870008,0.0907343898002092,0.15384615384615383
Mean SST,Other,0.23439775226870008,0.01744775757344929,0.15384615384615383
Mean SST,Other,0.23439775226870008,-0.00889898245339604,0.15384615384615383
Mean SST,Other,0.23439775226870008,0.14376745952412762,0.15384615384615383
Mean SST,Other,0.23439775226870008,0.07096585703344593,0.15384615384615383
Mean SST,Other,0.23439775226870008,-0.11773217632907484,0.15384615384615383
Mean SST,Other,0.23439775226870008,-0.20528108060001649,0.15384615384615383
Mean SST,Other,0.23439775226870008,0.16828517321954684,0.15384615384615383
Mean SST,Other,0.23439775226870008,-0.00490609023569921,0.15384615384615383
Mean SST,Other,0.23439775226870008,0.14651509121417983,0.15384615384615383
Mean SST,Other,0.23439775226870008,-0.08067952269719103,0.15384615384615383
Mean SST,Other,0.23439775226870008,-0.04033250223548634,0.15384615384615383
Mean SST,Other,0.23439775226870008,0.17200071058675093,0.15384615384615383
Mean SST,Other,0.23439775226870008,0.03012891034074705,0.15384615384615383
Mean SST,Other,0.23439775226870008,0.18877950091550677,0.15384615384615383
Mean SST,Other,0.23439775226870008,0.08811132341374761,0.15384615384615383
Mean SST,Other,0.23439775226870008,-0.04405412272918285,0.15384615384615383
Mean SST,Other,0.23439775226870008,0.02596270412015988,0.15384615384615383
Mean SST,Other,0.23439775226870008,0.04793834306670419,0.15384615384615383
Mean SST,Other,0.23439775226870008,-0.28356468849927574,0.15384615384615383
Mean SST,Other,0.23439775226870008,-0.01926422193336985,0.15384615384615383
Mean SST,Other,0.23439775226870008,0.0950751314282846,0.15384615384615383
Mean SST,Other,0.23439775226870008,0.01638002211241929,0.15384615384615383
Mean SST,Other,0.23439775226870008,-0.11709971414845088,0.15384615384615383
Mean SST,Other,0.23439775226870008,-0.3952513930717936,0.15384615384615383
Mean SST,Other,0.23439775226870008,0.01475573292761889,0.15384615384615383
Mean SST,Other,0.23439775226870008,0.11563948238639644,0.15384615384615383
Mean SST,Other,0.23439775226870008,0.16345444628184924,0.15384615384615383
Mean SST,Other,0.23439775226870008,-0.11773217632907484,0.15384615384615383
Mean SST,Other,0.23439775226870008,0.06019957802549103,0.15384615384615383
Mean SST,Other,0.23439775226870008,0.01744775757344929,0.15384615384615383
Mean SST,Other,0.23439775226870008,0.3556704510393923,0.15384615384615383
Mean SST,Other,0.23439775226870008,0.271326768197083,0.15384615384615383
Mean SST,Other,0.23439775226870008,0.2254354191287773,0.15384615384615383
Mean SST,Other,0.23439775226870008,0.1826645945131045,0.15384615384615383
Mean SST,Other,0.23439775226870008,0.00777634893969003,0.15384615384615383
Mean SST,Other,0.23439775226870008,0.04101933082625264,0.15384615384615383
Mean SST,Other,0.23439775226870008,0.05657200241913407,0.15384615384615383
Mean SST,Other,0.23439775226870008,0.01717590602913954,0.15384615384615383
Mean SST,Other,0.23439775226870008,-0.1456039955148165,0.15384615384615383
Mean SST,Other,0.23439775226870008,0.14963325992341325,0.15384615384615383
Mean SST,Other,0.23439775226870008,-0.06732693174528426,0.15384615384615383
Mean SST,Other,0.23439775226870008,0.04699013785077066,0.15384615384615383
Mean SST,Other,0.23439775226870008,0.28771453256336554,0.15384615384615383
Mean SST,Other,0.23439775226870008,-0.1335274935572095,0.15384615384615383
Mean SST,Other,0.23439775226870008,0.07407851351528716,0.15384615384615383
Mean SST,Other,0.23439775226870008,0.06194492578934629,0.15384615384615383
Mean SST,Other,0.23439775226870008,0.25055675375921627,0.15384615384615383
Mean SST,Other,0.23439775226870008,0.01558089252209649,0.15384615384615383
Mean SST,Other,0.23439775226870008,0.1318518905195677,0.15384615384615383
Mean SST,Other,0.23439775226870008,0.3026602731886888,0.15384615384615383
Mean SST,Other,0.23439775226870008,0.2791232697769648,0.15384615384615383
Mean SST,Other,0.23439775226870008,-0.06131835288505072,0.15384615384615383
Mean SST,Other,0.23439775226870008,0.05339913602764079,0.15384615384615383
Mean SST,Other,0.23439775226870008,0.22073283903871732,0.15384615384615383
Mean SST,Other,0.23439775226870008,0.2100146524398825,0.15384615384615383
Mean SST,Other,0.23439775226870008,0.00214390412093434,0.15384615384615383
Mean SST,Other,0.23439775226870008,0.10460425427893127,0.15384615384615383
Mean SST,Other,0.23439775226870008,0.00659149495014932,0.15384615384615383
Mean SST,Other,0.23439775226870008,0.3015507110197738,0.15384615384615383
Mean SST,Other,0.23439775226870008,-0.06145732209492771,0.15384615384615383
Mean SST,Other,0.23439775226870008,-0.07783700607366173,0.15384615384615383
Mean SST,Other,0.23439775226870008,0.11647537768100602,0.15384615384615383
Mean SST,Other,0.23439775226870008,0.2479416486537006,0.15384615384615383
Mean SST,Other,0.23439775226870008,0.1609877519025671,0.15384615384615383
Mean SST,Other,0.23439775226870008,0.01717590602913954,0.15384615384615383
Mean SST,Other,0.23439775226870008,-0.3952513930717936,0.15384615384615383
Mean SST,Other,0.23439775226870008,0.17115251146629806,0.15384615384615383
Mean SST,Other,0.23439775226870008,0.19473063493668707,0.15384615384615383
Mean SST,Other,0.23439775226870008,0.23724645596006455,0.15384615384615383
Mean SST,Other,0.23439775226870008,-0.3008543832241135,0.15384615384615383
Mean SST,Other,0.23439775226870008,0.02843584717172254,0.15384615384615383
Mean SST,Other,0.23439775226870008,0.3374027092864085,0.15384615384615383
Mean SST,Other,0.23439775226870008,0.0960824961572294,0.15384615384615383
Mean SST,Other,0.23439775226870008,0.1260663864363174,0.15384615384615383
Mean SST,Other,0.23439775226870008,-0.00889898245339604,0.15384615384615383
Mean SST,Other,0.23439775226870008,-0.05509208983831293,0.15384615384615383
Mean SST,Other,0.23439775226870008,-0.01257042818716214,0.15384615384615383
Mean SST,Other,0.23439775226870008,0.1953666060292697,0.15384615384615383
Mean SST,Other,0.23439775226870008,0.12525551254437894,0.15384615384615383
Mean SST,Other,0.23439775226870008,-0.05404565012071449,0.15384615384615383
Mean SST,Other,0.23439775226870008,0.0773416861883982,0.15384615384615383
Mean SST,Other,0.23439775226870008,-0.02654228174553075,0.15384615384615383
Mean SST,Other,0.23439775226870008,0.0844015451923843,0.15384615384615383
Mean SST,Other,0.23439775226870008,0.05308564025243967,0.15384615384615383
Mean SST,Other,0.23439775226870008,-0.00525576932358284,0.15384615384615383
Mean SST,Other,0.23439775226870008,0.22343233240501492,0.15384615384615383
Mean SST,Other,0.23439775226870008,0.3080395822009955,0.15384615384615383
Mean SST,Other,0.23439775226870008,0.4179363608330881,0.15384615384615383
Mean SST,Other,0.23439775226870008,0.19448660857519703,0.15384615384615383
Mean SST,Other,0.23439775226870008,0.1924078190232369,0.15384615384615383
Mean SST,Other,0.23439775226870008,0.00838009294732833,0.15384615384615383
Mean SST,Other,0.23439775226870008,0.01558089252209649,0.15384615384615383
Mean SST,Other,0.23439775226870008,0.10715018392998688,0.15384615384615383
Mean SST,Other,0.23439775226870008,0.14651509121417983,0.15384615384615383
Mean SST,Other,0.23439775226870008,0.01717590602913954,0.15384615384615383
Mean SST,Other,0.23439775226870008,0.04767918942971261,0.15384615384615383
Mean SST,Other,0.23439775226870008,0.2590333014568975,0.15384615384615383
Mean SST,Other,0.23439775226870008,0.2526963757917058,0.15384615384615383
Mean SST,Other,0.23439775226870008,0.04975704892555233,0.15384615384615383
Mean SST,Other,0.23439775226870008,0.3312850497264629,0.15384615384615383
Mean SST,Other,0.23439775226870008,0.1313961686176791,0.15384615384615383
Mean SST,Other,0.23439775226870008,0.0887907878822135,0.15384615384615383
Mean SST,Other,0.23439775226870008,-0.11709971414845088,0.15384615384615383
Mean SST,Other,0.23439775226870008,0.2401301658640772,0.15384615384615383
Mean SST,Other,0.23439775226870008,0.09967058761931058,0.15384615384615383
Mean SST,Other,0.23439775226870008,0.24820003621899756,0.15384615384615383
Mean SST,Other,0.23439775226870008,0.1917677889790087,0.15384615384615383
Mean SST,Other,0.23439775226870008,0.08910864195322987,0.15384615384615383
Mean SST,Other,0.23439775226870008,-0.03588502852902109,0.15384615384615383
Mean SST,Other,0.23439775226870008,0.13752292050168435,0.15384615384615383
Mean SST,Other,0.23439775226870008,0.13307109195090638,0.15384615384615383
Mean SST,Other,0.23439775226870008,0.13224506763655564,0.15384615384615383
Mean SST,Other,0.23439775226870008,-0.08770620208079727,0.15384615384615383
Mean SST,Other,0.23439775226870008,0.22430262509365329,0.15384615384615383
Mean SST,Other,0.23439775226870008,0.17150270130742318,0.15384615384615383
Mean SST,Other,0.23439775226870008,0.16828517321954684,0.15384615384615383
Mean SST,Other,0.23439775226870008,0.06049932719741247,0.15384615384615383
Mean SST,Other,0.23439775226870008,-0.12168023245784187,0.15384615384615383
Mean SST,Other,0.23439775226870008,0.03271975842947849,0.15384615384615383
Mean SST,Other,0.23439775226870008,-0.1039549860927882,0.15384615384615383
Mean SST,Other,0.23439775226870008,0.2044143348481494,0.15384615384615383
Mean SST,Other,0.23439775226870008,0.2843493790914441,0.15384615384615383
Mean SST,Other,0.23439775226870008,-0.01111767464342783,0.15384615384615383
Mean SST,Other,0.23439775226870008,-0.07021308115038316,0.15384615384615383
Mean SST,Other,0.23439775226870008,0.1773106711746879,0.15384615384615383
Mean SST,Other,0.23439775226870008,-0.04416485206387621,0.15384615384615383
Mean SST,Other,0.23439775226870008,0.16602300492500155,0.15384615384615383
Mean SST,Other,0.23439775226870008,0.24704329973000183,0.15384615384615383
Mean SST,Other,0.23439775226870008,-0.09320793710028363,0.15384615384615383
Mean SST,Other,0.23439775226870008,0.05339913602764079,0.15384615384615383
Mean SST,Other,0.23439775226870008,0.22113908488140832,0.15384615384615383
Mean SST,Other,0.23439775226870008,0.06194492578934629,0.15384615384615383
Mean SST,Other,0.23439775226870008,0.1895194568475549,0.15384615384615383
Mean SST,Other,0.23439775226870008,-0.09516557067739684,0.15384615384615383
Mean SST,Other,0.23439775226870008,-0.06690546109902251,0.15384615384615383
Mean SST,Other,0.23439775226870008,0.2401301658640772,0.15384615384615383
Mean SST,Other,0.23439775226870008,0.08811132341374761,0.15384615384615383
Mean SST,Other,0.23439775226870008,0.1155383310402116,0.15384615384615383
Mean SST,Other,0.23439775226870008,-0.04010764840319059,0.15384615384615383
Mean SST,Other,0.23439775226870008,0.17858526929641094,0.15384615384615383
Mean SST,Other,0.23439775226870008,-0.00262805887033779,0.15384615384615383
Mean SST,Other,0.23439775226870008,0.17551436561490563,0.15384615384615383
Mean SST,Other,0.23439775226870008,0.10926287217450148,0.15384615384615383
Mean SST,Other,0.23439775226870008,0.271265416751186,0.15384615384615383
Mean SST,Other,0.23439775226870008,0.04699013785077066,0.15384615384615383
Mean SST,Other,0.23439775226870008,0.2864653875577414,0.15384615384615383
Mean SST,Other,0.23439775226870008,0.2608179506029703,0.15384615384615383
Mean SST,Other,0.23439775226870008,-0.00569572345009672,0.15384615384615383
Mean SST,Other,0.23439775226870008,0.23195719308581353,0.15384615384615383
Mean SST,Other,0.23439775226870008,0.02831808202560248,0.15384615384615383
Mean SST,Other,0.23439775226870008,-0.10588199849309564,0.15384615384615383
Mean SST,Other,0.23439775226870008,0.19346861173157404,0.15384615384615383
Mean SST,Other,0.23439775226870008,0.2100146524398825,0.15384615384615383
Mean SST,Other,0.23439775226870008,-0.138319383909407,0.15384615384615383
Mean SST,Other,0.23439775226870008,0.13806237395912746,0.15384615384615383
Mean SST,Other,0.23439775226870008,-0.24978042291997804,0.15384615384615383
Mean SST,Other,0.23439775226870008,0.1810336582469253,0.15384615384615383
Mean SST,Other,0.23439775226870008,0.12112252382033828,0.15384615384615383
Mean SST,Other,0.23439775226870008,0.24763597846575056,0.15384615384615383
Mean SST,Other,0.23439775226870008,0.0844015451923843,0.15384615384615383
Mean SST,Other,0.23439775226870008,0.13307109195090638,0.15384615384615383
Mean SST,Other,0.23439775226870008,0.08393552049167763,0.15384615384615383
Mean SST,Other,0.23439775226870008,0.1867265466252628,0.15384615384615383
Mean SST,Other,0.23439775226870008,0.1728328076491109,0.15384615384615383
Mean SST,Other,0.23439775226870008,-0.2135878993041045,0.15384615384615383
Mean SST,Other,0.23439775226870008,-0.33228916029796207,0.15384615384615383
Mean SST,Other,0.23439775226870008,0.04514527355158748,0.15384615384615383
Mean SST,Other,0.23439775226870008,0.32878219751162563,0.15384615384615383
Mean SST,Other,0.23439775226870008,0.34202113744284324,0.15384615384615383
Mean SST,Other,0.23439775226870008,-0.0715947359900222,0.15384615384615383
Mean SST,Other,0.23439775226870008,-0.02122271559565103,0.15384615384615383
Mean SST,Other,0.23439775226870008,-0.03700465959765342,0.15384615384615383
Mean SST,Other,0.23439775226870008,0.2608179506029703,0.15384615384615383
Mean SST,Other,0.23439775226870008,0.0435589439660774,0.15384615384615383
Mean SST,Other,0.23439775226870008,-0.01041688677320507,0.15384615384615383
Mean SST,Other,0.23439775226870008,0.1717514941405195,0.15384615384615383
Mean SST,Other,0.23439775226870008,-0.09721432969051014,0.15384615384615383
Mean SST,Other,0.23439775226870008,0.03012891034074705,0.15384615384615383
Mean SST,Other,0.23439775226870008,0.07369789967594964,0.15384615384615383
Mean SST,Other,0.23439775226870008,0.01555654970808673,0.15384615384615383
Mean SST,Other,0.23439775226870008,-0.03868117031775653,0.15384615384615383
Mean SST,Other,0.23439775226870008,-0.01257042818716214,0.15384615384615383
Mean SST,Other,0.23439775226870008,0.25699677580487734,0.15384615384615383
Mean SST,Other,0.23439775226870008,0.06485378686616561,0.15384615384615383
Mean SST,Other,0.23439775226870008,-0.0703102190575553,0.15384615384615383
Mean SST,Other,0.23439775226870008,0.12580857131762735,0.15384615384615383
Mean SST,Other,0.23439775226870008,0.1728328076491109,0.15384615384615383
Mean SST,Other,0.23439775226870008,0.07051607201433352,0.15384615384615383
Mean SST,Other,0.23439775226870008,0.2676383803031509,0.15384615384615383
Mean SST,Other,0.23439775226870008,-0.05622957134506845,0.15384615384615383
Mean SST,Other,0.23439775226870008,0.3314123571755584,0.15384615384615383
Mean SST,Other,0.23439775226870008,0.0844015451923843,0.15384615384615383
Mean SST,Other,0.23439775226870008,0.21619498185138564,0.15384615384615383
Mean SST,Other,0.23439775226870008,0.07318774483835488,0.15384615384615383
Mean SST,Other,0.23439775226870008,-0.05600667181865226,0.15384615384615383
Mean SST,Other,0.23439775226870008,0.22113908488140832,0.15384615384615383
Mean SST,Other,0.23439775226870008,0.06807039486015898,0.15384615384615383
Mean SST,Other,0.23439775226870008,0.3312850497264629,0.15384615384615383
Mean SST,Other,0.23439775226870008,0.01909824625098977,0.15384615384615383
Mean SST,Other,0.23439775226870008,-0.04513181974042735,0.15384615384615383
Mean SST,Other,0.23439775226870008,0.06673883375422662,0.15384615384615383
Mean SST,Other,0.23439775226870008,0.1866244237079815,0.15384615384615383
Mean SST,Other,0.23439775226870008,0.1175828025638489,0.15384615384615383
Mean SST,Other,0.23439775226870008,-0.0262974418689863,0.15384615384615383
Mean SST,Other,0.23439775226870008,0.3010625601765766,0.15384615384615383
Mean SST,Other,0.23439775226870008,0.3015507110197738,0.15384615384615383
Mean SST,Other,0.23439775226870008,0.19448660857519703,0.15384615384615383
Mean SST,Other,0.23439775226870008,0.1153585731126956,0.15384615384615383
Mean SST,Other,0.23439775226870008,0.11647537768100602,0.15384615384615383
Mean SST,Other,0.23439775226870008,0.05952122401114446,0.15384615384615383
Mean SST,Other,0.23439775226870008,-0.00232203399989239,0.15384615384615383
Mean SST,Other,0.23439775226870008,0.10723443291513124,0.15384615384615383
Mean SST,Other,0.23439775226870008,0.25793379850416986,0.15384615384615383
Mean SST,Other,0.23439775226870008,0.24295314523606185,0.15384615384615383
Mean SST,Other,0.23439775226870008,-0.00523797775592216,0.15384615384615383
Mean SST,Other,0.23439775226870008,-0.03752079920454254,0.15384615384615383
Mean SST,Other,0.23439775226870008,0.12704399436960756,0.15384615384615383
Mean SST,Other,0.23439775226870008,-0.1343639379299777,0.15384615384615383
Mean SST,Other,0.23439775226870008,0.09464982788313592,0.15384615384615383
Mean SST,Other,0.23439775226870008,0.00659149495014932,0.15384615384615383
Mean SST,Other,0.23439775226870008,0.3174173295890783,0.15384615384615383
Mean SST,Other,0.23439775226870008,-0.00548441088725382,0.15384615384615383
Mean SST,Other,0.23439775226870008,0.08451871251490217,0.15384615384615383
Mean SST,Other,0.23439775226870008,0.11556174316828792,0.15384615384615383
Mean SST,Other,0.23439775226870008,0.24295314523606185,0.15384615384615383
Mean SST,Other,0.23439775226870008,0.08935118645977802,0.15384615384615383
Mean SST,Other,0.23439775226870008,-0.00617634985358428,0.15384615384615383
Mean SST,Other,0.23439775226870008,0.11092342806473963,0.15384615384615383
Mean SST,Other,0.23439775226870008,4.2669775956283296e-4,0.15384615384615383
Mean SST,Other,0.23439775226870008,0.26017044257655153,0.15384615384615383
Mean SST,Other,0.23439775226870008,-0.3008543832241135,0.15384615384615383
Mean SST,Other,0.23439775226870008,0.12093459008738117,0.15384615384615383
Mean SST,Other,0.23439775226870008,-0.0262974418689863,0.15384615384615383
Mean SST,Other,0.23439775226870008,0.17855536410081865,0.15384615384615383
Mean SST,Other,0.23439775226870008,0.15372283116642704,0.15384615384615383
Mean SST,Other,0.23439775226870008,0.23909813789396703,0.15384615384615383
Mean SST,Other,0.23439775226870008,0.04077565912451963,0.15384615384615383
Mean SST,Other,0.23439775226870008,0.09602008438248057,0.15384615384615383
Mean SST,Other,0.23439775226870008,0.07666475733744016,0.15384615384615383
Mean SST,Other,0.23439775226870008,0.2599438742936079,0.15384615384615383
Mean SST,Other,0.23439775226870008,0.21554628789617655,0.15384615384615383
Mean SST,Other,0.23439775226870008,0.19184109559197585,0.15384615384615383
Mean SST,Other,0.23439775226870008,0.07051607201433352,0.15384615384615383
Mean SST,Other,0.23439775226870008,0.22369460510546213,0.15384615384615383
Mean SST,Other,0.23439775226870008,-0.04010764840319059,0.15384615384615383
Mean SST,Other,0.23439775226870008,-0.3071076164054827,0.15384615384615383
Mean SST,Other,0.23439775226870008,0.14376745952412762,0.15384615384615383
Mean SST,Other,0.23439775226870008,0.05952122401114446,0.15384615384615383
Mean SST,Other,0.23439775226870008,0.13326899933011138,0.15384615384615383
Mean SST,Other,0.23439775226870008,0.1581491601257714,0.15384615384615383
Mean SST,Other,0.23439775226870008,-0.0398742817957809,0.15384615384615383
Mean SST,Other,0.23439775226870008,-0.01480218299463409,0.15384615384615383
Mean SST,Other,0.23439775226870008,-0.01472863490865261,0.15384615384615383
Mean SST,Other,0.23439775226870008,0.28374662406613904,0.15384615384615383
Mean SST,Other,0.23439775226870008,0.19110459910378785,0.15384615384615383
Mean SST,Other,0.23439775226870008,0.07966688207176209,0.15384615384615383
Mean SST,Other,0.23439775226870008,-0.06175924170359836,0.15384615384615383
Mean SST,Other,0.23439775226870008,0.16398838901456103,0.15384615384615383
Mean SST,Other,0.23439775226870008,0.21754294932598572,0.15384615384615383
Mean SST,Other,0.23439775226870008,0.24763597846575056,0.15384615384615383
Mean SST,Other,0.23439775226870008,0.2763762066541313,0.15384615384615383
Mean SST,Other,0.23439775226870008,-0.01257042818716214,0.15384615384615383
Mean SST,Other,0.23439775226870008,-0.1433252675991823,0.15384615384615383
Mean SST,Other,0.23439775226870008,-0.12168023245784187,0.15384615384615383
Mean SST,Other,0.23439775226870008,0.03659574058271586,0.15384615384615383
Mean SST,Other,0.23439775226870008,0.148358182297877,0.15384615384615383
Mean SST,Other,0.23439775226870008,0.0853233078846859,0.15384615384615383
Mean SST,Other,0.23439775226870008,0.198720700304175,0.15384615384615383
Mean SST,Other,0.23439775226870008,-0.0703102190575553,0.15384615384615383
Mean SST,Other,0.23439775226870008,0.1259223862010206,0.15384615384615383
Mean SST,Other,0.23439775226870008,-0.10263941661751308,0.15384615384615383
Mean SST,Other,0.23439775226870008,0.2633652321186384,0.15384615384615383
Mean SST,Other,0.23439775226870008,-0.0482462350266728,0.15384615384615383
Mean SST,Other,0.23439775226870008,0.22681926247988804,0.15384615384615383
Mean SST,Other,0.23439775226870008,0.21601390026119735,0.15384615384615383
Mean SST,Other,0.23439775226870008,0.04496986803582248,0.15384615384615383
Mean SST,Other,0.23439775226870008,0.21341969483084,0.15384615384615383
Mean SST,Other,0.23439775226870008,-0.04513181974042735,0.15384615384615383
Mean SST,Other,0.23439775226870008,0.2640136321447878,0.15384615384615383
Mean SST,Other,0.23439775226870008,-0.14291564604757157,0.15384615384615383
Mean SST,Other,0.23439775226870008,0.02279014078833152,0.15384615384615383
Mean SST,Other,0.23439775226870008,0.08802741834506334,0.15384615384615383
Mean SST,Other,0.23439775226870008,0.28374662406613904,0.15384615384615383
Mean SST,Other,0.23439775226870008,0.15034776163072894,0.15384615384615383
Mean SST,Other,0.23439775226870008,-0.2515897655561692,0.15384615384615383
Mean SST,Other,0.23439775226870008,-0.00589528527287019,0.15384615384615383
Mean SST,Other,0.23439775226870008,-0.16786803887890134,0.15384615384615383
Mean SST,Other,0.23439775226870008,-0.17666317710995671,0.15384615384615383
Mean SST,Other,0.23439775226870008,-0.05509208983831293,0.15384615384615383
Mean SST,Other,0.23439775226870008,-0.0956985958792087,0.15384615384615383
Mean SST,Other,0.23439775226870008,0.17745435659131548,0.15384615384615383
Mean SST,Other,0.23439775226870008,0.03365107170225701,0.15384615384615383
Mean SST,Other,0.23439775226870008,0.1170461354556076,0.15384615384615383
Mean SST,Other,0.23439775226870008,0.1025076366956602,0.15384615384615383
Mean SST,Other,0.23439775226870008,-0.00469293816623883,0.15384615384615383
Mean SST,Other,0.23439775226870008,-0.09004327113852395,0.15384615384615383
Mean SST,Other,0.23439775226870008,0.02831052714574244,0.15384615384615383
Mean SST,Other,0.23439775226870008,-0.05901640060462765,0.15384615384615383
Mean SST,Other,0.23439775226870008,0.05919721350461848,0.15384615384615383
Mean SST,Other,0.23439775226870008,0.13557764097714065,0.15384615384615383
Mean SST,Other,0.23439775226870008,0.15563326366503083,0.15384615384615383
Mean SST,Other,0.23439775226870008,0.03073440578196018,0.15384615384615383
Mean SST,Other,0.23439775226870008,0.19110459910378785,0.15384615384615383
Mean SST,Other,0.23439775226870008,0.07984875530960733,0.15384615384615383
Mean SST,Other,0.23439775226870008,0.11231632077113984,0.15384615384615383
Mean SST,Other,0.23439775226870008,0.08048515920331878,0.15384615384615383
Mean SST,Other,0.23439775226870008,-0.03370581892119517,0.15384615384615383
Mean SST,Other,0.23439775226870008,0.19473063493668707,0.15384615384615383
Mean SST,Other,0.23439775226870008,-0.08517987845430786,0.15384615384615383
Mean SST,Other,0.23439775226870008,-0.15160936314176854,0.15384615384615383
Mean SST,Other,0.23439775226870008,0.1747700557855736,0.15384615384615383
Mean SST,Other,0.23439775226870008,0.2044143348481494,0.15384615384615383
Mean SST,Other,0.23439775226870008,0.28227992358147924,0.15384615384615383
Mean SST,Other,0.23439775226870008,0.1895194568475549,0.15384615384615383
Mean SST,Other,0.23439775226870008,-0.06280486921092199,0.15384615384615383
Mean SST,Other,0.23439775226870008,0.19550791612002172,0.15384615384615383
Mean SST,Other,0.23439775226870008,0.3374027092864085,0.15384615384615383
Mean SST,Other,0.23439775226870008,0.18177856117155267,0.15384615384615383
Mean SST,Other,0.23439775226870008,-0.04415797770209773,0.15384615384615383
Mean SST,Other,0.23439775226870008,0.02529496103662043,0.15384615384615383
Mean SST,Other,0.23439775226870008,4.2669775956283296e-4,0.15384615384615383
Mean SST,Other,0.23439775226870008,-0.05048021543981451,0.15384615384615383
Mean SST,Other,0.23439775226870008,0.07619154585633492,0.15384615384615383
Mean SST,Other,0.23439775226870008,0.01855396294944367,0.15384615384615383
Mean SST,Other,0.23439775226870008,0.07155406112818541,0.15384615384615383
Mean SST,Other,0.23439775226870008,0.07757209425867384,0.15384615384615383
Mean SST,Other,0.23439775226870008,0.2638380588391429,0.15384615384615383
Mean SST,Other,0.23439775226870008,0.13647974694090903,0.15384615384615383
Mean SST,Other,0.23439775226870008,0.05308564025243967,0.15384615384615383
Mean SST,Other,0.23439775226870008,0.1514699718340815,0.15384615384615383
Mean SST,Other,0.23439775226870008,0.2676383803031509,0.15384615384615383
Mean SST,Other,0.23439775226870008,0.1609877519025671,0.15384615384615383
Mean SST,Other,0.23439775226870008,0.05952122401114446,0.15384615384615383
Mean SST,Other,0.23439775226870008,-0.1147205752254159,0.15384615384615383
Mean SST,Other,0.23439775226870008,-0.09263698565845813,0.15384615384615383
Mean SST,Other,0.23439775226870008,-0.03752079920454254,0.15384615384615383
Mean SST,Other,0.23439775226870008,0.1153585731126956,0.15384615384615383
Mean SST,Other,0.23439775226870008,0.13286930670478636,0.15384615384615383
Mean SST,Other,0.23439775226870008,0.33362901153702873,0.15384615384615383
Mean SST,Other,0.23439775226870008,-0.05546598890244203,0.15384615384615383
Mean SST,Other,0.23439775226870008,-0.02618898665754376,0.15384615384615383
Mean SST,Other,0.23439775226870008,-0.00534622827156416,0.15384615384615383
Mean SST,Other,0.23439775226870008,-0.1540704996660056,0.15384615384615383
Mean SST,Other,0.23439775226870008,-0.0967738387736401,0.15384615384615383
Mean SST,Other,0.23439775226870008,0.06807039486015898,0.15384615384615383
Mean SST,Other,0.23439775226870008,-0.03138695515611789,0.15384615384615383
Mean SST,Other,0.23439775226870008,0.12148324823426526,0.15384615384615383
Mean SST,Other,0.23439775226870008,0.01744775757344929,0.15384615384615383
Mean SST,Other,0.23439775226870008,-0.19566000818130047,0.15384615384615383
Mean SST,Other,0.23439775226870008,-0.01048828309611527,0.15384615384615383
Mean SST,Other,0.23439775226870008,0.13790890895577157,0.15384615384615383
Mean SST,Other,0.23439775226870008,0.23909813789396703,0.15384615384615383
Mean SST,Other,0.23439775226870008,-0.02117512499253759,0.15384615384615383
Mean SST,Other,0.23439775226870008,-0.1186939516952572,0.15384615384615383
Mean SST,Other,0.23439775226870008,0.01392112021082658,0.15384615384615383
Mean SST,Other,0.23439775226870008,0.2392619140818536,0.15384615384615383
Mean SST,Other,0.23439775226870008,0.13791854755886124,0.15384615384615383
Mean SST,Other,0.23439775226870008,0.0247803286955881,0.15384615384615383
Mean SST,Other,0.23439775226870008,0.1913725592753619,0.15384615384615383
Mean SST,Other,0.23439775226870008,0.0733178759292773,0.15384615384615383
Mean SST,Other,0.23439775226870008,0.2521844734338904,0.15384615384615383
Mean SST,Other,0.23439775226870008,0.13791854755886124,0.15384615384615383
Mean SST,Other,0.23439775226870008,0.04815356603690834,0.15384615384615383
Mean SST,Other,0.23439775226870008,0.19939816390761933,0.15384615384615383
Mean SST,Other,0.23439775226870008,-0.03056343259628979,0.15384615384615383
Mean SST,Other,0.23439775226870008,0.1128664737464382,0.15384615384615383
Mean SST,Other,0.23439775226870008,-0.05531867665357004,0.15384615384615383
Mean SST,Other,0.23439775226870008,0.24820003621899756,0.15384615384615383
Mean SST,Other,0.23439775226870008,0.0841685534356259,0.15384615384615383
Mean SST,Other,0.23439775226870008,-0.04489467234446787,0.15384615384615383
Mean SST,Other,0.23439775226870008,-0.00393602141087101,0.15384615384615383
Mean SST,Other,0.23439775226870008,0.02453722657533008,0.15384615384615383
Mean SST,Other,0.23439775226870008,0.03690717800475385,0.15384615384615383
Mean SST,Other,0.23439775226870008,0.08802741834506334,0.15384615384615383
Mean SST,Other,0.23439775226870008,0.17604528354518623,0.15384615384615383
Mean SST,Other,0.23439775226870008,0.01623011801749063,0.15384615384615383
Mean SST,Other,0.23439775226870008,-0.15596700909627303,0.15384615384615383
Mean SST,Other,0.23439775226870008,0.1219009088387567,0.15384615384615383
Mean SST,Other,0.23439775226870008,-0.02997156841881865,0.15384615384615383
Mean SST,Other,0.23439775226870008,-0.0233143986587927,0.15384615384615383
Mean SST,Other,0.23439775226870008,0.11698602890750832,0.15384615384615383
Mean SST,Other,0.23439775226870008,0.2093714079101948,0.15384615384615383
Mean SST,Other,0.23439775226870008,-0.03347879192289205,0.15384615384615383
Mean SST,Other,0.23439775226870008,-0.12565124739267897,0.15384615384615383
Mean SST,Other,0.23439775226870008,0.2093714079101948,0.15384615384615383
Mean SST,Other,0.23439775226870008,0.3494082828999471,0.15384615384615383
Mean SST,Other,0.23439775226870008,-0.0341177260402119,0.15384615384615383
Mean SST,Other,0.23439775226870008,0.1922083655920193,0.15384615384615383
Mean SST,Other,0.23439775226870008,0.13647974694090903,0.15384615384615383
Mean SST,Other,0.23439775226870008,0.2861415935525814,0.15384615384615383
Mean SST,Other,0.23439775226870008,0.22369460510546213,0.15384615384615383
Mean SST,Other,0.23439775226870008,0.24822015437595335,0.15384615384615383
Mean SST,Other,0.23439775226870008,0.3080395822009955,0.15384615384615383
Mean SST,Other,0.23439775226870008,0.0884652336155356,0.15384615384615383
Mean SST,Other,0.23439775226870008,0.26017044257655153,0.15384615384615383
Mean SST,Other,0.23439775226870008,0.25793379850416986,0.15384615384615383
Mean SST,Other,0.23439775226870008,-0.01517707084505826,0.15384615384615383
Mean SST,Other,0.23439775226870008,0.27819037787592826,0.15384615384615383
Mean SST,Other,0.23439775226870008,-0.07920875603717148,0.15384615384615383
Mean SST,Other,0.23439775226870008,0.24278099578027623,0.15384615384615383
Mean SST,Other,0.23439775226870008,-0.00273989195574353,0.15384615384615383
Mean SST,Other,0.23439775226870008,0.08020281995252199,0.15384615384615383
Mean SST,Other,0.23439775226870008,0.01855396294944367,0.15384615384615383
Mean SST,Other,0.23439775226870008,0.04767918942971261,0.15384615384615383
Mean SST,Other,0.23439775226870008,0.16828517321954684,0.15384615384615383
Mean SST,Other,0.23439775226870008,-0.01124970460582575,0.15384615384615383
Mean SST,Other,0.23439775226870008,0.17756156524723887,0.15384615384615383
Mean SST,Other,0.23439775226870008,0.032531214270344,0.15384615384615383
Mean SST,Other,0.23439775226870008,0.16595223244279544,0.15384615384615383
Mean SST,Other,0.23439775226870008,-0.02299459418034222,0.15384615384615383
Mean SST,Other,0.23439775226870008,-0.05394980354617162,0.15384615384615383
Mean SST,Other,0.23439775226870008,-0.09071097159324903,0.15384615384615383
Mean SST,Other,0.23439775226870008,-0.00373993036308739,0.15384615384615383
Mean SST,Other,0.23439775226870008,0.2531195636393243,0.15384615384615383
Mean SST,Other,0.23439775226870008,0.274586396807577,0.15384615384615383
Mean SST,Other,0.23439775226870008,-0.0849486993909705,0.15384615384615383
Mean SST,Other,0.23439775226870008,0.1227017662977371,0.15384615384615383
Mean SST,Other,0.23439775226870008,-0.02997156841881865,0.15384615384615383
Mean SST,Other,0.23439775226870008,-0.00589528527287019,0.15384615384615383
Mean SST,Other,0.23439775226870008,0.15197035723012708,0.15384615384615383
Mean SST,Other,0.23439775226870008,-0.159743753933979,0.15384615384615383
Mean SST,Other,0.23439775226870008,0.03921421311069117,0.15384615384615383
Mean SST,Other,0.23439775226870008,-0.04330560383513449,0.15384615384615383
Mean SST,Other,0.23439775226870008,-0.00469293816623883,0.15384615384615383
Mean SST,Other,0.23439775226870008,-0.02654228174553075,0.15384615384615383
Mean SST,Other,0.23439775226870008,0.30134548755767987,0.15384615384615383
Mean SST,Other,0.23439775226870008,0.24278099578027623,0.15384615384615383
Mean SST,Other,0.23439775226870008,0.00838009294732833,0.15384615384615383
Mean SST,Other,0.23439775226870008,0.1100269439491972,0.15384615384615383
Mean SST,Other,0.23439775226870008,0.17858526929641094,0.15384615384615383
Mean SST,Other,0.23439775226870008,-0.1039549860927882,0.15384615384615383
Mean SST,Other,0.23439775226870008,0.17628362187399838,0.15384615384615383
Mean SST,Other,0.23439775226870008,0.3374027092864085,0.15384615384615383
Mean SST,Other,0.23439775226870008,0.24116744393588885,0.15384615384615383
Mean SST,Other,0.23439775226870008,0.12704399436960756,0.15384615384615383
Mean SST,Other,0.23439775226870008,0.2345819620151539,0.15384615384615383
Mean SST,Other,0.23439775226870008,-0.06742374825607977,0.15384615384615383
Mean SST,Other,0.23439775226870008,0.16468179327875831,0.15384615384615383
Mean SST,Other,0.23439775226870008,-0.01794516865975914,0.15384615384615383
Mean SST,Other,0.23439775226870008,0.25118624453203053,0.15384615384615383
Mean SST,Other,0.23439775226870008,-0.01926422193336985,0.15384615384615383
Mean SST,Other,0.23439775226870008,-0.00525576932358284,0.15384615384615383
Mean SST,Other,0.23439775226870008,-0.00262805887033779,0.15384615384615383
Mean SST,Other,0.23439775226870008,0.25067716435789233,0.15384615384615383
Mean SST,Other,0.23439775226870008,0.20234651509186088,0.15384615384615383
Mean SST,Other,0.23439775226870008,-0.04010764840319059,0.15384615384615383
Mean SST,Other,0.23439775226870008,0.1810336582469253,0.15384615384615383
Mean SST,Other,0.23439775226870008,0.01522516476778856,0.15384615384615383
Mean SST,Other,0.23439775226870008,-0.02997156841881865,0.15384615384615383
Mean SST,Other,0.23439775226870008,0.2631469595309135,0.15384615384615383
Mean SST,Other,0.23439775226870008,0.13732762574207535,0.15384615384615383
Mean SST,Other,0.23439775226870008,0.01271869705751571,0.15384615384615383
Mean SST,Other,0.23439775226870008,0.13286930670478636,0.15384615384615383
Mean SST,Other,0.23439775226870008,0.02652628402677448,0.15384615384615383
Mean SST,Other,0.23439775226870008,0.198720700304175,0.15384615384615383
Mean SST,Other,0.23439775226870008,-0.1433252675991823,0.15384615384615383
Mean SST,Other,0.23439775226870008,-0.0715947359900222,0.15384615384615383
Mean SST,Other,0.23439775226870008,0.06959632496323775,0.15384615384615383
Mean SST,Other,0.23439775226870008,0.05794847176939344,0.15384615384615383
Mean SST,Other,0.23439775226870008,-0.14912164951260376,0.15384615384615383
Mean SST,Other,0.23439775226870008,-0.14557814500808908,0.15384615384615383
Mean SST,Other,0.23439775226870008,0.1563167588517117,0.15384615384615383
Mean SST,Other,0.23439775226870008,0.17717898313852065,0.15384615384615383
Mean SST,Other,0.23439775226870008,0.10353328873636714,0.15384615384615383
Mean SST,Other,0.23439775226870008,0.00906335544203917,0.15384615384615383
Mean SST,Other,0.23439775226870008,-0.10679111840996636,0.15384615384615383
Mean SST,Other,0.23439775226870008,-0.06342738860359542,0.15384615384615383
Mean SST,Other,0.23439775226870008,-0.03145629472372602,0.15384615384615383
Mean SST,Other,0.23439775226870008,0.07096585703344593,0.15384615384615383
Mean SST,Other,0.23439775226870008,0.0952416238809506,0.15384615384615383
Mean SST,Other,0.23439775226870008,0.1234232184839067,0.15384615384615383
Mean SST,Other,0.23439775226870008,0.08845993777776551,0.15384615384615383
Mean SST,Other,0.23439775226870008,0.09179302795987332,0.15384615384615383
Mean SST,Other,0.23439775226870008,-0.00589528527287019,0.15384615384615383
Mean SST,Other,0.23439775226870008,0.25715224698363426,0.15384615384615383
Mean SST,Other,0.23439775226870008,0.21341969483084,0.15384615384615383
Mean SST,Other,0.23439775226870008,0.13806237395912746,0.15384615384615383
Mean SST,Other,0.23439775226870008,0.28239836434400933,0.15384615384615383
Mean SST,Other,0.23439775226870008,-0.04199465146443537,0.15384615384615383
Mean SST,Other,0.23439775226870008,0.11698602890750832,0.15384615384615383
Mean SST,Other,0.23439775226870008,0.09968461945449936,0.15384615384615383
Mean SST,Other,0.23439775226870008,-0.03556011986570406,0.15384615384615383
Mean SST,Other,0.23439775226870008,0.05339913602764079,0.15384615384615383
Mean SST,Other,0.23439775226870008,0.1953666060292697,0.15384615384615383
Mean SST,Other,0.23439775226870008,0.13426206511442473,0.15384615384615383
Mean SST,Other,0.23439775226870008,-0.03618285418784484,0.15384615384615383
Mean SST,Other,0.23439775226870008,0.27118128114376905,0.15384615384615383
Mean SST,Other,0.23439775226870008,0.09190252770020124,0.15384615384615383
Mean SST,Other,0.23439775226870008,-0.06318462009196613,0.15384615384615383
Mean SST,Other,0.23439775226870008,-0.01747593486027909,0.15384615384615383
Mean SST,Other,0.23439775226870008,0.09529054653447631,0.15384615384615383
Mean SST,Other,0.23439775226870008,0.28618293495713265,0.15384615384615383
Mean SST,Other,0.23439775226870008,0.1175828025638489,0.15384615384615383
Mean SST,Other,0.23439775226870008,0.10251756918857637,0.15384615384615383
Mean SST,Other,0.23439775226870008,0.37500011209329287,0.15384615384615383
Mean SST,Other,0.23439775226870008,-0.04152317734267052,0.15384615384615383
Mean SST,Other,0.23439775226870008,-0.1894002515314217,0.15384615384615383
Mean SST,Other,0.23439775226870008,0.11936052073742952,0.15384615384615383
Mean SST,Other,0.23439775226870008,-3.886906670895751e-4,0.15384615384615383
Mean SST,Other,0.23439775226870008,-0.14291564604757157,0.15384615384615383
Mean SST,Other,0.23439775226870008,0.11441752428730856,0.15384615384615383
Mean SST,Other,0.23439775226870008,0.271265416751186,0.15384615384615383
Mean SST,Other,0.23439775226870008,-0.05432281750935952,0.15384615384615383
Mean SST,Other,0.23439775226870008,-0.00600153007283865,0.15384615384615383
Mean SST,Other,0.23439775226870008,0.18074278878902392,0.15384615384615383
Mean SST,Other,0.23439775226870008,0.04176428256387732,0.15384615384615383
Mean SST,Other,0.23439775226870008,0.1946807673424632,0.15384615384615383
Mean SST,Other,0.23439775226870008,0.3390758529932578,0.15384615384615383
Mean SST,Other,0.23439775226870008,-0.01926422193336985,0.15384615384615383
Mean SST,Other,0.23439775226870008,0.02544302396698861,0.15384615384615383
Mean SST,Other,0.23439775226870008,0.07966688207176209,0.15384615384615383
Mean SST,Other,0.23439775226870008,0.01047072378534219,0.15384615384615383
Mean SST,Other,0.23439775226870008,0.16003477494834728,0.15384615384615383
Mean SST,Other,0.23439775226870008,-0.09263698565845813,0.15384615384615383
Mean SST,Other,0.23439775226870008,0.18987870318994704,0.15384615384615383
Mean SST,Other,0.23439775226870008,0.2763762066541313,0.15384615384615383
Mean SST,Other,0.23439775226870008,0.15512125399243792,0.15384615384615383
Mean SST,Other,0.23439775226870008,0.1153585731126956,0.15384615384615383
Mean SST,Other,0.23439775226870008,1.3861963136119204e-4,0.15384615384615383
Mean SST,Other,0.23439775226870008,-0.00523797775592216,0.15384615384615383
Mean SST,Other,0.23439775226870008,-0.1335274935572095,0.15384615384615383
Mean SST,Other,0.23439775226870008,0.10756871219414876,0.15384615384615383
Mean SST,Other,0.23439775226870008,0.16668854131543753,0.15384615384615383
Mean SST,Other,0.23439775226870008,0.01178604692910145,0.15384615384615383
Mean SST,Other,0.23439775226870008,0.02239740580856897,0.15384615384615383
Mean SST,Other,0.23439775226870008,0.18654180307928092,0.15384615384615383
Mean SST,Other,0.23439775226870008,0.03518868845240597,0.15384615384615383
Mean SST,Other,0.23439775226870008,-0.08343203481336525,0.15384615384615383
Mean SST,Other,0.23439775226870008,0.07096585703344593,0.15384615384615383
Mean SST,Other,0.23439775226870008,0.0435589439660774,0.15384615384615383
Mean SST,Other,0.23439775226870008,0.055149389233353,0.15384615384615383
Mean SST,Other,0.23439775226870008,0.0773416861883982,0.15384615384615383
Mean SST,Other,0.23439775226870008,0.2103793421702349,0.15384615384615383
Mean SST,Other,0.23439775226870008,0.1922083655920193,0.15384615384615383
Mean SST,Other,0.23439775226870008,0.16955601118329677,0.15384615384615383
Mean SST,Other,0.23439775226870008,0.23439775226870008,0.15384615384615383
Mean SST,Other,0.23439775226870008,-0.10087598024985732,0.15384615384615383
Mean SST,Other,0.23439775226870008,-0.02406557844346668,0.15384615384615383
Mean SST,Other,0.23439775226870008,0.1785041109341925,0.15384615384615383
Mean SST,Other,0.23439775226870008,0.07553633787707237,0.15384615384615383
Mean SST,Other,0.23439775226870008,0.19182330880707343,0.15384615384615383
Mean SST,Other,0.23439775226870008,-0.07097145376975589,0.15384615384615383
Mean SST,Other,0.23439775226870008,-0.05432281750935952,0.15384615384615383
Mean SST,Other,0.23439775226870008,0.11828747454595034,0.15384615384615383
Mean SST,Other,0.23439775226870008,0.16883527289086153,0.15384615384615383
Mean SST,Other,0.23439775226870008,0.1368556465812104,0.15384615384615383
Mean SST,Other,0.23439775226870008,0.1867265466252628,0.15384615384615383
Mean SST,Other,0.23439775226870008,0.09179302795987332,0.15384615384615383
Mean SST,Other,0.23439775226870008,0.3374027092864085,0.15384615384615383
Mean SST,Other,0.23439775226870008,0.17717898313852065,0.15384615384615383
Mean SST,Other,0.23439775226870008,0.18653356741939253,0.15384615384615383
Mean SST,Other,0.23439775226870008,0.11564485603413156,0.15384615384615383
Mean SST,Other,0.23439775226870008,0.01392112021082658,0.15384615384615383
Mean SST,Other,0.23439775226870008,-0.10588199849309564,0.15384615384615383
Mean SST,Other,0.23439775226870008,0.26120259094172416,0.15384615384615383
Mean SST,Other,0.23439775226870008,6.995721455922421e-4,0.15384615384615383
Mean SST,Other,0.23439775226870008,0.18175548435338704,0.15384615384615383
Mean SST,Other,0.23439775226870008,-0.3499176470076273,0.15384615384615383
Mean SST,Other,0.23439775226870008,0.276182610576426,0.15384615384615383
Mean SST,Other,0.23439775226870008,0.01047072378534219,0.15384615384615383
Mean SST,Other,0.23439775226870008,0.2188659698878237,0.15384615384615383
Mean SST,Other,0.23439775226870008,0.16928467763696464,0.15384615384615383
Mean SST,Other,0.23439775226870008,0.0688810407021817,0.15384615384615383
Mean SST,Other,0.23439775226870008,0.18035804258330249,0.15384615384615383
Mean SST,Other,0.23439775226870008,0.17278458798612817,0.15384615384615383
Mean SST,Other,0.23439775226870008,0.04101933082625264,0.15384615384615383
Mean SST,Other,0.23439775226870008,0.14035248760988228,0.15384615384615383
Mean SST,Other,0.23439775226870008,-0.03478467823080855,0.15384615384615383
Mean SST,Other,0.23439775226870008,0.16833812963491646,0.15384615384615383
Mean SST,Other,0.23439775226870008,0.0841685534356259,0.15384615384615383
Mean SST,Other,0.23439775226870008,0.13286930670478636,0.15384615384615383
Mean SST,Other,0.23439775226870008,0.06082285715370117,0.15384615384615383
Mean SST,Other,0.23439775226870008,0.10274875173191368,0.15384615384615383
Mean SST,Other,0.23439775226870008,0.2188659698878237,0.15384615384615383
Mean SST,Other,0.23439775226870008,0.18653356741939253,0.15384615384615383
Mean SST,Other,0.23439775226870008,-0.05432281750935952,0.15384615384615383
Mean SST,Other,0.23439775226870008,0.08020281995252199,0.15384615384615383
Mean SST,Other,0.23439775226870008,0.08138942007937111,0.15384615384615383
Mean SST,Other,0.23439775226870008,0.22026052396201432,0.15384615384615383
Mean SST,Other,0.23439775226870008,-0.3317273107796137,0.15384615384615383
Mean SST,Other,0.23439775226870008,0.05107751638672775,0.15384615384615383
Mean SST,Other,0.23439775226870008,0.06673883375422662,0.15384615384615383
Mean SST,Other,0.23439775226870008,0.11556174316828792,0.15384615384615383
Mean SST,Other,0.23439775226870008,-0.03394039593778975,0.15384615384615383
Mean SST,Other,0.23439775226870008,0.36377505078430505,0.15384615384615383
Mean SST,Other,0.23439775226870008,-0.0398742817957809,0.15384615384615383
Mean SST,Other,0.23439775226870008,0.03522248812983653,0.15384615384615383
Spawning stock biomass,Other,-0.3910711959080164,0.04391907919385507,1
Spawning stock biomass,Other,-0.3910711959080164,0.06310770936428678,1
Spawning stock biomass,Other,-0.3910711959080164,0.04374259001243597,1
Spawning stock biomass,Other,-0.3910711959080164,0.00218660096131895,1
Spawning stock biomass,Other,-0.3910711959080164,0.04496208390600431,1
Spawning stock biomass,Other,-0.3910711959080164,-0.00364670490178986,1
Spawning stock biomass,Other,-0.3910711959080164,0.01524943792549082,1
Spawning stock biomass,Other,-0.3910711959080164,0.03653029993906886,1
Spawning stock biomass,Other,-0.3910711959080164,0.00575559155902816,1
Spawning stock biomass,Other,-0.3910711959080164,-0.01739422186708306,1
Spawning stock biomass,Other,-0.3910711959080164,0.0519736768441762,1
Spawning stock biomass,Other,-0.3910711959080164,-0.04417532002807234,1
Spawning stock biomass,Other,-0.3910711959080164,0.02050260407351101,1
Spawning stock biomass,Other,-0.3910711959080164,0.01104381820691646,1
Spawning stock biomass,Other,-0.3910711959080164,-0.00441541238669462,1
Spawning stock biomass,Other,-0.3910711959080164,-0.01294034553212775,1
Spawning stock biomass,Other,-0.3910711959080164,-0.00614495674093484,1
Spawning stock biomass,Other,-0.3910711959080164,-0.00933969147660507,1
Spawning stock biomass,Other,-0.3910711959080164,0.01143748383470955,1
Spawning stock biomass,Other,-0.3910711959080164,0.07850781684775632,1
Spawning stock biomass,Other,-0.3910711959080164,-0.10977660356488084,1
Spawning stock biomass,Other,-0.3910711959080164,-0.0740048959501407,1
Spawning stock biomass,Other,-0.3910711959080164,-0.01334194809294064,1
Spawning stock biomass,Other,-0.3910711959080164,0.02888426137541477,1
Spawning stock biomass,Other,-0.3910711959080164,-0.06540012137857598,1
Spawning stock biomass,Other,-0.3910711959080164,0.00636299153981334,1
Spawning stock biomass,Other,-0.3910711959080164,-0.07833616220986062,1
Spawning stock biomass,Other,-0.3910711959080164,0.04233259455052296,1
Spawning stock biomass,Other,-0.3910711959080164,-0.03485614142286231,1
Spawning stock biomass,Other,-0.3910711959080164,0.04233259455052296,1
Spawning stock biomass,Other,-0.3910711959080164,0.03528991128160597,1
Spawning stock biomass,Other,-0.3910711959080164,0.18490394957317913,1
Spawning stock biomass,Other,-0.3910711959080164,-0.01065888823755445,1
Spawning stock biomass,Other,-0.3910711959080164,0.02119788613691686,1
Spawning stock biomass,Other,-0.3910711959080164,0.00902369744127729,1
Spawning stock biomass,Other,-0.3910711959080164,0.18490394957317913,1
Spawning stock biomass,Other,-0.3910711959080164,0.0233976973442912,1
Spawning stock biomass,Other,-0.3910711959080164,-0.09093642406296888,1
Spawning stock biomass,Other,-0.3910711959080164,0.01853408840278758,1
Spawning stock biomass,Other,-0.3910711959080164,-0.02345678880516866,1
Spawning stock biomass,Other,-0.3910711959080164,-6.395266028440538e-4,1
Spawning stock biomass,Other,-0.3910711959080164,-0.06167185114613649,1
Spawning stock biomass,Other,-0.3910711959080164,-0.21753454920753956,1
Spawning stock biomass,Other,-0.3910711959080164,-0.00724863931021357,1
Spawning stock biomass,Other,-0.3910711959080164,-0.04770972226641823,1
Spawning stock biomass,Other,-0.3910711959080164,-0.00207876428073849,1
Spawning stock biomass,Other,-0.3910711959080164,-0.01144364257787011,1
Spawning stock biomass,Other,-0.3910711959080164,-0.03575555832342525,1
Spawning stock biomass,Other,-0.3910711959080164,-0.0162827457061927,1
Spawning stock biomass,Other,-0.3910711959080164,-0.00863110634429897,1
Spawning stock biomass,Other,-0.3910711959080164,0.06773288601942717,1
Spawning stock biomass,Other,-0.3910711959080164,-0.14850885693694085,1
Spawning stock biomass,Other,-0.3910711959080164,0.01853408840278758,1
Spawning stock biomass,Other,-0.3910711959080164,-0.02978112746935535,1
Spawning stock biomass,Other,-0.3910711959080164,-0.01018292914200591,1
Spawning stock biomass,Other,-0.3910711959080164,-0.07639953100812824,1
Spawning stock biomass,Other,-0.3910711959080164,0.01524943792549082,1
Spawning stock biomass,Other,-0.3910711959080164,0.04241559031728781,1
Spawning stock biomass,Other,-0.3910711959080164,0.00384063173870774,1
Spawning stock biomass,Other,-0.3910711959080164,-0.00987676773080981,1
Spawning stock biomass,Other,-0.3910711959080164,-0.0366248455199516,1
Spawning stock biomass,Other,-0.3910711959080164,0.03563424154117645,1
Spawning stock biomass,Other,-0.3910711959080164,0.00469667821557895,1
Spawning stock biomass,Other,-0.3910711959080164,0.06067357514163329,1
Spawning stock biomass,Other,-0.3910711959080164,-0.04417532002807234,1
Spawning stock biomass,Other,-0.3910711959080164,-0.07222259861649571,1
Spawning stock biomass,Other,-0.3910711959080164,0.01146393752827179,1
Spawning stock biomass,Other,-0.3910711959080164,-0.08139421381972989,1
Spawning stock biomass,Other,-0.3910711959080164,-0.02123487975722593,1
Spawning stock biomass,Other,-0.3910711959080164,-0.15052745894319397,1
Spawning stock biomass,Other,-0.3910711959080164,-0.03176217265703185,1
Spawning stock biomass,Other,-0.3910711959080164,0.0245603731318279,1
Spawning stock biomass,Other,-0.3910711959080164,0.10589808955219472,1
Spawning stock biomass,Other,-0.3910711959080164,-0.01320549489864619,1
Spawning stock biomass,Other,-0.3910711959080164,-0.05435196428450428,1
Spawning stock biomass,Other,-0.3910711959080164,0.02644043848069355,1
Spawning stock biomass,Other,-0.3910711959080164,0.0783164203372384,1
Spawning stock biomass,Other,-0.3910711959080164,0.10362663216556112,1
Spawning stock biomass,Other,-0.3910711959080164,0.08702503020446506,1
Spawning stock biomass,Other,-0.3910711959080164,-0.01330575074032158,1
Spawning stock biomass,Other,-0.3910711959080164,0.02135141759721626,1
Spawning stock biomass,Other,-0.3910711959080164,-0.05445632391978816,1
Spawning stock biomass,Other,-0.3910711959080164,-0.01862143847311803,1
Spawning stock biomass,Other,-0.3910711959080164,0.01587522133122387,1
Spawning stock biomass,Other,-0.3910711959080164,-0.03491926264365386,1
Spawning stock biomass,Other,-0.3910711959080164,0.03129463976513558,1
Spawning stock biomass,Other,-0.3910711959080164,0.0594653371475744,1
Spawning stock biomass,Other,-0.3910711959080164,0.02442696110520892,1
Spawning stock biomass,Other,-0.3910711959080164,-0.0595328331422722,1
Spawning stock biomass,Other,-0.3910711959080164,0.01816851562875965,1
Spawning stock biomass,Other,-0.3910711959080164,-0.1587883148604896,1
Spawning stock biomass,Other,-0.3910711959080164,-0.03827196030523017,1
Spawning stock biomass,Other,-0.3910711959080164,0.03563424154117645,1
Spawning stock biomass,Other,-0.3910711959080164,0.035683502781648,1
Spawning stock biomass,Other,-0.3910711959080164,-0.08431309263909359,1
Spawning stock biomass,Other,-0.3910711959080164,-0.01645994585123955,1
Spawning stock biomass,Other,-0.3910711959080164,-0.01443268123095453,1
Spawning stock biomass,Other,-0.3910711959080164,-9.301125897016592e-4,1
Spawning stock biomass,Other,-0.3910711959080164,0.01959321285223303,1
Spawning stock biomass,Other,-0.3910711959080164,-0.02727799670544284,1
Spawning stock biomass,Other,-0.3910711959080164,0.0802383313693037,1
Spawning stock biomass,Other,-0.3910711959080164,0.01707259218589563,1
Spawning stock biomass,Other,-0.3910711959080164,0.06310770936428678,1
Spawning stock biomass,Other,-0.3910711959080164,0.02416437070782118,1
Spawning stock biomass,Other,-0.3910711959080164,-2.071922105288948e-4,1
Spawning stock biomass,Other,-0.3910711959080164,0.01155906870483292,1
Spawning stock biomass,Other,-0.3910711959080164,0.0292180784103232,1
Spawning stock biomass,Other,-0.3910711959080164,-0.03660446815731366,1
Spawning stock biomass,Other,-0.3910711959080164,0.00582628652115369,1
Spawning stock biomass,Other,-0.3910711959080164,-0.05048988130097487,1
Spawning stock biomass,Other,-0.3910711959080164,0.04239643569808471,1
Spawning stock biomass,Other,-0.3910711959080164,-0.03407042533511739,1
Spawning stock biomass,Other,-0.3910711959080164,-0.03543670902518214,1
Spawning stock biomass,Other,-0.3910711959080164,0.01490304583105306,1
Spawning stock biomass,Other,-0.3910711959080164,-0.2778532723112619,1
Spawning stock biomass,Other,-0.3910711959080164,-0.01197358385457958,1
Spawning stock biomass,Other,-0.3910711959080164,-0.24048557051449593,1
Spawning stock biomass,Other,-0.3910711959080164,-0.01868923726518256,1
Spawning stock biomass,Other,-0.3910711959080164,0.1166635898034606,1
Spawning stock biomass,Other,-0.3910711959080164,-0.02798382455804726,1
Spawning stock biomass,Other,-0.3910711959080164,-0.0046788613221369,1
Spawning stock biomass,Other,-0.3910711959080164,0.00752212625286885,1
Spawning stock biomass,Other,-0.3910711959080164,0.0783164203372384,1
Spawning stock biomass,Other,-0.3910711959080164,-0.0740048959501407,1
Spawning stock biomass,Other,-0.3910711959080164,-0.04877360956978305,1
Spawning stock biomass,Other,-0.3910711959080164,-0.05744032872301563,1
Spawning stock biomass,Other,-0.3910711959080164,0.04099976637141211,1
Spawning stock biomass,Other,-0.3910711959080164,-0.05167513825755776,1
Spawning stock biomass,Other,-0.3910711959080164,0.11260530387553702,1
Spawning stock biomass,Other,-0.3910711959080164,-0.04588433789561019,1
Spawning stock biomass,Other,-0.3910711959080164,-0.00128219068850099,1
Spawning stock biomass,Other,-0.3910711959080164,0.00188264179932862,1
Spawning stock biomass,Other,-0.3910711959080164,0.04832866713477213,1
Spawning stock biomass,Other,-0.3910711959080164,-0.03439587392977206,1
Spawning stock biomass,Other,-0.3910711959080164,-0.031516800272541,1
Spawning stock biomass,Other,-0.3910711959080164,-0.07205575859886149,1
Spawning stock biomass,Other,-0.3910711959080164,-0.02528625933577322,1
Spawning stock biomass,Other,-0.3910711959080164,-0.01443268123095453,1
Spawning stock biomass,Other,-0.3910711959080164,0.035683502781648,1
Spawning stock biomass,Other,-0.3910711959080164,-0.02398423647665692,1
Spawning stock biomass,Other,-0.3910711959080164,0.08702503020446506,1
Spawning stock biomass,Other,-0.3910711959080164,2.552761044766205e-4,1
Spawning stock biomass,Other,-0.3910711959080164,-0.00128219068850099,1
Spawning stock biomass,Other,-0.3910711959080164,0.04860017997975108,1
Spawning stock biomass,Other,-0.3910711959080164,0.00251997406488946,1
Spawning stock biomass,Other,-0.3910711959080164,0.00151655895117397,1
Spawning stock biomass,Other,-0.3910711959080164,-0.01922516834785503,1
Spawning stock biomass,Other,-0.3910711959080164,-0.01975550011380722,1
Spawning stock biomass,Other,-0.3910711959080164,0.00871391845789304,1
Spawning stock biomass,Other,-0.3910711959080164,-0.08049506635629311,1
Spawning stock biomass,Other,-0.3910711959080164,0.1876281400921949,1
Spawning stock biomass,Other,-0.3910711959080164,-0.15696383225931076,1
Spawning stock biomass,Other,-0.3910711959080164,-0.02608775843219768,1
Spawning stock biomass,Other,-0.3910711959080164,-0.05000351259442692,1
Spawning stock biomass,Other,-0.3910711959080164,0.04659048504618834,1
Spawning stock biomass,Other,-0.3910711959080164,-0.05845910893500394,1
Spawning stock biomass,Other,-0.3910711959080164,0.02994388378954526,1
Spawning stock biomass,Other,-0.3910711959080164,0.0311133797258637,1
Spawning stock biomass,Other,-0.3910711959080164,-0.00829431588558171,1
Spawning stock biomass,Other,-0.3910711959080164,-0.03575555832342525,1
Spawning stock biomass,Other,-0.3910711959080164,-0.01018292914200591,1
Spawning stock biomass,Other,-0.3910711959080164,0.00371443696639384,1
Spawning stock biomass,Other,-0.3910711959080164,0.03620156488787629,1
Spawning stock biomass,Other,-0.3910711959080164,-0.03656290319042599,1
Spawning stock biomass,Other,-0.3910711959080164,-0.05903949354188143,1
Spawning stock biomass,Other,-0.3910711959080164,0.0055927991902126,1
Spawning stock biomass,Other,-0.3910711959080164,-0.0256106795820743,1
Spawning stock biomass,Other,-0.3910711959080164,0.0783164203372384,1
Spawning stock biomass,Other,-0.3910711959080164,0.07891108436001659,1
Spawning stock biomass,Other,-0.3910711959080164,-0.0187559222340754,1
Spawning stock biomass,Other,-0.3910711959080164,-0.05041413444716669,1
Spawning stock biomass,Other,-0.3910711959080164,-0.01540305469869451,1
Spawning stock biomass,Other,-0.3910711959080164,-0.10794565887026895,1
Spawning stock biomass,Other,-0.3910711959080164,-0.04001213364668854,1
Spawning stock biomass,Other,-0.3910711959080164,-0.1450721375035129,1
Spawning stock biomass,Other,-0.3910711959080164,0.05903569839635436,1
Spawning stock biomass,Other,-0.3910711959080164,0.00130297527961975,1
Spawning stock biomass,Other,-0.3910711959080164,0.03293217268156134,1
Spawning stock biomass,Other,-0.3910711959080164,0.01480237756929558,1
Spawning stock biomass,Other,-0.3910711959080164,0.03171789592133656,1
Spawning stock biomass,Other,-0.3910711959080164,-0.0281226058083639,1
Spawning stock biomass,Other,-0.3910711959080164,-0.05183855727662934,1
Spawning stock biomass,Other,-0.3910711959080164,-0.10630638022423766,1
Spawning stock biomass,Other,-0.3910711959080164,-0.01842621824966417,1
Spawning stock biomass,Other,-0.3910711959080164,-0.05041413444716669,1
Spawning stock biomass,Other,-0.3910711959080164,0.2122123891894676,1
Spawning stock biomass,Other,-0.3910711959080164,-0.07833616220986062,1
Spawning stock biomass,Other,-0.3910711959080164,-0.00453529733345625,1
Spawning stock biomass,Other,-0.3910711959080164,-0.06167185114613649,1
Spawning stock biomass,Other,-0.3910711959080164,-0.01842621824966417,1
Spawning stock biomass,Other,-0.3910711959080164,-8.968877794430785e-4,1
Spawning stock biomass,Other,-0.3910711959080164,0.07850781684775632,1
Spawning stock biomass,Other,-0.3910711959080164,-0.02748821540634471,1
Spawning stock biomass,Other,-0.3910711959080164,-0.01940679424980529,1
Spawning stock biomass,Other,-0.3910711959080164,0.04653685576277333,1
Spawning stock biomass,Other,-0.3910711959080164,0.0292180784103232,1
Spawning stock biomass,Other,-0.3910711959080164,0.04217041411677935,1
Spawning stock biomass,Other,-0.3910711959080164,-0.01684980849372008,1
Spawning stock biomass,Other,-0.3910711959080164,0.01170615676473452,1
Spawning stock biomass,Other,-0.3910711959080164,0.00902369744127729,1
Spawning stock biomass,Other,-0.3910711959080164,-0.03485614142286231,1
Spawning stock biomass,Other,-0.3910711959080164,0.02911505352687604,1
Spawning stock biomass,Other,-0.3910711959080164,0.00251997406488946,1
Spawning stock biomass,Other,-0.3910711959080164,0.18490394957317913,1
Spawning stock biomass,Other,-0.3910711959080164,0.05756758139292584,1
Spawning stock biomass,Other,-0.3910711959080164,0.01184174700927676,1
Spawning stock biomass,Other,-0.3910711959080164,0.03653029993906886,1
Spawning stock biomass,Other,-0.3910711959080164,-0.05524871856859281,1
Spawning stock biomass,Other,-0.3910711959080164,0.0728930987628914,1
Spawning stock biomass,Other,-0.3910711959080164,-0.04352765614357024,1
Spawning stock biomass,Other,-0.3910711959080164,-0.07751476937772583,1
Spawning stock biomass,Other,-0.3910711959080164,-0.01768091984829256,1
Spawning stock biomass,Other,-0.3910711959080164,-0.14589125054418983,1
Spawning stock biomass,Other,-0.3910711959080164,-0.04232808376714447,1
Spawning stock biomass,Other,-0.3910711959080164,0.2122123891894676,1
Spawning stock biomass,Other,-0.3910711959080164,0.18490394957317913,1
Spawning stock biomass,Other,-0.3910711959080164,-0.02923257118421784,1
Spawning stock biomass,Other,-0.3910711959080164,-0.07706482846804774,1
Spawning stock biomass,Other,-0.3910711959080164,-0.05541325053291568,1
Spawning stock biomass,Other,-0.3910711959080164,-0.01586746765904512,1
Spawning stock biomass,Other,-0.3910711959080164,-0.04001213364668854,1
Spawning stock biomass,Other,-0.3910711959080164,0.01541014411671681,1
Spawning stock biomass,Other,-0.3910711959080164,-0.01756587683738053,1
Spawning stock biomass,Other,-0.3910711959080164,0.06654056754083904,1
Spawning stock biomass,Other,-0.3910711959080164,-0.02432659536692139,1
Spawning stock biomass,Other,-0.3910711959080164,-0.01018292914200591,1
Spawning stock biomass,Other,-0.3910711959080164,-0.03022858812185891,1
Spawning stock biomass,Other,-0.3910711959080164,-0.03049546201893616,1
Spawning stock biomass,Other,-0.3910711959080164,0.01816851562875965,1
Spawning stock biomass,Other,-0.3910711959080164,-0.0740048959501407,1
Spawning stock biomass,Other,-0.3910711959080164,0.0404502745975609,1
Spawning stock biomass,Other,-0.3910711959080164,-0.03356353089171393,1
Spawning stock biomass,Other,-0.3910711959080164,-0.0980014338299946,1
Spawning stock biomass,Other,-0.3910711959080164,0.03273762672541369,1
Spawning stock biomass,Other,-0.3910711959080164,0.03528991128160597,1
Spawning stock biomass,Other,-0.3910711959080164,-0.00453529733345625,1
Spawning stock biomass,Other,-0.3910711959080164,0.11986017360682022,1
Spawning stock biomass,Other,-0.3910711959080164,0.1469612015352254,1
Spawning stock biomass,Other,-0.3910711959080164,-0.04147534271850794,1
Spawning stock biomass,Other,-0.3910711959080164,0.03793104768480426,1
Spawning stock biomass,Other,-0.3910711959080164,0.02717862345218513,1
Spawning stock biomass,Other,-0.3910711959080164,-0.00937789778838027,1
Spawning stock biomass,Other,-0.3910711959080164,0.03965245583497845,1
Spawning stock biomass,Other,-0.3910711959080164,-0.05754280653994237,1
Spawning stock biomass,Other,-0.3910711959080164,0.01707259218589563,1
Spawning stock biomass,Other,-0.3910711959080164,-0.02197862115149496,1
Spawning stock biomass,Other,-0.3910711959080164,-0.03827196030523017,1
Spawning stock biomass,Other,-0.3910711959080164,-0.21753454920753956,1
Spawning stock biomass,Other,-0.3910711959080164,-0.01238132677856107,1
Spawning stock biomass,Other,-0.3910711959080164,-0.01922516834785503,1
Spawning stock biomass,Other,-0.3910711959080164,-0.02535207539238193,1
Spawning stock biomass,Other,-0.3910711959080164,-0.1488643312314626,1
Spawning stock biomass,Other,-0.3910711959080164,0.03752054962248341,1
Spawning stock biomass,Other,-0.3910711959080164,0.08241911494597698,1
Spawning stock biomass,Other,-0.3910711959080164,-0.04950015055605594,1
Spawning stock biomass,Other,-0.3910711959080164,-0.10900285695873468,1
Spawning stock biomass,Other,-0.3910711959080164,-0.11966397489471992,1
Spawning stock biomass,Other,-0.3910711959080164,0.15757568525376098,1
Spawning stock biomass,Other,-0.3910711959080164,-0.02077566596247648,1
Spawning stock biomass,Other,-0.3910711959080164,-0.03331048672887316,1
Spawning stock biomass,Other,-0.3910711959080164,-0.02708184305280125,1
Spawning stock biomass,Other,-0.3910711959080164,0.03662053531875631,1
Spawning stock biomass,Other,-0.3910711959080164,-0.00852769743221792,1
Spawning stock biomass,Other,-0.3910711959080164,-0.04390062563269104,1
Spawning stock biomass,Other,-0.3910711959080164,0.04662855508026831,1
Spawning stock biomass,Other,-0.3910711959080164,-0.00287395206379526,1
Spawning stock biomass,Other,-0.3910711959080164,0.07610170261243643,1
Spawning stock biomass,Other,-0.3910711959080164,0.03553366118316914,1
Spawning stock biomass,Other,-0.3910711959080164,-0.01342883582371579,1
Spawning stock biomass,Other,-0.3910711959080164,-0.07205575859886149,1
Spawning stock biomass,Other,-0.3910711959080164,0.08741767635122277,1
Spawning stock biomass,Other,-0.3910711959080164,0.0130574275296369,1
Spawning stock biomass,Other,-0.3910711959080164,0.02225599727155014,1
Spawning stock biomass,Other,-0.3910711959080164,-0.08813089224194037,1
Spawning stock biomass,Other,-0.3910711959080164,-0.08214219809728185,1
Spawning stock biomass,Other,-0.3910711959080164,0.07366850835200933,1
Spawning stock biomass,Other,-0.3910711959080164,-0.06698840770437342,1
Spawning stock biomass,Other,-0.3910711959080164,0.02888426137541477,1
Spawning stock biomass,Other,-0.3910711959080164,0.06622288872939408,1
Spawning stock biomass,Other,-0.3910711959080164,0.03281260748978087,1
Spawning stock biomass,Other,-0.3910711959080164,-0.02617461541467292,1
Spawning stock biomass,Other,-0.3910711959080164,-0.04001213364668854,1
Spawning stock biomass,Other,-0.3910711959080164,-0.02007815865842066,1
Spawning stock biomass,Other,-0.3910711959080164,-0.02432659536692139,1
Spawning stock biomass,Other,-0.3910711959080164,-0.00968153712845887,1
Spawning stock biomass,Other,-0.3910711959080164,-0.06538984862790498,1
Spawning stock biomass,Other,-0.3910711959080164,-0.10856923405762742,1
Spawning stock biomass,Other,-0.3910711959080164,-0.00852769743221792,1
Spawning stock biomass,Other,-0.3910711959080164,-0.02449475687944691,1
Spawning stock biomass,Other,-0.3910711959080164,0.03461848119861321,1
Spawning stock biomass,Other,-0.3910711959080164,-0.00937789778838027,1
Spawning stock biomass,Other,-0.3910711959080164,0.06098400609406784,1
Spawning stock biomass,Other,-0.3910711959080164,-0.03592208677863384,1
Spawning stock biomass,Other,-0.3910711959080164,0.00300209972230502,1
Spawning stock biomass,Other,-0.3910711959080164,-0.00908911360734787,1
Spawning stock biomass,Other,-0.3910711959080164,3.539959975893403e-4,1
Spawning stock biomass,Other,-0.3910711959080164,0.03281260748978087,1
Spawning stock biomass,Other,-0.3910711959080164,-0.03133056322382521,1
Spawning stock biomass,Other,-0.3910711959080164,0.09446901298912835,1
Spawning stock biomass,Other,-0.3910711959080164,0.15757568525376098,1
Spawning stock biomass,Other,-0.3910711959080164,0.0802383313693037,1
Spawning stock biomass,Other,-0.3910711959080164,-0.00616800066834288,1
Spawning stock biomass,Other,-0.3910711959080164,-0.00493766340294676,1
Spawning stock biomass,Other,-0.3910711959080164,0.06673165883342502,1
Spawning stock biomass,Other,-0.3910711959080164,0.00958281605060074,1
Spawning stock biomass,Other,-0.3910711959080164,-0.03179271332714295,1
Spawning stock biomass,Other,-0.3910711959080164,-0.04253580711349625,1
Spawning stock biomass,Other,-0.3910711959080164,-0.06083409757776081,1
Spawning stock biomass,Other,-0.3910711959080164,-0.04776275404280183,1
Spawning stock biomass,Other,-0.3910711959080164,-0.03176217265703185,1
Spawning stock biomass,Other,-0.3910711959080164,0.01474130372313808,1
Spawning stock biomass,Other,-0.3910711959080164,0.01104381820691646,1
Spawning stock biomass,Other,-0.3910711959080164,-0.02535207539238193,1
Spawning stock biomass,Other,-0.3910711959080164,0.0728930987628914,1
Spawning stock biomass,Other,-0.3910711959080164,0.01975233378809693,1
Spawning stock biomass,Other,-0.3910711959080164,-0.10630905026824466,1
Spawning stock biomass,Other,-0.3910711959080164,0.03570647954281025,1
Spawning stock biomass,Other,-0.3910711959080164,0.01683327661593692,1
Spawning stock biomass,Other,-0.3910711959080164,-0.09271687344666502,1
Spawning stock biomass,Other,-0.3910711959080164,0.0802383313693037,1
Spawning stock biomass,Other,-0.3910711959080164,0.05126239734352178,1
Spawning stock biomass,Other,-0.3910711959080164,0.0702805548201737,1
Spawning stock biomass,Other,-0.3910711959080164,-1.4158455285073757e-4,1
Spawning stock biomass,Other,-0.3910711959080164,-0.03049546201893616,1
Spawning stock biomass,Other,-0.3910711959080164,-0.09523576485699035,1
Spawning stock biomass,Other,-0.3910711959080164,0.04433220266379312,1
Spawning stock biomass,Other,-0.3910711959080164,-0.2778532723112619,1
Spawning stock biomass,Other,-0.3910711959080164,-0.09836366493733716,1
Spawning stock biomass,Other,-0.3910711959080164,-0.00311384747586762,1
Spawning stock biomass,Other,-0.3910711959080164,-0.07885150758617265,1
Spawning stock biomass,Other,-0.3910711959080164,0.02722587906873197,1
Spawning stock biomass,Other,-0.3910711959080164,0.00292982503674021,1
Spawning stock biomass,Other,-0.3910711959080164,0.04909956072920518,1
Spawning stock biomass,Other,-0.3910711959080164,-0.03822263844769091,1
Spawning stock biomass,Other,-0.3910711959080164,-0.00364670490178986,1
Spawning stock biomass,Other,-0.3910711959080164,-1.9694016890325905e-4,1
Spawning stock biomass,Other,-0.3910711959080164,0.1469612015352254,1
Spawning stock biomass,Other,-0.3910711959080164,-0.05541325053291568,1
Spawning stock biomass,Other,-0.3910711959080164,0.0130574275296369,1
Spawning stock biomass,Other,-0.3910711959080164,-0.049121140252528,1
Spawning stock biomass,Other,-0.3910711959080164,0.03062304646961755,1
Spawning stock biomass,Other,-0.3910711959080164,-0.00266170334549409,1
Spawning stock biomass,Other,-0.3910711959080164,-0.03040208684760181,1
Spawning stock biomass,Other,-0.3910711959080164,-0.05531989638428536,1
Spawning stock biomass,Other,-0.3910711959080164,0.03653029993906886,1
Spawning stock biomass,Other,-0.3910711959080164,-0.01684980849372008,1
Spawning stock biomass,Other,-0.3910711959080164,-0.04306397886638491,1
Spawning stock biomass,Other,-0.3910711959080164,-0.01868923726518256,1
Spawning stock biomass,Other,-0.3910711959080164,-0.06698840770437342,1
Spawning stock biomass,Other,-0.3910711959080164,-0.01580900260998885,1
Spawning stock biomass,Other,-0.3910711959080164,-0.0543886910240654,1
Spawning stock biomass,Other,-0.3910711959080164,-0.05041413444716669,1
Spawning stock biomass,Other,-0.3910711959080164,-0.01383299986368702,1
Spawning stock biomass,Other,-0.3910711959080164,-0.02120641221927366,1
Spawning stock biomass,Other,-0.3910711959080164,-0.00861516299469977,1
Spawning stock biomass,Other,-0.3910711959080164,-0.01736097287548577,1
Spawning stock biomass,Other,-0.3910711959080164,-0.07885150758617265,1
Spawning stock biomass,Other,-0.3910711959080164,-0.00584127285597846,1
Spawning stock biomass,Other,-0.3910711959080164,0.03752054962248341,1
Spawning stock biomass,Other,-0.3910711959080164,-0.03827196030523017,1
Spawning stock biomass,Other,-0.3910711959080164,0.06673165883342502,1
Spawning stock biomass,Other,-0.3910711959080164,0.04853377222963717,1
Spawning stock biomass,Other,-0.3910711959080164,0.07850781684775632,1
Spawning stock biomass,Other,-0.3910711959080164,-0.02843926231174931,1
Spawning stock biomass,Other,-0.3910711959080164,-0.01645994585123955,1
Spawning stock biomass,Other,-0.3910711959080164,0.0594653371475744,1
Spawning stock biomass,Other,-0.3910711959080164,-0.06698840770437342,1
Spawning stock biomass,Other,-0.3910711959080164,-0.00243568213330758,1
Spawning stock biomass,Other,-0.3910711959080164,-0.06023956599848046,1
Spawning stock biomass,Other,-0.3910711959080164,0.0464409222874248,1
Spawning stock biomass,Other,-0.3910711959080164,-0.02491813656992936,1
Spawning stock biomass,Other,-0.3910711959080164,0.02251518113981987,1
Spawning stock biomass,Other,-0.3910711959080164,-0.06540012137857598,1
Spawning stock biomass,Other,-0.3910711959080164,-0.00266170334549409,1
Spawning stock biomass,Other,-0.3910711959080164,-0.04390062563269104,1
Spawning stock biomass,Other,-0.3910711959080164,-0.13783549811429063,1
Spawning stock biomass,Other,-0.3910711959080164,-0.05531989638428536,1
Spawning stock biomass,Other,-0.3910711959080164,0.04433220266379312,1
Spawning stock biomass,Other,-0.3910711959080164,-0.05435196428450428,1
Spawning stock biomass,Other,-0.3910711959080164,-0.04300037091885489,1
Spawning stock biomass,Other,-0.3910711959080164,-0.18793702706809556,1
Spawning stock biomass,Other,-0.3910711959080164,0.02912227608877082,1
Spawning stock biomass,Other,-0.3910711959080164,0.1415330751738454,1
Spawning stock biomass,Other,-0.3910711959080164,-0.10862173272293596,1
Spawning stock biomass,Other,-0.3910711959080164,0.05196389082250474,1
Spawning stock biomass,Other,-0.3910711959080164,-0.00975837181684236,1
Spawning stock biomass,Other,-0.3910711959080164,-0.09444617096573138,1
Spawning stock biomass,Other,-0.3910711959080164,-0.04253580711349625,1
Spawning stock biomass,Other,-0.3910711959080164,0.01959321285223303,1
Spawning stock biomass,Other,-0.3910711959080164,-0.01586746765904512,1
Spawning stock biomass,Other,-0.3910711959080164,-0.12891747231256057,1
Spawning stock biomass,Other,-0.3910711959080164,-0.03291073010713585,1
Spawning stock biomass,Other,-0.3910711959080164,0.03807179485705025,1
Spawning stock biomass,Other,-0.3910711959080164,-0.01586746765904512,1
Spawning stock biomass,Other,-0.3910711959080164,0.0130574275296369,1
Spawning stock biomass,Other,-0.3910711959080164,-0.00311384747586762,1
Spawning stock biomass,Other,-0.3910711959080164,-0.14837198781479088,1
Spawning stock biomass,Other,-0.3910711959080164,0.03743801783396838,1
Spawning stock biomass,Other,-0.3910711959080164,-0.1216797000304799,1
Spawning stock biomass,Other,-0.3910711959080164,-6.395266028440538e-4,1
Spawning stock biomass,Other,-0.3910711959080164,0.02442696110520892,1
Spawning stock biomass,Other,-0.3910711959080164,-0.00470212206296261,1
Spawning stock biomass,Other,-0.3910711959080164,-0.3870470104269943,1
Spawning stock biomass,Other,-0.3910711959080164,0.08265132482453452,1
Spawning stock biomass,Other,-0.3910711959080164,-9.301125897016592e-4,1
Spawning stock biomass,Other,-0.3910711959080164,0.1415330751738454,1
Spawning stock biomass,Other,-0.3910711959080164,-0.07950936725362512,1
Spawning stock biomass,Other,-0.3910711959080164,0.00384063173870774,1
Spawning stock biomass,Other,-0.3910711959080164,-0.02821911499800489,1
Spawning stock biomass,Other,-0.3910711959080164,0.023877827780806712,1
Spawning stock biomass,Other,-0.3910711959080164,-0.3870470104269943,1
Spawning stock biomass,Other,-0.3910711959080164,0.00621181688630667,1
Spawning stock biomass,Other,-0.3910711959080164,-0.03592208677863384,1
Spawning stock biomass,Other,-0.3910711959080164,0.01365107191590475,1
Spawning stock biomass,Other,-0.3910711959080164,-0.08796813292027572,1
Spawning stock biomass,Other,-0.3910711959080164,0.03758998888513865,1
Spawning stock biomass,Other,-0.3910711959080164,0.07511575251370983,1
Spawning stock biomass,Other,-0.3910711959080164,0.12283368805328632,1
Spawning stock biomass,Other,-0.3910711959080164,-0.05251965800079583,1
Spawning stock biomass,Other,-0.3910711959080164,0.01541014411671681,1
Spawning stock biomass,Other,-0.3910711959080164,-0.01144364257787011,1
Spawning stock biomass,Other,-0.3910711959080164,0.01040646468668271,1
Spawning stock biomass,Other,-0.3910711959080164,0.07466331596577969,1
Spawning stock biomass,Other,-0.3910711959080164,0.09446901298912835,1
Spawning stock biomass,Other,-0.3910711959080164,-0.20523284479246673,1
Spawning stock biomass,Other,-0.3910711959080164,-0.02923257118421784,1
Spawning stock biomass,Other,-0.3910711959080164,-0.03439587392977206,1
Spawning stock biomass,Other,-0.3910711959080164,-0.03881345330518826,1
Spawning stock biomass,Other,-0.3910711959080164,-0.01132617172722105,1
Spawning stock biomass,Other,-0.3910711959080164,-0.03990091509458127,1
Spawning stock biomass,Other,-0.3910711959080164,-0.04039757120880249,1
Spawning stock biomass,Other,-0.3910711959080164,0.01683327661593692,1
Spawning stock biomass,Other,-0.3910711959080164,-0.01626138095412632,1
Spawning stock biomass,Other,-0.3910711959080164,-0.08215737962609704,1
Spawning stock biomass,Other,-0.3910711959080164,-0.00205434555899519,1
Spawning stock biomass,Other,-0.3910711959080164,-0.06577272098086318,1
Spawning stock biomass,Other,-0.3910711959080164,0.02225599727155014,1
Spawning stock biomass,Other,-0.3910711959080164,-0.05522103813767831,1
Spawning stock biomass,Other,-0.3910711959080164,-0.06175187274599247,1
Spawning stock biomass,Other,-0.3910711959080164,-0.0191509716806284,1
Spawning stock biomass,Other,-0.3910711959080164,-0.00224598826002342,1
Spawning stock biomass,Other,-0.3910711959080164,0.04023633868737919,1
Spawning stock biomass,Other,-0.3910711959080164,0.0464409222874248,1
Spawning stock biomass,Other,-0.3910711959080164,-0.06388642953793577,1
Spawning stock biomass,Other,-0.3910711959080164,0.02948033107882275,1
Spawning stock biomass,Other,-0.3910711959080164,0.02565710408210531,1
Spawning stock biomass,Other,-0.3910711959080164,-0.01902527001493537,1
Spawning stock biomass,Other,-0.3910711959080164,0.07316226751731991,1
Spawning stock biomass,Other,-0.3910711959080164,-0.05118480901738698,1
Spawning stock biomass,Other,-0.3910711959080164,-0.00441541238669462,1
Spawning stock biomass,Other,-0.3910711959080164,-0.18092158622777263,1
Spawning stock biomass,Other,-0.3910711959080164,0.06866806767610034,1
Spawning stock biomass,Other,-0.3910711959080164,0.01105048351442683,1
Spawning stock biomass,Other,-0.3910711959080164,-0.04039426035159166,1
Spawning stock biomass,Other,-0.3910711959080164,0.03662053531875631,1
Spawning stock biomass,Other,-0.3910711959080164,0.03025437697258026,1
Spawning stock biomass,Other,-0.3910711959080164,-0.06424331445823195,1
Spawning stock biomass,Other,-0.3910711959080164,-0.02558571646458407,1
Spawning stock biomass,Other,-0.3910711959080164,0.035315776181574,1
Spawning stock biomass,Other,-0.3910711959080164,-0.01922516834785503,1
Spawning stock biomass,Other,-0.3910711959080164,0.00633721482829297,1
Spawning stock biomass,Other,-0.3910711959080164,0.06958110651728144,1
Spawning stock biomass,Other,-0.3910711959080164,-0.01540305469869451,1
Spawning stock biomass,Other,-0.3910711959080164,-0.07535546988267394,1
Spawning stock biomass,Other,-0.3910711959080164,0.00450621115109606,1
Spawning stock biomass,Other,-0.3910711959080164,-0.05048988130097487,1
Spawning stock biomass,Other,-0.3910711959080164,-0.07685080722232462,1
Spawning stock biomass,Other,-0.3910711959080164,-0.09836366493733716,1
Spawning stock biomass,Other,-0.3910711959080164,-0.01443268123095453,1
Spawning stock biomass,Other,-0.3910711959080164,-0.01385703034260754,1
Spawning stock biomass,Other,-0.3910711959080164,-0.06506920729582566,1
Spawning stock biomass,Other,-0.3910711959080164,0.02836137093010227,1
Spawning stock biomass,Other,-0.3910711959080164,-0.0506233851170863,1
Spawning stock biomass,Other,-0.3910711959080164,0.1050005440106424,1
Spawning stock biomass,Other,-0.3910711959080164,0.02785688402477015,1
Spawning stock biomass,Other,-0.3910711959080164,-0.0470719689072312,1
Spawning stock biomass,Other,-0.3910711959080164,-0.01552138584652507,1
Spawning stock biomass,Other,-0.3910711959080164,0.0402356939677605,1
Spawning stock biomass,Other,-0.3910711959080164,0.03563145216118835,1
Spawning stock biomass,Other,-0.3910711959080164,0.03899697982374384,1
Spawning stock biomass,Other,-0.3910711959080164,0.07366850835200933,1
Spawning stock biomass,Other,-0.3910711959080164,0.04740856366518087,1
Spawning stock biomass,Other,-0.3910711959080164,-0.04098588651568802,1
Spawning stock biomass,Other,-0.3910711959080164,-0.05565583682627717,1
Spawning stock biomass,Other,-0.3910711959080164,-0.12858363386516936,1
Spawning stock biomass,Other,-0.3910711959080164,-0.01914779722680371,1
Spawning stock biomass,Other,-0.3910711959080164,0.01866242944241991,1
Spawning stock biomass,Other,-0.3910711959080164,-0.00557328660237987,1
Spawning stock biomass,Other,-0.3910711959080164,-0.01749010090256941,1
Spawning stock biomass,Other,-0.3910711959080164,0.1008505230986737,1
Spawning stock biomass,Other,-0.3910711959080164,-0.10630905026824466,1
Spawning stock biomass,Other,-0.3910711959080164,-0.02111018471287296,1
Spawning stock biomass,Other,-0.3910711959080164,-0.11435730345114936,1
Spawning stock biomass,Other,-0.3910711959080164,0.10362663216556112,1
Spawning stock biomass,Other,-0.3910711959080164,0.01143748383470955,1
Spawning stock biomass,Other,-0.3910711959080164,-0.1972040169711986,1
Spawning stock biomass,Other,-0.3910711959080164,-0.00584127285597846,1
Spawning stock biomass,Other,-0.3910711959080164,0.0519736768441762,1
Spawning stock biomass,Other,-0.3910711959080164,-0.03328321883202378,1
Spawning stock biomass,Other,-0.3910711959080164,-0.01902527001493537,1
Spawning stock biomass,Other,-0.3910711959080164,0.02439972247677158,1
Spawning stock biomass,Other,-0.3910711959080164,-0.0740048959501407,1
Spawning stock biomass,Other,-0.3910711959080164,-0.00183715943104267,1
Spawning stock biomass,Other,-0.3910711959080164,0.09963191177432028,1
Spawning stock biomass,Other,-0.3910711959080164,-0.04334896207413874,1
Spawning stock biomass,Other,-0.3910711959080164,-0.00338891058117729,1
Spawning stock biomass,Other,-0.3910711959080164,0.03528991128160597,1
Spawning stock biomass,Other,-0.3910711959080164,0.10749189296020778,1
Spawning stock biomass,Other,-0.3910711959080164,0.10249784796281648,1
Spawning stock biomass,Other,-0.3910711959080164,0.03461848119861321,1
Spawning stock biomass,Other,-0.3910711959080164,-0.01385703034260754,1
Spawning stock biomass,Other,-0.3910711959080164,-0.13535318632898852,1
Spawning stock biomass,Other,-0.3910711959080164,6.289276793938203e-4,1
Spawning stock biomass,Other,-0.3910711959080164,0.02018769806943632,1
Spawning stock biomass,Other,-0.3910711959080164,-0.01713011516574147,1
Spawning stock biomass,Other,-0.3910711959080164,-0.01181415852167178,1
Spawning stock biomass,Other,-0.3910711959080164,-0.04151282409790613,1
Spawning stock biomass,Other,-0.3910711959080164,0.02912227608877082,1
Spawning stock biomass,Other,-0.3910711959080164,-0.01181415852167178,1
Spawning stock biomass,Other,-0.3910711959080164,-0.1622415647982005,1
Spawning stock biomass,Other,-0.3910711959080164,0.07958680780398353,1
Spawning stock biomass,Other,-0.3910711959080164,-0.05498463598862635,1
Spawning stock biomass,Other,-0.3910711959080164,-0.02535207539238193,1
Spawning stock biomass,Other,-0.3910711959080164,-0.0163665297233464,1
Spawning stock biomass,Other,-0.3910711959080164,0.05358174739134025,1
Spawning stock biomass,Other,-0.3910711959080164,0.00280969758884708,1
Spawning stock biomass,Other,-0.3910711959080164,-0.05744032872301563,1
Spawning stock biomass,Other,-0.3910711959080164,-0.13783549811429063,1
Spawning stock biomass,Other,-0.3910711959080164,-0.08952986795108875,1
Spawning stock biomass,Other,-0.3910711959080164,-0.04308492344354686,1
Spawning stock biomass,Other,-0.3910711959080164,0.1166635898034606,1
Spawning stock biomass,Other,-0.3910711959080164,0.08193131095461559,1
Spawning stock biomass,Other,-0.3910711959080164,-0.01814527059561865,1
Spawning stock biomass,Other,-0.3910711959080164,0.01390567038409662,1
Spawning stock biomass,Other,-0.3910711959080164,0.00958281605060074,1
Spawning stock biomass,Other,-0.3910711959080164,-0.00287395206379526,1
Spawning stock biomass,Other,-0.3910711959080164,-0.3910711959080164,1
Spawning stock biomass,Other,-0.3910711959080164,-0.05524384244480473,1
Spawning stock biomass,Other,-0.3910711959080164,0.00178167997045886,1
Spawning stock biomass,Other,-0.3910711959080164,-0.01155164237779771,1
Spawning stock biomass,Other,-0.3910711959080164,0.01549672243264177,1
Spawning stock biomass,Other,-0.3910711959080164,0.07178363892262374,1
Spawning stock biomass,Other,-0.3910711959080164,-0.02718647643235372,1
Spawning stock biomass,Other,-0.3910711959080164,-0.00183715943104267,1
Spawning stock biomass,Other,-0.3910711959080164,-0.02708184305280125,1
Spawning stock biomass,Other,-0.3910711959080164,-0.08015635360078743,1
Spawning stock biomass,Other,-0.3910711959080164,0.04241559031728781,1
Spawning stock biomass,Other,-0.3910711959080164,-0.212776908463868,1
Spawning stock biomass,Other,-0.3910711959080164,0.00782943705647398,1
Spawning stock biomass,Other,-0.3910711959080164,-0.01940679424980529,1
Spawning stock biomass,Other,-0.3910711959080164,0.03592477634172741,1
Spawning stock biomass,Other,-0.3910711959080164,0.0350981863577029,1
Spawning stock biomass,Other,-0.3910711959080164,0.05555656391652486,1
Spawning stock biomass,Other,-0.3910711959080164,0.0519736768441762,1
Spawning stock biomass,Other,-0.3910711959080164,0.11234085341309474,1
Spawning stock biomass,Other,-0.3910711959080164,-0.15713593870092257,1
Spawning stock biomass,Other,-0.3910711959080164,0.01598875089693841,1
Spawning stock biomass,Other,-0.3910711959080164,4.1860164937845834e-4,1
Spawning stock biomass,Other,-0.3910711959080164,-0.0970561191819923,1
Spawning stock biomass,Other,-0.3910711959080164,0.0251323757641052,1
Spawning stock biomass,Other,-0.3910711959080164,0.2241542580372217,1
Spawning stock biomass,Other,-0.3910711959080164,-0.00987676773080981,1
Spawning stock biomass,Other,-0.3910711959080164,-0.03040208684760181,1
Spawning stock biomass,Other,-0.3910711959080164,0.00467925517309519,1
Spawning stock biomass,Other,-0.3910711959080164,-0.00311384747586762,1
Spawning stock biomass,Other,-0.3910711959080164,0.11073779292448938,1
Spawning stock biomass,Other,-0.3910711959080164,-0.1314865221076389,1
Spawning stock biomass,Other,-0.3910711959080164,-0.00266170334549409,1
Spawning stock biomass,Other,-0.3910711959080164,0.07274284978163303,1
Spawning stock biomass,Other,-0.3910711959080164,-0.01240382029794728,1
Spawning stock biomass,Other,-0.3910711959080164,-0.0259562673971565,1
Spawning stock biomass,Other,-0.3910711959080164,0.0943901918246629,1
Spawning stock biomass,Other,-0.3910711959080164,0.00249060635497233,1
Spawning stock biomass,Other,-0.3910711959080164,-0.05650594659447905,1
Spawning stock biomass,Other,-0.3910711959080164,-0.00225350473784757,1
Spawning stock biomass,Other,-0.3910711959080164,0.06622288872939408,1
Spawning stock biomass,Other,-0.3910711959080164,-0.12976955914139943,1
Spawning stock biomass,Other,-0.3910711959080164,-0.05903949354188143,1
Spawning stock biomass,Other,-0.3910711959080164,0.00469728017386261,1
Spawning stock biomass,Other,-0.3910711959080164,-0.00584127285597846,1
Spawning stock biomass,Other,-0.3910711959080164,0.02644043848069355,1
Spawning stock biomass,Other,-0.3910711959080164,-0.12976955914139943,1
Spawning stock biomass,Other,-0.3910711959080164,0.07770929274427174,1
Spawning stock biomass,Other,-0.3910711959080164,-0.04562095040852609,1
Spawning stock biomass,Other,-0.3910711959080164,0.0190443335785283,1
Spawning stock biomass,Other,-0.3910711959080164,0.03436792381439102,1
Spawning stock biomass,Other,-0.3910711959080164,-0.0259562673971565,1
Spawning stock biomass,Other,-0.3910711959080164,0.0173974182435691,1
Spawning stock biomass,Other,-0.3910711959080164,-0.03119253675958888,1
Spawning stock biomass,Other,-0.3910711959080164,-0.05183855727662934,1
Spawning stock biomass,Other,-0.3910711959080164,0.00455076776726448,1
Spawning stock biomass,Other,-0.3910711959080164,-0.11265266998208734,1
Spawning stock biomass,Other,-0.3910711959080164,0.04374259001243597,1
Spawning stock biomass,Other,-0.3910711959080164,-0.04770972226641823,1
Spawning stock biomass,Other,-0.3910711959080164,-0.02821911499800489,1
Spawning stock biomass,Other,-0.3910711959080164,-0.00508637055372007,1
Spawning stock biomass,Other,-0.3910711959080164,-0.05164002484737717,1
Spawning stock biomass,Other,-0.3910711959080164,6.289276793938203e-4,1
Spawning stock biomass,Other,-0.3910711959080164,0.02196715645832303,1
Spawning stock biomass,Other,-0.3910711959080164,0.07850781684775632,1
Spawning stock biomass,Other,-0.3910711959080164,0.06893992852955166,1
Spawning stock biomass,Other,-0.3910711959080164,0.04173136991744053,1
Spawning stock biomass,Other,-0.3910711959080164,-0.01132617172722105,1
Spawning stock biomass,Other,-0.3910711959080164,-0.01540305469869451,1
Spawning stock biomass,Other,-0.3910711959080164,-0.01477137826045882,1
Spawning stock biomass,Other,-0.3910711959080164,-0.0391220457081245,1
Spawning stock biomass,Other,-0.3910711959080164,0.00431076851801848,1
Spawning stock biomass,Other,-0.3910711959080164,-0.01768091984829256,1
Spawning stock biomass,Other,-0.3910711959080164,0.01184174700927676,1
Spawning stock biomass,Other,-0.3910711959080164,0.15597925837278714,1
Spawning stock biomass,Other,-0.3910711959080164,-0.0543886910240654,1
Spawning stock biomass,Other,-0.3910711959080164,-0.02333664858772155,1
Spawning stock biomass,Other,-0.3910711959080164,0.05309100983829507,1
Spawning stock biomass,Other,-0.3910711959080164,0.06893992852955166,1
Spawning stock biomass,Other,-0.3910711959080164,0.07850781684775632,1
Spawning stock biomass,Other,-0.3910711959080164,-0.02611144125279629,1
Spawning stock biomass,Other,-0.3910711959080164,-0.0163665297233464,1
Spawning stock biomass,Other,-0.3910711959080164,-0.07535546988267394,1
Spawning stock biomass,Other,-0.3910711959080164,0.05903569839635436,1
Spawning stock biomass,Other,-0.3910711959080164,-0.03656290319042599,1
Spawning stock biomass,Other,-0.3910711959080164,0.00878891548169458,1
Spawning stock biomass,Other,-0.3910711959080164,-0.0259562673971565,1
Spawning stock biomass,Other,-0.3910711959080164,-0.00225350473784757,1
Spawning stock biomass,Other,-0.3910711959080164,-0.10355590016088768,1
Spawning stock biomass,Other,-0.3910711959080164,-0.03491926264365386,1
Spawning stock biomass,Other,-0.3910711959080164,-0.0164563329343923,1
Spawning stock biomass,Other,-0.3910711959080164,0.06596151724122656,1
Spawning stock biomass,Other,-0.3910711959080164,0.15175493189787215,1
Spawning stock biomass,Other,-0.3910711959080164,-0.11775258734725448,1
Spawning stock biomass,Other,-0.3910711959080164,0.00218660096131895,1
Spawning stock biomass,Other,-0.3910711959080164,0.00575520607970125,1
Spawning stock biomass,Other,-0.3910711959080164,-0.00940745479431215,1
Spawning stock biomass,Other,-0.3910711959080164,-0.07373770770075905,1
Spawning stock biomass,Other,-0.3910711959080164,-0.08280626588794626,1
Spawning stock biomass,Other,-0.3910711959080164,0.01306551479790763,1
Spawning stock biomass,Other,-0.3910711959080164,0.01816851562875965,1
Spawning stock biomass,Other,-0.3910711959080164,0.04374259001243597,1
Spawning stock biomass,Other,-0.3910711959080164,0.00714320701076676,1
Spawning stock biomass,Other,-0.3910711959080164,-0.03379128729655534,1
Spawning stock biomass,Other,-0.3910711959080164,-0.00597608325098852,1
Spawning stock biomass,Other,-0.3910711959080164,-0.01132617172722105,1
Spawning stock biomass,Other,-0.3910711959080164,-0.04334896207413874,1
Spawning stock biomass,Other,-0.3910711959080164,0.1412902557275063,1
Spawning stock biomass,Other,-0.3910711959080164,0.0464409222874248,1
Spawning stock biomass,Other,-0.3910711959080164,-0.00975837181684236,1
Spawning stock biomass,Other,-0.3910711959080164,0.00633721482829297,1
Spawning stock biomass,Other,-0.3910711959080164,0.00752212625286885,1
Spawning stock biomass,Other,-0.3910711959080164,-0.10977660356488084,1
Spawning stock biomass,Other,-0.3910711959080164,-0.03658823789538612,1
Spawning stock biomass,Other,-0.3910711959080164,0.01219731203396035,1
Spawning stock biomass,Other,-0.3910711959080164,0.04659048504618834,1
Spawning stock biomass,Other,-0.3910711959080164,-0.08332577003791575,1
Spawning stock biomass,Other,-0.3910711959080164,0.11260530387553702,1
Spawning stock biomass,Other,-0.3910711959080164,0.02282326701726245,1
Spawning stock biomass,Other,-0.3910711959080164,-0.00557328660237987,1
Spawning stock biomass,Other,-0.3910711959080164,0.02933408680470817,1
Spawning stock biomass,Other,-0.3910711959080164,0.03025437697258026,1
Spawning stock biomass,Other,-0.3910711959080164,-0.08215737962609704,1
Spawning stock biomass,Other,-0.3910711959080164,-0.03990091509458127,1
Spawning stock biomass,Other,-0.3910711959080164,-0.01706588029496036,1
Spawning stock biomass,Other,-0.3910711959080164,-0.00937789778838027,1
Spawning stock biomass,Other,-0.3910711959080164,-0.12323627129848937,1
Spawning stock biomass,Other,-0.3910711959080164,-0.02111706404972824,1
Spawning stock biomass,Other,-0.3910711959080164,-0.01320549489864619,1
Spawning stock biomass,Other,-0.3910711959080164,0.02097293657928012,1
Spawning stock biomass,Other,-0.3910711959080164,0.1469612015352254,1
Spawning stock biomass,Other,-0.3910711959080164,-0.04306397886638491,1
Spawning stock biomass,Other,-0.3910711959080164,-0.0410079370661498,1
Spawning stock biomass,Other,-0.3910711959080164,0.02069003162097937,1
Spawning stock biomass,Other,-0.3910711959080164,0.02100244564467612,1
Spawning stock biomass,Other,-0.3910711959080164,-0.06837990759339596,1
Spawning stock biomass,Other,-0.3910711959080164,-0.0080916741345749,1
Spawning stock biomass,Other,-0.3910711959080164,-0.04278064004141679,1
Spawning stock biomass,Other,-0.3910711959080164,-0.03439587392977206,1
Spawning stock biomass,Other,-0.3910711959080164,0.02994388378954526,1
Spawning stock biomass,Other,-0.3910711959080164,-0.05555739175392227,1
Spawning stock biomass,Other,-0.3910711959080164,0.0594653371475744,1
Spawning stock biomass,Other,-0.3910711959080164,-0.08139421381972989,1
Spawning stock biomass,Other,-0.3910711959080164,-0.04081122207234933,1
Spawning stock biomass,Other,-0.3910711959080164,0.03782145389463765,1
Spawning stock biomass,Other,-0.3910711959080164,-0.00933969147660507,1
Spawning stock biomass,Other,-0.3910711959080164,0.02722587906873197,1
Spawning stock biomass,Other,-0.3910711959080164,0.03062304646961755,1
Spawning stock biomass,Other,-0.3910711959080164,0.03042082110970945,1
Spawning stock biomass,Other,-0.3910711959080164,-0.08815739251711996,1
Spawning stock biomass,Other,-0.3910711959080164,0.03782145389463765,1
Spawning stock biomass,Other,-0.3910711959080164,-0.04588331211935848,1
Spawning stock biomass,Other,-0.3910711959080164,0.02097293657928012,1
Spawning stock biomass,Other,-0.3910711959080164,0.00913550183524614,1
Spawning stock biomass,Other,-0.3910711959080164,-0.00128219068850099,1
Spawning stock biomass,Other,-0.3910711959080164,-0.02748821540634471,1
Spawning stock biomass,Other,-0.3910711959080164,-0.00881382698859134,1
Spawning stock biomass,Other,-0.3910711959080164,0.06622288872939408,1
Spawning stock biomass,Other,-0.3910711959080164,0.02912227608877082,1
Spawning stock biomass,Other,-0.3910711959080164,-0.04951333138918001,1
Spawning stock biomass,Other,-0.3910711959080164,-0.08070532463510038,1
Spawning stock biomass,Other,-0.3910711959080164,0.00902369744127729,1
Spawning stock biomass,Other,-0.3910711959080164,0.07257343337184874,1
Spawning stock biomass,Other,-0.3910711959080164,-0.04334896207413874,1
Spawning stock biomass,Other,-0.3910711959080164,-0.03119135653758165,1
Spawning stock biomass,Other,-0.3910711959080164,-0.07422418984571855,1
Spawning stock biomass,Other,-0.3910711959080164,-0.05508962888003865,1
Spawning stock biomass,Other,-0.3910711959080164,-0.08332577003791575,1
Spawning stock biomass,Other,-0.3910711959080164,-0.0078144428429181,1
Spawning stock biomass,Other,-0.3910711959080164,-0.05524871856859281,1
Spawning stock biomass,Other,-0.3910711959080164,-0.01706588029496036,1
Spawning stock biomass,Other,-0.3910711959080164,0.00130297527961975,1
Spawning stock biomass,Other,-0.3910711959080164,-0.06540012137857598,1
Spawning stock biomass,Other,-0.3910711959080164,0.05935792982747057,1
Spawning stock biomass,Other,-0.3910711959080164,-0.03885155829843922,1
Spawning stock biomass,Other,-0.3910711959080164,0.09446901298912835,1
Spawning stock biomass,Other,-0.3910711959080164,-0.02872171041976634,1
Spawning stock biomass,Other,-0.3910711959080164,-0.00973517424049985,1
Spawning stock biomass,Other,-0.3910711959080164,0.00986246037664106,1
Spawning stock biomass,Other,-0.3910711959080164,0.11156236434029432,1
Spawning stock biomass,Other,-0.3910711959080164,-0.07535546988267394,1
Spawning stock biomass,Other,-0.3910711959080164,-0.02923257118421784,1
Spawning stock biomass,Other,-0.3910711959080164,-0.04147534271850794,1
Spawning stock biomass,Other,-0.3910711959080164,0.02069003162097937,1
Spawning stock biomass,Other,-0.3910711959080164,-0.00597608325098852,1
Spawning stock biomass,Other,-0.3910711959080164,0.0798708137227716,1
Spawning stock biomass,Other,-0.3910711959080164,-0.02482520196238691,1
Spawning stock biomass,Other,-0.3910711959080164,0.03025437697258026,1
Spawning stock biomass,Other,-0.3910711959080164,0.07257343337184874,1
Spawning stock biomass,Other,-0.3910711959080164,-0.01645994585123955,1
Spawning stock biomass,Other,-0.3910711959080164,0.010100998908667,1
Spawning stock biomass,Other,-0.3910711959080164,-0.00519133528887749,1
Spawning stock biomass,Other,-0.3910711959080164,0.10368154837076438,1
Spawning stock biomass,Other,-0.3910711959080164,0.06958110651728144,1
Spawning stock biomass,Other,-0.3910711959080164,-0.10977660356488084,1
Spawning stock biomass,Other,-0.3910711959080164,0.06596151724122656,1
Spawning stock biomass,Other,-0.3910711959080164,0.03743801783396838,1
Spawning stock biomass,Other,-0.3910711959080164,-0.02727799670544284,1
Spawning stock biomass,Other,-0.3910711959080164,0.03662053531875631,1
Spawning stock biomass,Other,-0.3910711959080164,0.0556094978027678,1
Spawning stock biomass,Other,-0.3910711959080164,0.02911505352687604,1
Spawning stock biomass,Other,-0.3910711959080164,-0.02923257118421784,1
Spawning stock biomass,Other,-0.3910711959080164,-0.0219830271283361,1
Spawning stock biomass,Other,-0.3910711959080164,-0.00988778715788552,1
Spawning stock biomass,Other,-0.3910711959080164,-0.09523576485699035,1
Spawning stock biomass,Other,-0.3910711959080164,0.00633721482829297,1
Spawning stock biomass,Other,-0.3910711959080164,-0.05385356667449637,1
Spawning stock biomass,Other,-0.3910711959080164,0.0156639818344656,1
Spawning stock biomass,Other,-0.3910711959080164,-0.0347598326209273,1
Spawning stock biomass,Other,-0.3910711959080164,0.07274284978163303,1
Spawning stock biomass,Other,-0.3910711959080164,0.1008505230986737,1
Spawning stock biomass,Other,-0.3910711959080164,-0.04588433789561019,1
Spawning stock biomass,Other,-0.3910711959080164,0.04233259455052296,1
Spawning stock biomass,Other,-0.3910711959080164,-0.07535546988267394,1
Spawning stock biomass,Other,-0.3910711959080164,-0.0219830271283361,1
Spawning stock biomass,Other,-0.3910711959080164,-0.0970561191819923,1
Spawning stock biomass,Other,-0.3910711959080164,0.06596151724122656,1
Spawning stock biomass,Other,-0.3910711959080164,-0.02653731883305754,1
Spawning stock biomass,Other,-0.3910711959080164,-0.07768556016977568,1
Spawning stock biomass,Other,-0.3910711959080164,-0.03885155829843922,1
Spawning stock biomass,Other,-0.3910711959080164,-0.00738620445726656,1
Spawning stock biomass,Other,-0.3910711959080164,-0.02900218318112712,1
Spawning stock biomass,Other,-0.3910711959080164,0.00575559155902816,1
Spawning stock biomass,Other,-0.3910711959080164,-0.04045807122992695,1
Spawning stock biomass,Other,-0.3910711959080164,-0.02579025624436881,1
Spawning stock biomass,Other,-0.3910711959080164,-0.00203277078955044,1
Spawning stock biomass,Other,-0.3910711959080164,0.11986017360682022,1
Spawning stock biomass,Other,-0.3910711959080164,-0.00861980941347417,1
Spawning stock biomass,Other,-0.3910711959080164,0.06318992886052155,1
Spawning stock biomass,Other,-0.3910711959080164,0.05394680265417073,1
Spawning stock biomass,Other,-0.3910711959080164,-0.0191509716806284,1
Spawning stock biomass,Other,-0.3910711959080164,-0.06283861096198229,1
Spawning stock biomass,Other,-0.3910711959080164,-0.06538984862790498,1
Spawning stock biomass,Other,-0.3910711959080164,-0.0259562673971565,1
Spawning stock biomass,Other,-0.3910711959080164,-0.08714914614851543,1
Spawning stock biomass,Other,-0.3910711959080164,-0.02686175170047189,1
Spawning stock biomass,Other,-0.3910711959080164,0.00714320701076676,1
Spawning stock biomass,Other,-0.3910711959080164,-0.09093642406296888,1
Spawning stock biomass,Other,-0.3910711959080164,-0.00508637055372007,1
Spawning stock biomass,Other,-0.3910711959080164,0.03965245583497845,1
Spawning stock biomass,Other,-0.3910711959080164,-0.02872171041976634,1
Spawning stock biomass,Other,-0.3910711959080164,0.0689062187322671,1
Spawning stock biomass,Other,-0.3910711959080164,0.1256682304714234,1
Spawning stock biomass,Other,-0.3910711959080164,0.11234085341309474,1
Spawning stock biomass,Other,-0.3910711959080164,-0.05118480901738698,1
Spawning stock biomass,Other,-0.3910711959080164,-0.11966397489471992,1
Spawning stock biomass,Other,-0.3910711959080164,0.06974036448391618,1
Spawning stock biomass,Other,-0.3910711959080164,0.0182366685473978,1
Spawning stock biomass,Other,-0.3910711959080164,0.00319090978951974,1
Spawning stock biomass,Other,-0.3910711959080164,0.07997896130716264,1
Spawning stock biomass,Other,-0.3910711959080164,0.03662053531875631,1
Spawning stock biomass,Other,-0.3910711959080164,-0.08580522478317021,1
Spawning stock biomass,Other,-0.3910711959080164,-0.02821911499800489,1
Spawning stock biomass,Other,-0.3910711959080164,0.06596151724122656,1
Spawning stock biomass,Other,-0.3910711959080164,-0.08015635360078743,1
Spawning stock biomass,Other,-0.3910711959080164,-0.0031250344071696,1
Spawning stock biomass,Other,-0.3910711959080164,0.06773288601942717,1
Spawning stock biomass,Other,-0.3910711959080164,-0.06472411955650248,1
Spawning stock biomass,Other,-0.3910711959080164,0.01474130372313808,1
Spawning stock biomass,Other,-0.3910711959080164,0.00391714264389475,1
Spawning stock biomass,Other,-0.3910711959080164,0.00467925517309519,1
Spawning stock biomass,Other,-0.3910711959080164,-0.01713011516574147,1
Spawning stock biomass,Other,-0.3910711959080164,0.00324367793033131,1
Spawning stock biomass,Other,-0.3910711959080164,-0.01144364257787011,1
Spawning stock biomass,Other,-0.3910711959080164,0.06622288872939408,1
Spawning stock biomass,Other,-0.3910711959080164,-0.0543886910240654,1
Spawning stock biomass,Other,-0.3910711959080164,0.03807179485705025,1
Spawning stock biomass,Other,-0.3910711959080164,0.01199556068113261,1
Spawning stock biomass,Other,-0.3910711959080164,0.00699553224368554,1
Spawning stock biomass,Other,-0.3910711959080164,-0.05449598046119597,1
Spawning stock biomass,Other,-0.3910711959080164,0.01184174700927676,1
Spawning stock biomass,Other,-0.3910711959080164,-0.00408636104985182,1
Spawning stock biomass,Other,-0.3910711959080164,-0.00863110634429897,1
Spawning stock biomass,Other,-0.3910711959080164,-0.03428745078334017,1
Spawning stock biomass,Other,-0.3910711959080164,-0.01240041180095463,1
Spawning stock biomass,Other,-0.3910711959080164,-0.02579025624436881,1
Spawning stock biomass,Other,-0.3910711959080164,0.09077413205577778,1
Spawning stock biomass,Other,-0.3910711959080164,0.13179816141491785,1
Spawning stock biomass,Other,-0.3910711959080164,0.0689062187322671,1
Spawning stock biomass,Other,-0.3910711959080164,0.03046812336364635,1
Spawning stock biomass,Other,-0.3910711959080164,-0.00908911360734787,1
Spawning stock biomass,Other,-0.3910711959080164,-0.07950936725362512,1
Spawning stock biomass,Other,-0.3910711959080164,-0.01065888823755445,1
Spawning stock biomass,Other,-0.3910711959080164,-0.04334896207413874,1
Spawning stock biomass,Other,-0.3910711959080164,0.02140539868098079,1
Spawning stock biomass,Other,-0.3910711959080164,0.02628606050343396,1
Spawning stock biomass,Other,-0.3910711959080164,-0.07685080722232462,1
Spawning stock biomass,Other,-0.3910711959080164,-0.05439719783708896,1
Spawning stock biomass,Other,-0.3910711959080164,0.1247693665933436,1
Spawning stock biomass,Other,-0.3910711959080164,0.06625376309437025,1
Spawning stock biomass,Other,-0.3910711959080164,0.04173136991744053,1
Spawning stock biomass,Other,-0.3910711959080164,0.14270785978934752,1
Spawning stock biomass,Other,-0.3910711959080164,0.0083913603016088,1
Spawning stock biomass,Other,-0.3910711959080164,-0.0162827457061927,1
Spawning stock biomass,Other,-0.3910711959080164,-0.08908882667320506,1
Spawning stock biomass,Other,-0.3910711959080164,0.05067190327690185,1
Spawning stock biomass,Other,-0.3910711959080164,0.02416437070782118,1
Spawning stock biomass,Other,-0.3910711959080164,0.01155906870483292,1
Spawning stock biomass,Other,-0.3910711959080164,-0.00225350473784757,1
Spawning stock biomass,Other,-0.3910711959080164,0.10432313455293683,1
Spawning stock biomass,Other,-0.3910711959080164,0.02888426137541477,1
Spawning stock biomass,Other,-0.3910711959080164,0.03620156488787629,1
Spawning stock biomass,Other,-0.3910711959080164,0.02425038757497066,1
Spawning stock biomass,Other,-0.3910711959080164,-0.04045807122992695,1
Spawning stock biomass,Other,-0.3910711959080164,-0.02077566596247648,1
Spawning stock biomass,Other,-0.3910711959080164,-0.03331048672887316,1
Spawning stock biomass,Other,-0.3910711959080164,-0.08908882667320506,1
Spawning stock biomass,Other,-0.3910711959080164,-0.0131769527900516,1
Spawning stock biomass,Other,-0.3910711959080164,-0.01194235814324007,1
Spawning stock biomass,Other,-0.3910711959080164,-0.08431309263909359,1
Spawning stock biomass,Other,-0.3910711959080164,0.0937415925211168,1
Spawning stock biomass,Other,-0.3910711959080164,0.02912227608877082,1
Spawning stock biomass,Other,-0.3910711959080164,-0.05498700368512788,1
Spawning stock biomass,Other,-0.3910711959080164,-0.09760544840410644,1
Spawning stock biomass,Other,-0.3910711959080164,0.01587522133122387,1
Spawning stock biomass,Other,-0.3910711959080164,-0.02246884003942351,1
Spawning stock biomass,Other,-0.3910711959080164,-0.04950015055605594,1
Spawning stock biomass,Other,-0.3910711959080164,-0.03176217265703185,1
Spawning stock biomass,Other,-0.3910711959080164,-0.0543886910240654,1
Spawning stock biomass,Other,-0.3910711959080164,0.02933408680470817,1
Spawning stock biomass,Other,-0.3910711959080164,-0.05712042887881585,1
Spawning stock biomass,Other,-0.3910711959080164,0.11409339426283294,1
Spawning stock biomass,Other,-0.3910711959080164,0.00515664101193502,1
Spawning stock biomass,Other,-0.3910711959080164,-0.00266170334549409,1
Spawning stock biomass,Other,-0.3910711959080164,-0.00567437407995319,1
Spawning stock biomass,Other,-0.3910711959080164,9.84405744424599e-4,1
Spawning stock biomass,Other,-0.3910711959080164,-0.10856923405762742,1
Spawning stock biomass,Other,-0.3910711959080164,0.0148162831275056,1
Spawning stock biomass,Other,-0.3910711959080164,0.06622288872939408,1
Spawning stock biomass,Other,-0.3910711959080164,0.00582628652115369,1
Spawning stock biomass,Other,-0.3910711959080164,0.00878891548169458,1
Spawning stock biomass,Other,-0.3910711959080164,0.13774268502606968,1
Spawning stock biomass,Other,-0.3910711959080164,0.03823586799266221,1
Spawning stock biomass,Other,-0.3910711959080164,-0.00973517424049985,1
Spawning stock biomass,Other,-0.3910711959080164,-0.01949310725955722,1
Spawning stock biomass,Other,-0.3910711959080164,-0.01940679424980529,1
Spawning stock biomass,Other,-0.3910711959080164,-0.02843926231174931,1
Spawning stock biomass,Other,-0.3910711959080164,0.03700820954852091,1
Spawning stock biomass,Other,-0.3910711959080164,-0.2311800904731831,1
Spawning stock biomass,Other,-0.3910711959080164,-0.04081122207234933,1
Spawning stock biomass,Other,-0.3910711959080164,0.03528991128160597,1
Spawning stock biomass,Other,-0.3910711959080164,0.09611529612355796,1
Spawning stock biomass,Other,-0.3910711959080164,-0.07345258111805664,1
Spawning stock biomass,Other,-0.3910711959080164,-0.00266170334549409,1
Spawning stock biomass,Other,-0.3910711959080164,-0.04588433789561019,1
Spawning stock biomass,Other,-0.3910711959080164,-0.00567437407995319,1
Spawning stock biomass,Other,-0.3910711959080164,0.01105048351442683,1
Spawning stock biomass,Other,-0.3910711959080164,0.0519736768441762,1
Spawning stock biomass,Other,-0.3910711959080164,0.02135141759721626,1
Spawning stock biomass,Other,-0.3910711959080164,-0.0452743397436044,1
Spawning stock biomass,Other,-0.3910711959080164,-0.01194235814324007,1
Spawning stock biomass,Other,-0.3910711959080164,-0.00829431588558171,1
Spawning stock biomass,Other,-0.3910711959080164,-0.05531989638428536,1
Spawning stock biomass,Other,-0.3910711959080164,0.06002037095203449,1
Spawning stock biomass,Other,-0.3910711959080164,2.552761044766205e-4,1
Spawning stock biomass,Other,-0.3910711959080164,0.00636299153981334,1
Spawning stock biomass,Other,-0.3910711959080164,-0.06606704564165722,1
Spawning stock biomass,Other,-0.3910711959080164,-0.05439719783708896,1
Spawning stock biomass,Other,-0.3910711959080164,-0.00940745479431215,1
Spawning stock biomass,Other,-0.3910711959080164,-0.04978154842444882,1
Spawning stock biomass,Other,-0.3910711959080164,0.07891108436001659,1
Spawning stock biomass,Other,-0.3910711959080164,0.06476937077833689,1
Spawning stock biomass,Other,-0.3910711959080164,0.03062304646961755,1
Spawning stock biomass,Other,-0.3910711959080164,-0.01749010090256941,1
Spawning stock biomass,Other,-0.3910711959080164,0.00927235421326699,1
Spawning stock biomass,Other,-0.3910711959080164,0.04832866713477213,1
Spawning stock biomass,Other,-0.3910711959080164,-0.02090767956310468,1
Spawning stock biomass,Other,-0.3910711959080164,-0.02333664858772155,1
Spawning stock biomass,Other,-0.3910711959080164,0.06596151724122656,1
Spawning stock biomass,Other,-0.3910711959080164,-0.05524384244480473,1
Spawning stock biomass,Other,-0.3910711959080164,-0.03523624641927303,1
Spawning stock biomass,Other,-0.3910711959080164,-0.05167513825755776,1
Spawning stock biomass,Other,-0.3910711959080164,-0.0374320862188835,1
Spawning stock biomass,Other,-0.3910711959080164,0.11166649905601755,1
Spawning stock biomass,Other,-0.3910711959080164,0.02388920089184121,1
Spawning stock biomass,Other,-0.3910711959080164,0.17955668803358904,1
Spawning stock biomass,Other,-0.3910711959080164,0.08241911494597698,1
Spawning stock biomass,Other,-0.3910711959080164,-0.04352765614357024,1
Spawning stock biomass,Other,-0.3910711959080164,-0.00724651325510428,1
Spawning stock biomass,Other,-0.3910711959080164,0.05756758139292584,1
Spawning stock biomass,Other,-0.3910711959080164,-0.05280522957784317,1
Spawning stock biomass,Other,-0.3910711959080164,-0.03049546201893616,1
Spawning stock biomass,Other,-0.3910711959080164,4.0874614014585475e-6,1
Spawning stock biomass,Other,-0.3910711959080164,0.03807179485705025,1
Spawning stock biomass,Other,-0.3910711959080164,0.01048955773980175,1
Spawning stock biomass,Other,-0.3910711959080164,-0.00903249709485165,1
Spawning stock biomass,Other,-0.3910711959080164,-0.02333664858772155,1
Spawning stock biomass,Other,-0.3910711959080164,0.04239643569808471,1
Spawning stock biomass,Other,-0.3910711959080164,0.06625376309437025,1
Spawning stock biomass,Other,-0.3910711959080164,-0.14850885693694085,1
Spawning stock biomass,Other,-0.3910711959080164,-0.02639664044799294,1
Spawning stock biomass,Other,-0.3910711959080164,-0.01076531587090223,1
Spawning stock biomass,Other,-0.3910711959080164,-0.04446418040441813,1
Spawning stock biomass,Other,-0.3910711959080164,-0.016937160962950282,1
Spawning stock biomass,Other,-0.3910711959080164,0.04699866934566188,1
Spawning stock biomass,Other,-0.3910711959080164,0.07875604497978117,1
Spawning stock biomass,Other,-0.3910711959080164,0.00249060635497233,1
Spawning stock biomass,Other,-0.3910711959080164,-0.04334896207413874,1
Spawning stock biomass,Other,-0.3910711959080164,-0.02865852724267403,1
Spawning stock biomass,Other,-0.3910711959080164,-0.02727799670544284,1
Spawning stock biomass,Other,-0.3910711959080164,-0.00493766340294676,1
Spawning stock biomass,Other,-0.3910711959080164,-0.03208348492352253,1
Spawning stock biomass,Other,-0.3910711959080164,0.04528285624356754,1
Spawning stock biomass,Other,-0.3910711959080164,0.03389363319579996,1
Spawning stock biomass,Other,-0.3910711959080164,0.15757568525376098,1
Spawning stock biomass,Other,-0.3910711959080164,5.838874310143405e-4,1
Spawning stock biomass,Other,-0.3910711959080164,0.00395139571709302,1
Spawning stock biomass,Other,-0.3910711959080164,0.10764530597671862,1
Spawning stock biomass,Other,-0.3910711959080164,-0.05683132880722241,1
Spawning stock biomass,Other,-0.3910711959080164,-0.03046402242660839,1
Spawning stock biomass,Other,-0.3910711959080164,-0.0187559222340754,1
Spawning stock biomass,Other,-0.3910711959080164,0.01199556068113261,1
Spawning stock biomass,Other,-0.3910711959080164,-0.00677940186617087,1
Spawning stock biomass,Other,-0.3910711959080164,-0.10337250115675788,1
Spawning stock biomass,Other,-0.3910711959080164,0.0311133797258637,1
Spawning stock biomass,Other,-0.3910711959080164,-0.08796813292027572,1
Spawning stock biomass,Other,-0.3910711959080164,0.02722587906873197,1
Spawning stock biomass,Other,-0.3910711959080164,-0.0078144428429181,1
Spawning stock biomass,Other,-0.3910711959080164,0.06542906106317381,1
Spawning stock biomass,Other,-0.3910711959080164,-0.00576718613414239,1
Spawning stock biomass,Other,-0.3910711959080164,0.00927235421326699,1
Spawning stock biomass,Other,-0.3910711959080164,-0.02902136259336862,1
Spawning stock biomass,Other,-0.3910711959080164,-0.07833616220986062,1
Spawning stock biomass,Other,-0.3910711959080164,0.03046812336364635,1
Spawning stock biomass,Other,-0.3910711959080164,-0.02710525253213736,1
Spawning stock biomass,Other,-0.3910711959080164,-0.01540305469869451,1
Spawning stock biomass,Other,-0.3910711959080164,0.02100244564467612,1
Spawning stock biomass,Other,-0.3910711959080164,-0.01275599270977045,1
Spawning stock biomass,Other,-0.3910711959080164,0.1469612015352254,1
Spawning stock biomass,Other,-0.3910711959080164,0.00414705761714551,1
Spawning stock biomass,Other,-0.3910711959080164,0.05196389082250474,1
Spawning stock biomass,Other,-0.3910711959080164,-0.01330575074032158,1
Spawning stock biomass,Other,-0.3910711959080164,0.03293217268156134,1
Spawning stock biomass,Other,-0.3910711959080164,0.03965245583497845,1
Spawning stock biomass,Other,-0.3910711959080164,-0.0980014338299946,1
Spawning stock biomass,Other,-0.3910711959080164,0.05186767545317161,1
Spawning stock biomass,Other,-0.3910711959080164,-0.0162827457061927,1
Spawning stock biomass,Other,-0.3910711959080164,0.01272612827125285,1
Spawning stock biomass,Other,-0.3910711959080164,0.02264887854096919,1
Spawning stock biomass,Other,-0.3910711959080164,0.02644043848069355,1
Spawning stock biomass,Other,-0.3910711959080164,-0.07212864220182791,1
Spawning stock biomass,Other,-0.3910711959080164,-0.00493766340294676,1
Spawning stock biomass,Other,-0.3910711959080164,0.03461848119861321,1
Spawning stock biomass,Other,-0.3910711959080164,0.07715562977467716,1
Spawning stock biomass,Other,-0.3910711959080164,0.05186098148835927,1
Spawning stock biomass,Other,-0.3910711959080164,-0.03119135653758165,1
Spawning stock biomass,Other,-0.3910711959080164,-0.04075538578898352,1
Spawning stock biomass,Other,-0.3910711959080164,-0.01383299986368702,1
Spawning stock biomass,Other,-0.3910711959080164,0.00856414477110001,1
Spawning stock biomass,Other,-0.3910711959080164,-0.03189535561691614,1
Spawning stock biomass,Other,-0.3910711959080164,0.10881920205710605,1
Spawning stock biomass,Other,-0.3910711959080164,-0.02710525253213736,1
Spawning stock biomass,Other,-0.3910711959080164,0.07850781684775632,1
Spawning stock biomass,Other,-0.3910711959080164,-0.02426954906337819,1
Spawning stock biomass,Other,-0.3910711959080164,-0.04164384134630738,1
Spawning stock biomass,Other,-0.3910711959080164,-0.05167513825755776,1
Spawning stock biomass,Other,-0.3910711959080164,0.086192337871421,1
Spawning stock biomass,Other,-0.3910711959080164,-0.02545425760255248,1
Spawning stock biomass,Other,-0.3910711959080164,-0.00470212206296261,1
Spawning stock biomass,Other,-0.3910711959080164,-0.02508903425288489,1
Spawning stock biomass,Other,-0.3910711959080164,-0.13254550642300478,1
Spawning stock biomass,Other,-0.3910711959080164,0.04653685576277333,1
Spawning stock biomass,Other,-0.3910711959080164,-0.07373770770075905,1
Spawning stock biomass,Other,-0.3910711959080164,-0.24048557051449593,1
Spawning stock biomass,Other,-0.3910711959080164,0.02888426137541477,1
Oceanic Nino Index,Climate,-0.01003664804657034,-0.05881789815245164,0.3336663336663337
Oceanic Nino Index,Climate,-0.01003664804657034,-0.021744959371481576,0.3336663336663337
Oceanic Nino Index,Climate,-0.01003664804657034,-0.016314465747748974,0.3336663336663337
Oceanic Nino Index,Climate,-0.01003664804657034,0.014312593083042557,0.3336663336663337
Oceanic Nino Index,Climate,-0.01003664804657034,-0.01915639373309963,0.3336663336663337
Oceanic Nino Index,Climate,-0.01003664804657034,-0.018009143971879693,0.3336663336663337
Oceanic Nino Index,Climate,-0.01003664804657034,-0.017567260402735485,0.3336663336663337
Oceanic Nino Index,Climate,-0.01003664804657034,-1.4250870056886633e-4,0.3336663336663337
Oceanic Nino Index,Climate,-0.01003664804657034,-0.02080796245041361,0.3336663336663337
Oceanic Nino Index,Climate,-0.01003664804657034,-0.016810654127197733,0.3336663336663337
Oceanic Nino Index,Climate,-0.01003664804657034,-0.015275341194751713,0.3336663336663337
Oceanic Nino Index,Climate,-0.01003664804657034,-0.00941285242569534,0.3336663336663337
Oceanic Nino Index,Climate,-0.01003664804657034,-0.0010944683404949807,0.3336663336663337
Oceanic Nino Index,Climate,-0.01003664804657034,-0.01618916869947995,0.3336663336663337
Oceanic Nino Index,Climate,-0.01003664804657034,-0.014062866477792202,0.3336663336663337
Oceanic Nino Index,Climate,-0.01003664804657034,-0.017219381355586316,0.3336663336663337
Oceanic Nino Index,Climate,-0.01003664804657034,-0.005682236578263611,0.3336663336663337
Oceanic Nino Index,Climate,-0.01003664804657034,0.0085651359400446,0.3336663336663337
Oceanic Nino Index,Climate,-0.01003664804657034,0.015083982350782899,0.3336663336663337
Oceanic Nino Index,Climate,-0.01003664804657034,0.0582481506027932,0.3336663336663337
Oceanic Nino Index,Climate,-0.01003664804657034,0.0023383878497375,0.3336663336663337
Oceanic Nino Index,Climate,-0.01003664804657034,-0.03019650249312078,0.3336663336663337
Oceanic Nino Index,Climate,-0.01003664804657034,-0.007370843749036737,0.3336663336663337
Oceanic Nino Index,Climate,-0.01003664804657034,-0.02483217627497214,0.3336663336663337
Oceanic Nino Index,Climate,-0.01003664804657034,-0.017126666697283355,0.3336663336663337
Oceanic Nino Index,Climate,-0.01003664804657034,-0.013253673269521427,0.3336663336663337
Oceanic Nino Index,Climate,-0.01003664804657034,-0.0032531370316211117,0.3336663336663337
Oceanic Nino Index,Climate,-0.01003664804657034,-0.015976358275302527,0.3336663336663337
Oceanic Nino Index,Climate,-0.01003664804657034,-0.008243397439072986,0.3336663336663337
Oceanic Nino Index,Climate,-0.01003664804657034,-1.8282659277613078e-6,0.3336663336663337
Oceanic Nino Index,Climate,-0.01003664804657034,-0.024756479820361443,0.3336663336663337
Oceanic Nino Index,Climate,-0.01003664804657034,-0.012072574203616515,0.3336663336663337
Oceanic Nino Index,Climate,-0.01003664804657034,0.024541179522133416,0.3336663336663337
Oceanic Nino Index,Climate,-0.01003664804657034,-0.016911073690684564,0.3336663336663337
Oceanic Nino Index,Climate,-0.01003664804657034,-0.009520351572172236,0.3336663336663337
Oceanic Nino Index,Climate,-0.01003664804657034,-0.026643167372396803,0.3336663336663337
Oceanic Nino Index,Climate,-0.01003664804657034,-0.013271950411790856,0.3336663336663337
Oceanic Nino Index,Climate,-0.01003664804657034,0.01281100290613102,0.3336663336663337
Oceanic Nino Index,Climate,-0.01003664804657034,-0.018762786359740602,0.3336663336663337
Oceanic Nino Index,Climate,-0.01003664804657034,-0.021309466659104048,0.3336663336663337
Oceanic Nino Index,Climate,-0.01003664804657034,-0.022285943463533853,0.3336663336663337
Oceanic Nino Index,Climate,-0.01003664804657034,-0.0067158890572154295,0.3336663336663337
Oceanic Nino Index,Climate,-0.01003664804657034,-0.02561993975045862,0.3336663336663337
Oceanic Nino Index,Climate,-0.01003664804657034,-0.010217902010583702,0.3336663336663337
Oceanic Nino Index,Climate,-0.01003664804657034,-0.011554093685674394,0.3336663336663337
Oceanic Nino Index,Climate,-0.01003664804657034,0.015149396422412864,0.3336663336663337
Oceanic Nino Index,Climate,-0.01003664804657034,0.05281600836668121,0.3336663336663337
Oceanic Nino Index,Climate,-0.01003664804657034,-0.0420262197047907,0.3336663336663337
Oceanic Nino Index,Climate,-0.01003664804657034,-0.014686418262811918,0.3336663336663337
Oceanic Nino Index,Climate,-0.01003664804657034,0.021189813308599037,0.3336663336663337
Oceanic Nino Index,Climate,-0.01003664804657034,0.0055905764906334365,0.3336663336663337
Oceanic Nino Index,Climate,-0.01003664804657034,-0.017219381355586316,0.3336663336663337
Oceanic Nino Index,Climate,-0.01003664804657034,-0.00785967072714433,0.3336663336663337
Oceanic Nino Index,Climate,-0.01003664804657034,-0.032937385769127525,0.3336663336663337
Oceanic Nino Index,Climate,-0.01003664804657034,-0.015991932252727326,0.3336663336663337
Oceanic Nino Index,Climate,-0.01003664804657034,-0.003701215898967325,0.3336663336663337
Oceanic Nino Index,Climate,-0.01003664804657034,0.0037754139058511216,0.3336663336663337
Oceanic Nino Index,Climate,-0.01003664804657034,-0.0021096976457284367,0.3336663336663337
Oceanic Nino Index,Climate,-0.01003664804657034,-0.019868244139634283,0.3336663336663337
Oceanic Nino Index,Climate,-0.01003664804657034,-0.03401818226305653,0.3336663336663337
Oceanic Nino Index,Climate,-0.01003664804657034,-0.007271216197784369,0.3336663336663337
Oceanic Nino Index,Climate,-0.01003664804657034,-0.009061961920080908,0.3336663336663337
Oceanic Nino Index,Climate,-0.01003664804657034,-0.015123748471222553,0.3336663336663337
Oceanic Nino Index,Climate,-0.01003664804657034,0.032056096889606533,0.3336663336663337
Oceanic Nino Index,Climate,-0.01003664804657034,-0.028070742778315116,0.3336663336663337
Oceanic Nino Index,Climate,-0.01003664804657034,-0.008717463278087978,0.3336663336663337
Oceanic Nino Index,Climate,-0.01003664804657034,-0.01792519018342631,0.3336663336663337
Oceanic Nino Index,Climate,-0.01003664804657034,-0.013017630230413912,0.3336663336663337
Oceanic Nino Index,Climate,-0.01003664804657034,-1.4250870056886633e-4,0.3336663336663337
Oceanic Nino Index,Climate,-0.01003664804657034,-0.012905511667168135,0.3336663336663337
Oceanic Nino Index,Climate,-0.01003664804657034,-0.018675297828006032,0.3336663336663337
Oceanic Nino Index,Climate,-0.01003664804657034,-0.01874933013604818,0.3336663336663337
Oceanic Nino Index,Climate,-0.01003664804657034,-0.04945629352702374,0.3336663336663337
Oceanic Nino Index,Climate,-0.01003664804657034,-0.014406938151350523,0.3336663336663337
Oceanic Nino Index,Climate,-0.01003664804657034,-0.013127732565912265,0.3336663336663337
Oceanic Nino Index,Climate,-0.01003664804657034,-0.013383189742866675,0.3336663336663337
Oceanic Nino Index,Climate,-0.01003664804657034,-0.011493516559279993,0.3336663336663337
Oceanic Nino Index,Climate,-0.01003664804657034,-0.01840256278075092,0.3336663336663337
Oceanic Nino Index,Climate,-0.01003664804657034,-0.048848022123379575,0.3336663336663337
Oceanic Nino Index,Climate,-0.01003664804657034,0.015149396422412864,0.3336663336663337
Oceanic Nino Index,Climate,-0.01003664804657034,-0.008093559299589437,0.3336663336663337
Oceanic Nino Index,Climate,-0.01003664804657034,0.007583705753831049,0.3336663336663337
Oceanic Nino Index,Climate,-0.01003664804657034,-0.019392442892755657,0.3336663336663337
Oceanic Nino Index,Climate,-0.01003664804657034,-1.316087884069006e-4,0.3336663336663337
Oceanic Nino Index,Climate,-0.01003664804657034,-0.020211243336035967,0.3336663336663337
Oceanic Nino Index,Climate,-0.01003664804657034,-0.020109212446729252,0.3336663336663337
Oceanic Nino Index,Climate,-0.01003664804657034,-0.014541057383667289,0.3336663336663337
Oceanic Nino Index,Climate,-0.01003664804657034,-0.012337610761889106,0.3336663336663337
Oceanic Nino Index,Climate,-0.01003664804657034,-0.012973987959243649,0.3336663336663337
Oceanic Nino Index,Climate,-0.01003664804657034,-0.015225634981995695,0.3336663336663337
Oceanic Nino Index,Climate,-0.01003664804657034,-0.0043130918225018355,0.3336663336663337
Oceanic Nino Index,Climate,-0.01003664804657034,-0.011060698796861779,0.3336663336663337
Oceanic Nino Index,Climate,-0.01003664804657034,-0.012094483888269503,0.3336663336663337
Oceanic Nino Index,Climate,-0.01003664804657034,-0.015239518203856495,0.3336663336663337
Oceanic Nino Index,Climate,-0.01003664804657034,-0.008387036340509635,0.3336663336663337
Oceanic Nino Index,Climate,-0.01003664804657034,-0.014902815618384802,0.3336663336663337
Oceanic Nino Index,Climate,-0.01003664804657034,-0.013017630230413912,0.3336663336663337
Oceanic Nino Index,Climate,-0.01003664804657034,-0.015004647951613714,0.3336663336663337
Oceanic Nino Index,Climate,-0.01003664804657034,-0.014066972824199775,0.3336663336663337
Oceanic Nino Index,Climate,-0.01003664804657034,-0.008862778424883588,0.3336663336663337
Oceanic Nino Index,Climate,-0.01003664804657034,-0.021744959371481576,0.3336663336663337
Oceanic Nino Index,Climate,-0.01003664804657034,-0.0083053022992996,0.3336663336663337
Oceanic Nino Index,Climate,-0.01003664804657034,-0.01586754446361538,0.3336663336663337
Oceanic Nino Index,Climate,-0.01003664804657034,0.004482471338953298,0.3336663336663337
Oceanic Nino Index,Climate,-0.01003664804657034,-0.0404416500343272,0.3336663336663337
Oceanic Nino Index,Climate,-0.01003664804657034,-0.006605724818531167,0.3336663336663337
Oceanic Nino Index,Climate,-0.01003664804657034,-0.01774304425797535,0.3336663336663337
Oceanic Nino Index,Climate,-0.01003664804657034,-0.03992540509795672,0.3336663336663337
Oceanic Nino Index,Climate,-0.01003664804657034,-0.015691201953581757,0.3336663336663337
Oceanic Nino Index,Climate,-0.01003664804657034,-0.04162830660689787,0.3336663336663337
Oceanic Nino Index,Climate,-0.01003664804657034,-0.024270383535821782,0.3336663336663337
Oceanic Nino Index,Climate,-0.01003664804657034,-0.020604953031213347,0.3336663336663337
Oceanic Nino Index,Climate,-0.01003664804657034,-0.017818242950036423,0.3336663336663337
Oceanic Nino Index,Climate,-0.01003664804657034,-0.009506206595278233,0.3336663336663337
Oceanic Nino Index,Climate,-0.01003664804657034,-0.01106172467990496,0.3336663336663337
Oceanic Nino Index,Climate,-0.01003664804657034,-0.026230697828901528,0.3336663336663337
Oceanic Nino Index,Climate,-0.01003664804657034,-0.0063406774957583956,0.3336663336663337
Oceanic Nino Index,Climate,-0.01003664804657034,-0.013687375834343207,0.3336663336663337
Oceanic Nino Index,Climate,-0.01003664804657034,-0.015583435056022665,0.3336663336663337
Oceanic Nino Index,Climate,-0.01003664804657034,-0.019744728306921644,0.3336663336663337
Oceanic Nino Index,Climate,-0.01003664804657034,-0.02372463812024339,0.3336663336663337
Oceanic Nino Index,Climate,-0.01003664804657034,-0.01813653802189208,0.3336663336663337
Oceanic Nino Index,Climate,-0.01003664804657034,-0.012832790778465775,0.3336663336663337
Oceanic Nino Index,Climate,-0.01003664804657034,-0.013525882086752317,0.3336663336663337
Oceanic Nino Index,Climate,-0.01003664804657034,-0.01519968234090241,0.3336663336663337
Oceanic Nino Index,Climate,-0.01003664804657034,-0.028310705326947794,0.3336663336663337
Oceanic Nino Index,Climate,-0.01003664804657034,2.3553405036147446e-4,0.3336663336663337
Oceanic Nino Index,Climate,-0.01003664804657034,0.024541179522133416,0.3336663336663337
Oceanic Nino Index,Climate,-0.01003664804657034,-0.017219381355586316,0.3336663336663337
Oceanic Nino Index,Climate,-0.01003664804657034,-0.022442626956873157,0.3336663336663337
Oceanic Nino Index,Climate,-0.01003664804657034,-0.013890611758230698,0.3336663336663337
Oceanic Nino Index,Climate,-0.01003664804657034,-0.03006221512553986,0.3336663336663337
Oceanic Nino Index,Climate,-0.01003664804657034,-0.031868425628905905,0.3336663336663337
Oceanic Nino Index,Climate,-0.01003664804657034,-0.05579456335300503,0.3336663336663337
Oceanic Nino Index,Climate,-0.01003664804657034,-0.02631612508776482,0.3336663336663337
Oceanic Nino Index,Climate,-0.01003664804657034,-0.00462205871618826,0.3336663336663337
Oceanic Nino Index,Climate,-0.01003664804657034,-0.004226748972549377,0.3336663336663337
Oceanic Nino Index,Climate,-0.01003664804657034,-0.013223790104084587,0.3336663336663337
Oceanic Nino Index,Climate,-0.01003664804657034,-0.02250753573761477,0.3336663336663337
Oceanic Nino Index,Climate,-0.01003664804657034,0.013835191544067982,0.3336663336663337
Oceanic Nino Index,Climate,-0.01003664804657034,-0.02229576505707409,0.3336663336663337
Oceanic Nino Index,Climate,-0.01003664804657034,-0.014606385717939263,0.3336663336663337
Oceanic Nino Index,Climate,-0.01003664804657034,-0.012009010671989895,0.3336663336663337
Oceanic Nino Index,Climate,-0.01003664804657034,0.013835191544067982,0.3336663336663337
Oceanic Nino Index,Climate,-0.01003664804657034,-0.0195296939131111,0.3336663336663337
Oceanic Nino Index,Climate,-0.01003664804657034,-0.030217561109143087,0.3336663336663337
Oceanic Nino Index,Climate,-0.01003664804657034,-0.03635335998175604,0.3336663336663337
Oceanic Nino Index,Climate,-0.01003664804657034,-0.017438235041883354,0.3336663336663337
Oceanic Nino Index,Climate,-0.01003664804657034,-0.019054812600107107,0.3336663336663337
Oceanic Nino Index,Climate,-0.01003664804657034,-0.007192319626909471,0.3336663336663337
Oceanic Nino Index,Climate,-0.01003664804657034,-0.013480065771830807,0.3336663336663337
Oceanic Nino Index,Climate,-0.01003664804657034,0.0582481506027932,0.3336663336663337
Oceanic Nino Index,Climate,-0.01003664804657034,-0.03729205869323482,0.3336663336663337
Oceanic Nino Index,Climate,-0.01003664804657034,-0.013173648623469925,0.3336663336663337
Oceanic Nino Index,Climate,-0.01003664804657034,0.015523481972467223,0.3336663336663337
Oceanic Nino Index,Climate,-0.01003664804657034,-0.015235356483567664,0.3336663336663337
Oceanic Nino Index,Climate,-0.01003664804657034,-0.007055194742815685,0.3336663336663337
Oceanic Nino Index,Climate,-0.01003664804657034,-0.014431312117939799,0.3336663336663337
Oceanic Nino Index,Climate,-0.01003664804657034,-0.015691201953581757,0.3336663336663337
Oceanic Nino Index,Climate,-0.01003664804657034,-0.03182066689880125,0.3336663336663337
Oceanic Nino Index,Climate,-0.01003664804657034,-0.018670005510148746,0.3336663336663337
Oceanic Nino Index,Climate,-0.01003664804657034,-0.019475092654274606,0.3336663336663337
Oceanic Nino Index,Climate,-0.01003664804657034,-0.02370626329997716,0.3336663336663337
Oceanic Nino Index,Climate,-0.01003664804657034,-0.014774322422123731,0.3336663336663337
Oceanic Nino Index,Climate,-0.01003664804657034,-0.04033458699565062,0.3336663336663337
Oceanic Nino Index,Climate,-0.01003664804657034,-0.015991932252727326,0.3336663336663337
Oceanic Nino Index,Climate,-0.01003664804657034,-0.01089663129007823,0.3336663336663337
Oceanic Nino Index,Climate,-0.01003664804657034,-0.003232554430731227,0.3336663336663337
Oceanic Nino Index,Climate,-0.01003664804657034,-0.007919586174838456,0.3336663336663337
Oceanic Nino Index,Climate,-0.01003664804657034,-0.00941285242569534,0.3336663336663337
Oceanic Nino Index,Climate,-0.01003664804657034,-0.020976487013678158,0.3336663336663337
Oceanic Nino Index,Climate,-0.01003664804657034,-0.005886299594775046,0.3336663336663337
Oceanic Nino Index,Climate,-0.01003664804657034,-0.015693672832069572,0.3336663336663337
Oceanic Nino Index,Climate,-0.01003664804657034,-0.011115785690849922,0.3336663336663337
Oceanic Nino Index,Climate,-0.01003664804657034,-0.006457818941350002,0.3336663336663337
Oceanic Nino Index,Climate,-0.01003664804657034,-0.04196960240849945,0.3336663336663337
Oceanic Nino Index,Climate,-0.01003664804657034,-0.016578640740090744,0.3336663336663337
Oceanic Nino Index,Climate,-0.01003664804657034,-0.031905692849049094,0.3336663336663337
Oceanic Nino Index,Climate,-0.01003664804657034,-0.01586754446361538,0.3336663336663337
Oceanic Nino Index,Climate,-0.01003664804657034,-0.031821067374058654,0.3336663336663337
Oceanic Nino Index,Climate,-0.01003664804657034,0.007863041390628323,0.3336663336663337
Oceanic Nino Index,Climate,-0.01003664804657034,0.00552452152809324,0.3336663336663337
Oceanic Nino Index,Climate,-0.01003664804657034,-0.01733013999200428,0.3336663336663337
Oceanic Nino Index,Climate,-0.01003664804657034,-0.014470727207217537,0.3336663336663337
Oceanic Nino Index,Climate,-0.01003664804657034,-0.008847987584222228,0.3336663336663337
Oceanic Nino Index,Climate,-0.01003664804657034,0.0022066075763710336,0.3336663336663337
Oceanic Nino Index,Climate,-0.01003664804657034,-0.013584379141709624,0.3336663336663337
Oceanic Nino Index,Climate,-0.01003664804657034,-0.021098076920245123,0.3336663336663337
Oceanic Nino Index,Climate,-0.01003664804657034,-0.07757612811134917,0.3336663336663337
Oceanic Nino Index,Climate,-0.01003664804657034,-0.024628246788553465,0.3336663336663337
Oceanic Nino Index,Climate,-0.01003664804657034,-0.02595499506279242,0.3336663336663337
Oceanic Nino Index,Climate,-0.01003664804657034,0.018926788685026064,0.3336663336663337
Oceanic Nino Index,Climate,-0.01003664804657034,0.023140558891070473,0.3336663336663337
Oceanic Nino Index,Climate,-0.01003664804657034,-0.01675385798004747,0.3336663336663337
Oceanic Nino Index,Climate,-0.01003664804657034,-0.003018296779920382,0.3336663336663337
Oceanic Nino Index,Climate,-0.01003664804657034,-0.018397442033465383,0.3336663336663337
Oceanic Nino Index,Climate,-0.01003664804657034,-0.012725567476511435,0.3336663336663337
Oceanic Nino Index,Climate,-0.01003664804657034,-0.015961598927748843,0.3336663336663337
Oceanic Nino Index,Climate,-0.01003664804657034,0.02632346390867535,0.3336663336663337
Oceanic Nino Index,Climate,-0.01003664804657034,-0.04418781051725573,0.3336663336663337
Oceanic Nino Index,Climate,-0.01003664804657034,-0.045488999464362356,0.3336663336663337
Oceanic Nino Index,Climate,-0.01003664804657034,-0.02313501016268238,0.3336663336663337
Oceanic Nino Index,Climate,-0.01003664804657034,-0.01126907159297863,0.3336663336663337
Oceanic Nino Index,Climate,-0.01003664804657034,-0.014558156765940966,0.3336663336663337
Oceanic Nino Index,Climate,-0.01003664804657034,-0.01916933029867307,0.3336663336663337
Oceanic Nino Index,Climate,-0.01003664804657034,-0.00802421310864232,0.3336663336663337
Oceanic Nino Index,Climate,-0.01003664804657034,-0.015692716416331187,0.3336663336663337
Oceanic Nino Index,Climate,-0.01003664804657034,-0.0047627027931334,0.3336663336663337
Oceanic Nino Index,Climate,-0.01003664804657034,-0.017053456560548463,0.3336663336663337
Oceanic Nino Index,Climate,-0.01003664804657034,-0.012674676483549696,0.3336663336663337
Oceanic Nino Index,Climate,-0.01003664804657034,-0.030217561109143087,0.3336663336663337
Oceanic Nino Index,Climate,-0.01003664804657034,-0.01064111475135876,0.3336663336663337
Oceanic Nino Index,Climate,-0.01003664804657034,-0.012832790778465775,0.3336663336663337
Oceanic Nino Index,Climate,-0.01003664804657034,-0.02179252274654986,0.3336663336663337
Oceanic Nino Index,Climate,-0.01003664804657034,-0.006777107648502589,0.3336663336663337
Oceanic Nino Index,Climate,-0.01003664804657034,-0.015239518203856495,0.3336663336663337
Oceanic Nino Index,Climate,-0.01003664804657034,-0.03781645205953388,0.3336663336663337
Oceanic Nino Index,Climate,-0.01003664804657034,-0.015903803662107974,0.3336663336663337
Oceanic Nino Index,Climate,-0.01003664804657034,-0.017967228019316606,0.3336663336663337
Oceanic Nino Index,Climate,-0.01003664804657034,0.007513851815636463,0.3336663336663337
Oceanic Nino Index,Climate,-0.01003664804657034,0.014844581116768674,0.3336663336663337
Oceanic Nino Index,Climate,-0.01003664804657034,-0.0208108749737137,0.3336663336663337
Oceanic Nino Index,Climate,-0.01003664804657034,0.027724896717664982,0.3336663336663337
Oceanic Nino Index,Climate,-0.01003664804657034,-0.024064074242945432,0.3336663336663337
Oceanic Nino Index,Climate,-0.01003664804657034,-0.011275205874125671,0.3336663336663337
Oceanic Nino Index,Climate,-0.01003664804657034,-0.035699326881322824,0.3336663336663337
Oceanic Nino Index,Climate,-0.01003664804657034,0.010139872095863756,0.3336663336663337
Oceanic Nino Index,Climate,-0.01003664804657034,-0.011327544100766085,0.3336663336663337
Oceanic Nino Index,Climate,-0.01003664804657034,-0.045488999464362356,0.3336663336663337
Oceanic Nino Index,Climate,-0.01003664804657034,-0.006276892933218647,0.3336663336663337
Oceanic Nino Index,Climate,-0.01003664804657034,-0.0248858833249046,0.3336663336663337
Oceanic Nino Index,Climate,-0.01003664804657034,0.00552452152809324,0.3336663336663337
Oceanic Nino Index,Climate,-0.01003664804657034,-0.021522949189275664,0.3336663336663337
Oceanic Nino Index,Climate,-0.01003664804657034,0.014215961188662751,0.3336663336663337
Oceanic Nino Index,Climate,-0.01003664804657034,-0.01940674905551365,0.3336663336663337
Oceanic Nino Index,Climate,-0.01003664804657034,-0.023575598560214628,0.3336663336663337
Oceanic Nino Index,Climate,-0.01003664804657034,0.0016361035217669073,0.3336663336663337
Oceanic Nino Index,Climate,-0.01003664804657034,-0.015000005754894463,0.3336663336663337
Oceanic Nino Index,Climate,-0.01003664804657034,-0.02372463812024339,0.3336663336663337
Oceanic Nino Index,Climate,-0.01003664804657034,-0.00529671894996353,0.3336663336663337
Oceanic Nino Index,Climate,-0.01003664804657034,-0.022856000286213485,0.3336663336663337
Oceanic Nino Index,Climate,-0.01003664804657034,-3.979369236204455e-4,0.3336663336663337
Oceanic Nino Index,Climate,-0.01003664804657034,-0.017567260402735485,0.3336663336663337
Oceanic Nino Index,Climate,-0.01003664804657034,-0.010005622933134228,0.3336663336663337
Oceanic Nino Index,Climate,-0.01003664804657034,-0.014062866477792202,0.3336663336663337
Oceanic Nino Index,Climate,-0.01003664804657034,-0.019872531101183588,0.3336663336663337
Oceanic Nino Index,Climate,-0.01003664804657034,-0.013808306480742383,0.3336663336663337
Oceanic Nino Index,Climate,-0.01003664804657034,-0.014691702686498775,0.3336663336663337
Oceanic Nino Index,Climate,-0.01003664804657034,-0.007686914020160307,0.3336663336663337
Oceanic Nino Index,Climate,-0.01003664804657034,-0.017554763694652697,0.3336663336663337
Oceanic Nino Index,Climate,-0.01003664804657034,0.0023836574210870376,0.3336663336663337
Oceanic Nino Index,Climate,-0.01003664804657034,-0.03135245878385695,0.3336663336663337
Oceanic Nino Index,Climate,-0.01003664804657034,0.03311132823796126,0.3336663336663337
Oceanic Nino Index,Climate,-0.01003664804657034,-0.020626446593689618,0.3336663336663337
Oceanic Nino Index,Climate,-0.01003664804657034,-0.03221364641763169,0.3336663336663337
Oceanic Nino Index,Climate,-0.01003664804657034,-0.012094483888269503,0.3336663336663337
Oceanic Nino Index,Climate,-0.01003664804657034,-0.00429168605604735,0.3336663336663337
Oceanic Nino Index,Climate,-0.01003664804657034,-0.0063406774957583956,0.3336663336663337
Oceanic Nino Index,Climate,-0.01003664804657034,-0.008138023116572413,0.3336663336663337
Oceanic Nino Index,Climate,-0.01003664804657034,-0.010425767808542208,0.3336663336663337
Oceanic Nino Index,Climate,-0.01003664804657034,-0.014542909773768375,0.3336663336663337
Oceanic Nino Index,Climate,-0.01003664804657034,-0.0029510674734112285,0.3336663336663337
Oceanic Nino Index,Climate,-0.01003664804657034,-0.03279084492640916,0.3336663336663337
Oceanic Nino Index,Climate,-0.01003664804657034,0.005410170823094584,0.3336663336663337
Oceanic Nino Index,Climate,-0.01003664804657034,-0.04335390459868904,0.3336663336663337
Oceanic Nino Index,Climate,-0.01003664804657034,-0.015225634981995695,0.3336663336663337
Oceanic Nino Index,Climate,-0.01003664804657034,-0.013525882086752317,0.3336663336663337
Oceanic Nino Index,Climate,-0.01003664804657034,-0.031905692849049094,0.3336663336663337
Oceanic Nino Index,Climate,-0.01003664804657034,-0.0032531370316211117,0.3336663336663337
Oceanic Nino Index,Climate,-0.01003664804657034,-0.02250753573761477,0.3336663336663337
Oceanic Nino Index,Climate,-0.01003664804657034,-0.03802413563948415,0.3336663336663337
Oceanic Nino Index,Climate,-0.01003664804657034,-0.02346050003552902,0.3336663336663337
Oceanic Nino Index,Climate,-0.01003664804657034,-0.033979765682726315,0.3336663336663337
Oceanic Nino Index,Climate,-0.01003664804657034,-0.006710917772793756,0.3336663336663337
Oceanic Nino Index,Climate,-0.01003664804657034,-0.0072489230721926035,0.3336663336663337
Oceanic Nino Index,Climate,-0.01003664804657034,-0.021719831200415873,0.3336663336663337
Oceanic Nino Index,Climate,-0.01003664804657034,-0.017142970899468812,0.3336663336663337
Oceanic Nino Index,Climate,-0.01003664804657034,-0.01602925639146191,0.3336663336663337
Oceanic Nino Index,Climate,-0.01003664804657034,0.008180084541118182,0.3336663336663337
Oceanic Nino Index,Climate,-0.01003664804657034,-0.02370626329997716,0.3336663336663337
Oceanic Nino Index,Climate,-0.01003664804657034,0.0042072365572694,0.3336663336663337
Oceanic Nino Index,Climate,-0.01003664804657034,-0.014305315802791707,0.3336663336663337
Oceanic Nino Index,Climate,-0.01003664804657034,-0.01724477808265079,0.3336663336663337
Oceanic Nino Index,Climate,-0.01003664804657034,-0.03843682510153967,0.3336663336663337
Oceanic Nino Index,Climate,-0.01003664804657034,-0.03677959498152017,0.3336663336663337
Oceanic Nino Index,Climate,-0.01003664804657034,-0.031609692802738065,0.3336663336663337
Oceanic Nino Index,Climate,-0.01003664804657034,-0.01666969186366396,0.3336663336663337
Oceanic Nino Index,Climate,-0.01003664804657034,-0.014542909773768375,0.3336663336663337
Oceanic Nino Index,Climate,-0.01003664804657034,-0.023575598560214628,0.3336663336663337
Oceanic Nino Index,Climate,-0.01003664804657034,-0.02699372939874123,0.3336663336663337
Oceanic Nino Index,Climate,-0.01003664804657034,-0.013957134136936888,0.3336663336663337
Oceanic Nino Index,Climate,-0.01003664804657034,0.015999014257535138,0.3336663336663337
Oceanic Nino Index,Climate,-0.01003664804657034,-0.013615389215384965,0.3336663336663337
Oceanic Nino Index,Climate,-0.01003664804657034,2.3553405036147446e-4,0.3336663336663337
Oceanic Nino Index,Climate,-0.01003664804657034,-0.015411339077155084,0.3336663336663337
Oceanic Nino Index,Climate,-0.01003664804657034,-0.01652275307181994,0.3336663336663337
Oceanic Nino Index,Climate,-0.01003664804657034,-0.031946836043435844,0.3336663336663337
Oceanic Nino Index,Climate,-0.01003664804657034,0.00993946420251901,0.3336663336663337
Oceanic Nino Index,Climate,-0.01003664804657034,-0.02150984244037657,0.3336663336663337
Oceanic Nino Index,Climate,-0.01003664804657034,0.01281100290613102,0.3336663336663337
Oceanic Nino Index,Climate,-0.01003664804657034,-0.03569071972202642,0.3336663336663337
Oceanic Nino Index,Climate,-0.01003664804657034,0.001878204165355446,0.3336663336663337
Oceanic Nino Index,Climate,-0.01003664804657034,-0.021744959371481576,0.3336663336663337
Oceanic Nino Index,Climate,-0.01003664804657034,-0.020709307547438716,0.3336663336663337
Oceanic Nino Index,Climate,-0.01003664804657034,-0.011493516559279993,0.3336663336663337
Oceanic Nino Index,Climate,-0.01003664804657034,-0.02729594663190671,0.3336663336663337
Oceanic Nino Index,Climate,-0.01003664804657034,-0.023193117932744922,0.3336663336663337
Oceanic Nino Index,Climate,-0.01003664804657034,-0.01774131849603422,0.3336663336663337
Oceanic Nino Index,Climate,-0.01003664804657034,0.005753188497382378,0.3336663336663337
Oceanic Nino Index,Climate,-0.01003664804657034,-0.006308422589260454,0.3336663336663337
Oceanic Nino Index,Climate,-0.01003664804657034,-0.03142974555457134,0.3336663336663337
Oceanic Nino Index,Climate,-0.01003664804657034,-0.02177308066545014,0.3336663336663337
Oceanic Nino Index,Climate,-0.01003664804657034,0.006459497247325752,0.3336663336663337
Oceanic Nino Index,Climate,-0.01003664804657034,-0.019501760729645712,0.3336663336663337
Oceanic Nino Index,Climate,-0.01003664804657034,-0.017021339670576285,0.3336663336663337
Oceanic Nino Index,Climate,-0.01003664804657034,-0.006292897711541068,0.3336663336663337
Oceanic Nino Index,Climate,-0.01003664804657034,0.008299698298824043,0.3336663336663337
Oceanic Nino Index,Climate,-0.01003664804657034,-0.015581772202397426,0.3336663336663337
Oceanic Nino Index,Climate,-0.01003664804657034,-0.017689265735774784,0.3336663336663337
Oceanic Nino Index,Climate,-0.01003664804657034,-0.01543033956344031,0.3336663336663337
Oceanic Nino Index,Climate,-0.01003664804657034,-0.048055379672368836,0.3336663336663337
Oceanic Nino Index,Climate,-0.01003664804657034,0.0022066075763710336,0.3336663336663337
Oceanic Nino Index,Climate,-0.01003664804657034,0.002958236929836433,0.3336663336663337
Oceanic Nino Index,Climate,-0.01003664804657034,0.0038859772181039087,0.3336663336663337
Oceanic Nino Index,Climate,-0.01003664804657034,-0.058782712938876935,0.3336663336663337
Oceanic Nino Index,Climate,-0.01003664804657034,-0.0230439213417033,0.3336663336663337
Oceanic Nino Index,Climate,-0.01003664804657034,-0.02587254328498778,0.3336663336663337
Oceanic Nino Index,Climate,-0.01003664804657034,-0.031946836043435844,0.3336663336663337
Oceanic Nino Index,Climate,-0.01003664804657034,-0.012756706844306631,0.3336663336663337
Oceanic Nino Index,Climate,-0.01003664804657034,-0.04983435838795258,0.3336663336663337
Oceanic Nino Index,Climate,-0.01003664804657034,-0.021950575502093894,0.3336663336663337
Oceanic Nino Index,Climate,-0.01003664804657034,-0.02497743393339036,0.3336663336663337
Oceanic Nino Index,Climate,-0.01003664804657034,0.0023383878497375,0.3336663336663337
Oceanic Nino Index,Climate,-0.01003664804657034,0.02139253005662134,0.3336663336663337
Oceanic Nino Index,Climate,-0.01003664804657034,-0.01396169835278216,0.3336663336663337
Oceanic Nino Index,Climate,-0.01003664804657034,-0.013647910809981179,0.3336663336663337
Oceanic Nino Index,Climate,-0.01003664804657034,-0.011556329825766598,0.3336663336663337
Oceanic Nino Index,Climate,-0.01003664804657034,-0.03377303479725846,0.3336663336663337
Oceanic Nino Index,Climate,-0.01003664804657034,-0.0243228163237037,0.3336663336663337
Oceanic Nino Index,Climate,-0.01003664804657034,-0.025733861846025885,0.3336663336663337
Oceanic Nino Index,Climate,-0.01003664804657034,0.029336896207161067,0.3336663336663337
Oceanic Nino Index,Climate,-0.01003664804657034,-0.019868244139634283,0.3336663336663337
Oceanic Nino Index,Climate,-0.01003664804657034,-0.028106471753244877,0.3336663336663337
Oceanic Nino Index,Climate,-0.01003664804657034,-0.015275341194751713,0.3336663336663337
Oceanic Nino Index,Climate,-0.01003664804657034,-0.0051731549544464794,0.3336663336663337
Oceanic Nino Index,Climate,-0.01003664804657034,-0.018670005510148746,0.3336663336663337
Oceanic Nino Index,Climate,-0.01003664804657034,-0.04005762549634895,0.3336663336663337
Oceanic Nino Index,Climate,-0.01003664804657034,-0.012756706844306631,0.3336663336663337
Oceanic Nino Index,Climate,-0.01003664804657034,-0.0045741372518997014,0.3336663336663337
Oceanic Nino Index,Climate,-0.01003664804657034,2.3553405036147446e-4,0.3336663336663337
Oceanic Nino Index,Climate,-0.01003664804657034,-0.019772218195554414,0.3336663336663337
Oceanic Nino Index,Climate,-0.01003664804657034,-0.02338549118899369,0.3336663336663337
Oceanic Nino Index,Climate,-0.01003664804657034,-0.017305208614187384,0.3336663336663337
Oceanic Nino Index,Climate,-0.01003664804657034,-0.005214733928053716,0.3336663336663337
Oceanic Nino Index,Climate,-0.01003664804657034,-0.018998947395566068,0.3336663336663337
Oceanic Nino Index,Climate,-0.01003664804657034,-0.015480322776398214,0.3336663336663337
Oceanic Nino Index,Climate,-0.01003664804657034,-0.014470727207217537,0.3336663336663337
Oceanic Nino Index,Climate,-0.01003664804657034,-0.02092705185980681,0.3336663336663337
Oceanic Nino Index,Climate,-0.01003664804657034,-0.01986511966575999,0.3336663336663337
Oceanic Nino Index,Climate,-0.01003664804657034,-0.03344384060552752,0.3336663336663337
Oceanic Nino Index,Climate,-0.01003664804657034,-0.016180565940227876,0.3336663336663337
Oceanic Nino Index,Climate,-0.01003664804657034,-0.03365747375820982,0.3336663336663337
Oceanic Nino Index,Climate,-0.01003664804657034,-0.016482565976463803,0.3336663336663337
Oceanic Nino Index,Climate,-0.01003664804657034,-0.01861023029385489,0.3336663336663337
Oceanic Nino Index,Climate,-0.01003664804657034,-0.005214733928053716,0.3336663336663337
Oceanic Nino Index,Climate,-0.01003664804657034,-0.019510814047609015,0.3336663336663337
Oceanic Nino Index,Climate,-0.01003664804657034,-0.00462205871618826,0.3336663336663337
Oceanic Nino Index,Climate,-0.01003664804657034,-0.015313732511141431,0.3336663336663337
Oceanic Nino Index,Climate,-0.01003664804657034,-0.03738366795414638,0.3336663336663337
Oceanic Nino Index,Climate,-0.01003664804657034,-0.02349355128780939,0.3336663336663337
Oceanic Nino Index,Climate,-0.01003664804657034,-0.013957134136936888,0.3336663336663337
Oceanic Nino Index,Climate,-0.01003664804657034,-0.027840220236108326,0.3336663336663337
Oceanic Nino Index,Climate,-0.01003664804657034,-0.01658059637633902,0.3336663336663337
Oceanic Nino Index,Climate,-0.01003664804657034,-0.01408670820449065,0.3336663336663337
Oceanic Nino Index,Climate,-0.01003664804657034,0.018759725595028254,0.3336663336663337
Oceanic Nino Index,Climate,-0.01003664804657034,-0.03393793392021882,0.3336663336663337
Oceanic Nino Index,Climate,-0.01003664804657034,-0.03943831935071218,0.3336663336663337
Oceanic Nino Index,Climate,-0.01003664804657034,-0.049025417831389806,0.3336663336663337
Oceanic Nino Index,Climate,-0.01003664804657034,0.007568658870312661,0.3336663336663337
Oceanic Nino Index,Climate,-0.01003664804657034,-0.0020274487369484895,0.3336663336663337
Oceanic Nino Index,Climate,-0.01003664804657034,8.781912301947248e-5,0.3336663336663337
Oceanic Nino Index,Climate,-0.01003664804657034,-0.012479281034117662,0.3336663336663337
Oceanic Nino Index,Climate,-0.01003664804657034,-0.017893542356179015,0.3336663336663337
Oceanic Nino Index,Climate,-0.01003664804657034,-0.016235600965755603,0.3336663336663337
Oceanic Nino Index,Climate,-0.01003664804657034,-8.279321440971543e-4,0.3336663336663337
Oceanic Nino Index,Climate,-0.01003664804657034,-0.011668624605092326,0.3336663336663337
Oceanic Nino Index,Climate,-0.01003664804657034,0.010826609161207035,0.3336663336663337
Oceanic Nino Index,Climate,-0.01003664804657034,-0.02768986198049528,0.3336663336663337
Oceanic Nino Index,Climate,-0.01003664804657034,0.005012977901316273,0.3336663336663337
Oceanic Nino Index,Climate,-0.01003664804657034,-0.00459236721115408,0.3336663336663337
Oceanic Nino Index,Climate,-0.01003664804657034,-0.03218557661207955,0.3336663336663337
Oceanic Nino Index,Climate,-0.01003664804657034,-0.01586754446361538,0.3336663336663337
Oceanic Nino Index,Climate,-0.01003664804657034,-0.015235356483567664,0.3336663336663337
Oceanic Nino Index,Climate,-0.01003664804657034,0.01680332501349835,0.3336663336663337
Oceanic Nino Index,Climate,-0.01003664804657034,-0.026488870929139097,0.3336663336663337
Oceanic Nino Index,Climate,-0.01003664804657034,-0.020552049862336608,0.3336663336663337
Oceanic Nino Index,Climate,-0.01003664804657034,-0.013768382432855164,0.3336663336663337
Oceanic Nino Index,Climate,-0.01003664804657034,-0.025006763542959165,0.3336663336663337
Oceanic Nino Index,Climate,-0.01003664804657034,-0.028424329735269316,0.3336663336663337
Oceanic Nino Index,Climate,-0.01003664804657034,-0.014919066017806237,0.3336663336663337
Oceanic Nino Index,Climate,-0.01003664804657034,-0.013122989912748517,0.3336663336663337
Oceanic Nino Index,Climate,-0.01003664804657034,0.009694917614604504,0.3336663336663337
Oceanic Nino Index,Climate,-0.01003664804657034,-0.017781588135210358,0.3336663336663337
Oceanic Nino Index,Climate,-0.01003664804657034,0.009274012966600687,0.3336663336663337
Oceanic Nino Index,Climate,-0.01003664804657034,-0.005213111367053047,0.3336663336663337
Oceanic Nino Index,Climate,-0.01003664804657034,-0.014666564974215257,0.3336663336663337
Oceanic Nino Index,Climate,-0.01003664804657034,-0.022711493422681306,0.3336663336663337
Oceanic Nino Index,Climate,-0.01003664804657034,-0.005214733928053716,0.3336663336663337
Oceanic Nino Index,Climate,-0.01003664804657034,-0.019475092654274606,0.3336663336663337
Oceanic Nino Index,Climate,-0.01003664804657034,-0.0212153074157988,0.3336663336663337
Oceanic Nino Index,Climate,-0.01003664804657034,0.05911601810069689,0.3336663336663337
Oceanic Nino Index,Climate,-0.01003664804657034,0.0038859772181039087,0.3336663336663337
Oceanic Nino Index,Climate,-0.01003664804657034,-0.00454683743544515,0.3336663336663337
Oceanic Nino Index,Climate,-0.01003664804657034,-0.02876946676153236,0.3336663336663337
Oceanic Nino Index,Climate,-0.01003664804657034,0.008019114865588373,0.3336663336663337
Oceanic Nino Index,Climate,-0.01003664804657034,-0.0037155652121372285,0.3336663336663337
Oceanic Nino Index,Climate,-0.01003664804657034,-0.017402989014562387,0.3336663336663337
Oceanic Nino Index,Climate,-0.01003664804657034,-0.014572550134918538,0.3336663336663337
Oceanic Nino Index,Climate,-0.01003664804657034,-0.006630410109124796,0.3336663336663337
Oceanic Nino Index,Climate,-0.01003664804657034,8.781912301947248e-5,0.3336663336663337
Oceanic Nino Index,Climate,-0.01003664804657034,-0.003549910803085199,0.3336663336663337
Oceanic Nino Index,Climate,-0.01003664804657034,-0.007055194742815685,0.3336663336663337
Oceanic Nino Index,Climate,-0.01003664804657034,-0.01552472236450253,0.3336663336663337
Oceanic Nino Index,Climate,-0.01003664804657034,-0.013890611758230698,0.3336663336663337
Oceanic Nino Index,Climate,-0.01003664804657034,-0.014572550134918538,0.3336663336663337
Oceanic Nino Index,Climate,-0.01003664804657034,-0.015189951011542302,0.3336663336663337
Oceanic Nino Index,Climate,-0.01003664804657034,-0.023237768514091428,0.3336663336663337
Oceanic Nino Index,Climate,-0.01003664804657034,-0.005836454718627815,0.3336663336663337
Oceanic Nino Index,Climate,-0.01003664804657034,-0.015903803662107974,0.3336663336663337
Oceanic Nino Index,Climate,-0.01003664804657034,-0.01472521722500697,0.3336663336663337
Oceanic Nino Index,Climate,-0.01003664804657034,-0.006160030184006793,0.3336663336663337
Oceanic Nino Index,Climate,-0.01003664804657034,-0.030173988048689537,0.3336663336663337
Oceanic Nino Index,Climate,-0.01003664804657034,5.407620812710734e-4,0.3336663336663337
Oceanic Nino Index,Climate,-0.01003664804657034,-0.00802421310864232,0.3336663336663337
Oceanic Nino Index,Climate,-0.01003664804657034,-0.013768382432855164,0.3336663336663337
Oceanic Nino Index,Climate,-0.01003664804657034,-0.01371945913164141,0.3336663336663337
Oceanic Nino Index,Climate,-0.01003664804657034,0.003000697971283328,0.3336663336663337
Oceanic Nino Index,Climate,-0.01003664804657034,-0.005094554409939445,0.3336663336663337
Oceanic Nino Index,Climate,-0.01003664804657034,-0.025677509214110605,0.3336663336663337
Oceanic Nino Index,Climate,-0.01003664804657034,-0.027744655160691023,0.3336663336663337
Oceanic Nino Index,Climate,-0.01003664804657034,-0.028991814305389996,0.3336663336663337
Oceanic Nino Index,Climate,-0.01003664804657034,-0.012503750437803163,0.3336663336663337
Oceanic Nino Index,Climate,-0.01003664804657034,-0.03218557661207955,0.3336663336663337
Oceanic Nino Index,Climate,-0.01003664804657034,-0.017227153432441522,0.3336663336663337
Oceanic Nino Index,Climate,-0.01003664804657034,-0.018670005510148746,0.3336663336663337
Oceanic Nino Index,Climate,-0.01003664804657034,-0.028806824907883888,0.3336663336663337
Oceanic Nino Index,Climate,-0.01003664804657034,0.007506224382680893,0.3336663336663337
Oceanic Nino Index,Climate,-0.01003664804657034,-0.01396169835278216,0.3336663336663337
Oceanic Nino Index,Climate,-0.01003664804657034,-0.003232554430731227,0.3336663336663337
Oceanic Nino Index,Climate,-0.01003664804657034,-0.01477567125642354,0.3336663336663337
Oceanic Nino Index,Climate,-0.01003664804657034,-0.0036449450592939137,0.3336663336663337
Oceanic Nino Index,Climate,-0.01003664804657034,-0.016793465001971652,0.3336663336663337
Oceanic Nino Index,Climate,-0.01003664804657034,-0.0067158890572154295,0.3336663336663337
Oceanic Nino Index,Climate,-0.01003664804657034,-0.0212153074157988,0.3336663336663337
Oceanic Nino Index,Climate,-0.01003664804657034,-0.011045160977958046,0.3336663336663337
Oceanic Nino Index,Climate,-0.01003664804657034,-0.019384704015229737,0.3336663336663337
Oceanic Nino Index,Climate,-0.01003664804657034,-0.04296790698400432,0.3336663336663337
Oceanic Nino Index,Climate,-0.01003664804657034,-0.019868244139634283,0.3336663336663337
Oceanic Nino Index,Climate,-0.01003664804657034,-0.013808306480742383,0.3336663336663337
Oceanic Nino Index,Climate,-0.01003664804657034,-0.01368543698883129,0.3336663336663337
Oceanic Nino Index,Climate,-0.01003664804657034,-0.018998947395566068,0.3336663336663337
Oceanic Nino Index,Climate,-0.01003664804657034,-0.019277138487027612,0.3336663336663337
Oceanic Nino Index,Climate,-0.01003664804657034,-0.019234088931640914,0.3336663336663337
Oceanic Nino Index,Climate,-0.01003664804657034,-0.02587254328498778,0.3336663336663337
Oceanic Nino Index,Climate,-0.01003664804657034,-0.03720170518543986,0.3336663336663337
Oceanic Nino Index,Climate,-0.01003664804657034,0.006676043178033719,0.3336663336663337
Oceanic Nino Index,Climate,-0.01003664804657034,-0.02610215120045911,0.3336663336663337
Oceanic Nino Index,Climate,-0.01003664804657034,-0.019574526377857282,0.3336663336663337
Oceanic Nino Index,Climate,-0.01003664804657034,-0.043856594350345945,0.3336663336663337
Oceanic Nino Index,Climate,-0.01003664804657034,-0.0025289135560100373,0.3336663336663337
Oceanic Nino Index,Climate,-0.01003664804657034,-0.021522949189275664,0.3336663336663337
Oceanic Nino Index,Climate,-0.01003664804657034,0.01680332501349835,0.3336663336663337
Oceanic Nino Index,Climate,-0.01003664804657034,0.015149396422412864,0.3336663336663337
Oceanic Nino Index,Climate,-0.01003664804657034,-0.010928473559911778,0.3336663336663337
Oceanic Nino Index,Climate,-0.01003664804657034,-0.0212153074157988,0.3336663336663337
Oceanic Nino Index,Climate,-0.01003664804657034,-0.02512486809418757,0.3336663336663337
Oceanic Nino Index,Climate,-0.01003664804657034,-0.0013072705246881533,0.3336663336663337
Oceanic Nino Index,Climate,-0.01003664804657034,-0.0051937139549762534,0.3336663336663337
Oceanic Nino Index,Climate,-0.01003664804657034,-0.02150984244037657,0.3336663336663337
Oceanic Nino Index,Climate,-0.01003664804657034,-0.01995353575138359,0.3336663336663337
Oceanic Nino Index,Climate,-0.01003664804657034,-0.006292897711541068,0.3336663336663337
Oceanic Nino Index,Climate,-0.01003664804657034,-0.011797045142899476,0.3336663336663337
Oceanic Nino Index,Climate,-0.01003664804657034,-0.0243228163237037,0.3336663336663337
Oceanic Nino Index,Climate,-0.01003664804657034,0.020246467663576295,0.3336663336663337
Oceanic Nino Index,Climate,-0.01003664804657034,0.005753188497382378,0.3336663336663337
Oceanic Nino Index,Climate,-0.01003664804657034,-0.013409708600433223,0.3336663336663337
Oceanic Nino Index,Climate,-0.01003664804657034,-0.035053623139046586,0.3336663336663337
Oceanic Nino Index,Climate,-0.01003664804657034,-0.015691201953581757,0.3336663336663337
Oceanic Nino Index,Climate,-0.01003664804657034,-0.01567809189570646,0.3336663336663337
Oceanic Nino Index,Climate,-0.01003664804657034,8.357769448918972e-4,0.3336663336663337
Oceanic Nino Index,Climate,-0.01003664804657034,-0.013447868337167046,0.3336663336663337
Oceanic Nino Index,Climate,-0.01003664804657034,-0.015270135181210787,0.3336663336663337
Oceanic Nino Index,Climate,-0.01003664804657034,-0.019744728306921644,0.3336663336663337
Oceanic Nino Index,Climate,-0.01003664804657034,-0.017021339670576285,0.3336663336663337
Oceanic Nino Index,Climate,-0.01003664804657034,0.01281100290613102,0.3336663336663337
Oceanic Nino Index,Climate,-0.01003664804657034,0.029336896207161067,0.3336663336663337
Oceanic Nino Index,Climate,-0.01003664804657034,0.020032132704025263,0.3336663336663337
Oceanic Nino Index,Climate,-0.01003664804657034,0.0038859772181039087,0.3336663336663337
Oceanic Nino Index,Climate,-0.01003664804657034,-0.020653488956475785,0.3336663336663337
Oceanic Nino Index,Climate,-0.01003664804657034,-0.007489552597882865,0.3336663336663337
Oceanic Nino Index,Climate,-0.01003664804657034,-0.0517754866968998,0.3336663336663337
Oceanic Nino Index,Climate,-0.01003664804657034,-0.021437243683853024,0.3336663336663337
Oceanic Nino Index,Climate,-0.01003664804657034,0.009518977729359057,0.3336663336663337
Oceanic Nino Index,Climate,-0.01003664804657034,0.0016361035217669073,0.3336663336663337
Oceanic Nino Index,Climate,-0.01003664804657034,-0.011104679117685201,0.3336663336663337
Oceanic Nino Index,Climate,-0.01003664804657034,9.444357090049316e-6,0.3336663336663337
Oceanic Nino Index,Climate,-0.01003664804657034,-0.016336911005759402,0.3336663336663337
Oceanic Nino Index,Climate,-0.01003664804657034,-0.012226292186562793,0.3336663336663337
Oceanic Nino Index,Climate,-0.01003664804657034,-0.0072489230721926035,0.3336663336663337
Oceanic Nino Index,Climate,-0.01003664804657034,-0.017967228019316606,0.3336663336663337
Oceanic Nino Index,Climate,-0.01003664804657034,-0.02007660006545997,0.3336663336663337
Oceanic Nino Index,Climate,-0.01003664804657034,-0.013480065771830807,0.3336663336663337
Oceanic Nino Index,Climate,-0.01003664804657034,-0.0035225404834700047,0.3336663336663337
Oceanic Nino Index,Climate,-0.01003664804657034,0.008299698298824043,0.3336663336663337
Oceanic Nino Index,Climate,-0.01003664804657034,-0.003787904100446715,0.3336663336663337
Oceanic Nino Index,Climate,-0.01003664804657034,-8.279321440971543e-4,0.3336663336663337
Oceanic Nino Index,Climate,-0.01003664804657034,-0.0035225404834700047,0.3336663336663337
Oceanic Nino Index,Climate,-0.01003664804657034,-0.014541057383667289,0.3336663336663337
Oceanic Nino Index,Climate,-0.01003664804657034,-0.018998947395566068,0.3336663336663337
Oceanic Nino Index,Climate,-0.01003664804657034,-0.01671038769532096,0.3336663336663337
Oceanic Nino Index,Climate,-0.01003664804657034,0.0085651359400446,0.3336663336663337
Oceanic Nino Index,Climate,-0.01003664804657034,-0.03853942785035347,0.3336663336663337
Oceanic Nino Index,Climate,-0.01003664804657034,-0.03832524430442885,0.3336663336663337
Oceanic Nino Index,Climate,-0.01003664804657034,-0.02313501016268238,0.3336663336663337
Oceanic Nino Index,Climate,-0.01003664804657034,-0.019234088931640914,0.3336663336663337
Oceanic Nino Index,Climate,-0.01003664804657034,-0.004234401550333722,0.3336663336663337
Oceanic Nino Index,Climate,-0.01003664804657034,-0.016176034207896928,0.3336663336663337
Oceanic Nino Index,Climate,-0.01003664804657034,-0.03329509560688515,0.3336663336663337
Oceanic Nino Index,Climate,-0.01003664804657034,-0.010071973008770163,0.3336663336663337
Oceanic Nino Index,Climate,-0.01003664804657034,-0.019392442892755657,0.3336663336663337
Oceanic Nino Index,Climate,-0.01003664804657034,-0.027840220236108326,0.3336663336663337
Oceanic Nino Index,Climate,-0.01003664804657034,-0.03195535855247633,0.3336663336663337
Oceanic Nino Index,Climate,-0.01003664804657034,-0.0151198454763386,0.3336663336663337
Oceanic Nino Index,Climate,-0.01003664804657034,-0.024270383535821782,0.3336663336663337
Oceanic Nino Index,Climate,-0.01003664804657034,-0.0151198454763386,0.3336663336663337
Oceanic Nino Index,Climate,-0.01003664804657034,0.016188048005437827,0.3336663336663337
Oceanic Nino Index,Climate,-0.01003664804657034,-0.01792519018342631,0.3336663336663337
Oceanic Nino Index,Climate,-0.01003664804657034,0.0033056562168690684,0.3336663336663337
Oceanic Nino Index,Climate,-0.01003664804657034,-0.013584379141709624,0.3336663336663337
Oceanic Nino Index,Climate,-0.01003664804657034,-0.021309466659104048,0.3336663336663337
Oceanic Nino Index,Climate,-0.01003664804657034,-3.979369236204455e-4,0.3336663336663337
Oceanic Nino Index,Climate,-0.01003664804657034,-0.014569166780777687,0.3336663336663337
Oceanic Nino Index,Climate,-0.01003664804657034,0.00993946420251901,0.3336663336663337
Oceanic Nino Index,Climate,-0.01003664804657034,-0.019464921935792745,0.3336663336663337
Oceanic Nino Index,Climate,-0.01003664804657034,-0.016736144752973914,0.3336663336663337
Oceanic Nino Index,Climate,-0.01003664804657034,-0.0195296939131111,0.3336663336663337
Oceanic Nino Index,Climate,-0.01003664804657034,-0.009896537169783892,0.3336663336663337
Oceanic Nino Index,Climate,-0.01003664804657034,0.014542466927311426,0.3336663336663337
Oceanic Nino Index,Climate,-0.01003664804657034,-0.02036019783967391,0.3336663336663337
Oceanic Nino Index,Climate,-0.01003664804657034,-0.021437243683853024,0.3336663336663337
Oceanic Nino Index,Climate,-0.01003664804657034,-0.03690014988527124,0.3336663336663337
Oceanic Nino Index,Climate,-0.01003664804657034,-0.0051937139549762534,0.3336663336663337
Oceanic Nino Index,Climate,-0.01003664804657034,-0.02372463812024339,0.3336663336663337
Oceanic Nino Index,Climate,-0.01003664804657034,-0.013793910297566825,0.3336663336663337
Oceanic Nino Index,Climate,-0.01003664804657034,-0.011022107225371558,0.3336663336663337
Oceanic Nino Index,Climate,-0.01003664804657034,-0.012147505875749198,0.3336663336663337
Oceanic Nino Index,Climate,-0.01003664804657034,-0.03580264057407012,0.3336663336663337
Oceanic Nino Index,Climate,-0.01003664804657034,-0.019876966404073215,0.3336663336663337
Oceanic Nino Index,Climate,-0.01003664804657034,-0.029920758269464054,0.3336663336663337
Oceanic Nino Index,Climate,-0.01003664804657034,-0.013223790104084587,0.3336663336663337
Oceanic Nino Index,Climate,-0.01003664804657034,-0.018834316329146894,0.3336663336663337
Oceanic Nino Index,Climate,-0.01003664804657034,-0.013242135508460207,0.3336663336663337
Oceanic Nino Index,Climate,-0.01003664804657034,-0.015163966442886645,0.3336663336663337
Oceanic Nino Index,Climate,-0.01003664804657034,-0.0036449450592939137,0.3336663336663337
Oceanic Nino Index,Climate,-0.01003664804657034,0.016210167974834322,0.3336663336663337
Oceanic Nino Index,Climate,-0.01003664804657034,-0.019796991488936877,0.3336663336663337
Oceanic Nino Index,Climate,-0.01003664804657034,-0.004856161387008395,0.3336663336663337
Oceanic Nino Index,Climate,-0.01003664804657034,-0.03192411530590711,0.3336663336663337
Oceanic Nino Index,Climate,-0.01003664804657034,-0.017999200625475442,0.3336663336663337
Oceanic Nino Index,Climate,-0.01003664804657034,-0.014754237774855294,0.3336663336663337
Oceanic Nino Index,Climate,-0.01003664804657034,-0.031207672749469895,0.3336663336663337
Oceanic Nino Index,Climate,-0.01003664804657034,-0.006215527232275475,0.3336663336663337
Oceanic Nino Index,Climate,-0.01003664804657034,-0.012846320571595182,0.3336663336663337
Oceanic Nino Index,Climate,-0.01003664804657034,-0.012479281034117662,0.3336663336663337
Oceanic Nino Index,Climate,-0.01003664804657034,-0.018009143971879693,0.3336663336663337
Oceanic Nino Index,Climate,-0.01003664804657034,-0.02092705185980681,0.3336663336663337
Oceanic Nino Index,Climate,-0.01003664804657034,-0.04080702552545601,0.3336663336663337
Oceanic Nino Index,Climate,-0.01003664804657034,-0.02673495820291527,0.3336663336663337
Oceanic Nino Index,Climate,-0.01003664804657034,-0.004351226516419837,0.3336663336663337
Oceanic Nino Index,Climate,-0.01003664804657034,-0.013525882086752317,0.3336663336663337
Oceanic Nino Index,Climate,-0.01003664804657034,-0.014558156765940966,0.3336663336663337
Oceanic Nino Index,Climate,-0.01003664804657034,-0.01873220770937145,0.3336663336663337
Oceanic Nino Index,Climate,-0.01003664804657034,-0.010448513627729028,0.3336663336663337
Oceanic Nino Index,Climate,-0.01003664804657034,-0.013271950411790856,0.3336663336663337
Oceanic Nino Index,Climate,-0.01003664804657034,-0.02774650848687399,0.3336663336663337
Oceanic Nino Index,Climate,-0.01003664804657034,-0.0195296939131111,0.3336663336663337
Oceanic Nino Index,Climate,-0.01003664804657034,-0.02444850444787705,0.3336663336663337
Oceanic Nino Index,Climate,-0.01003664804657034,4.0891107802598636e-4,0.3336663336663337
Oceanic Nino Index,Climate,-0.01003664804657034,-0.02007660006545997,0.3336663336663337
Oceanic Nino Index,Climate,-0.01003664804657034,0.030587320587863176,0.3336663336663337
Oceanic Nino Index,Climate,-0.01003664804657034,0.00518187718675045,0.3336663336663337
Oceanic Nino Index,Climate,-0.01003664804657034,-0.01697318785494706,0.3336663336663337
Oceanic Nino Index,Climate,-0.01003664804657034,-0.020077931052296272,0.3336663336663337
Oceanic Nino Index,Climate,-0.01003664804657034,-8.279321440971543e-4,0.3336663336663337
Oceanic Nino Index,Climate,-0.01003664804657034,-0.021950575502093894,0.3336663336663337
Oceanic Nino Index,Climate,-0.01003664804657034,-0.043856594350345945,0.3336663336663337
Oceanic Nino Index,Climate,-0.01003664804657034,-0.00429168605604735,0.3336663336663337
Oceanic Nino Index,Climate,-0.01003664804657034,-1.4250870056886633e-4,0.3336663336663337
Oceanic Nino Index,Climate,-0.01003664804657034,0.020186353729708895,0.3336663336663337
Oceanic Nino Index,Climate,-0.01003664804657034,-0.011554093685674394,0.3336663336663337
Oceanic Nino Index,Climate,-0.01003664804657034,-0.006160030184006793,0.3336663336663337
Oceanic Nino Index,Climate,-0.01003664804657034,-0.04269579689655867,0.3336663336663337
Oceanic Nino Index,Climate,-0.01003664804657034,-0.015411328404027147,0.3336663336663337
Oceanic Nino Index,Climate,-0.01003664804657034,-0.02179252274654986,0.3336663336663337
Oceanic Nino Index,Climate,-0.01003664804657034,-0.015611718554980003,0.3336663336663337
Oceanic Nino Index,Climate,-0.01003664804657034,-0.02349355128780939,0.3336663336663337
Oceanic Nino Index,Climate,-0.01003664804657034,0.0016361035217669073,0.3336663336663337
Oceanic Nino Index,Climate,-0.01003664804657034,-0.019056456958985724,0.3336663336663337
Oceanic Nino Index,Climate,-0.01003664804657034,-0.0012058279048767773,0.3336663336663337
Oceanic Nino Index,Climate,-0.01003664804657034,-0.024736800522174196,0.3336663336663337
Oceanic Nino Index,Climate,-0.01003664804657034,-0.021002385654045108,0.3336663336663337
Oceanic Nino Index,Climate,-0.01003664804657034,-0.015239518203856495,0.3336663336663337
Oceanic Nino Index,Climate,-0.01003664804657034,0.001526744245632039,0.3336663336663337
Oceanic Nino Index,Climate,-0.01003664804657034,-0.016314465747748974,0.3336663336663337
Oceanic Nino Index,Climate,-0.01003664804657034,0.006676043178033719,0.3336663336663337
Oceanic Nino Index,Climate,-0.01003664804657034,-0.03684170256073216,0.3336663336663337
Oceanic Nino Index,Climate,-0.01003664804657034,-0.013675431557489182,0.3336663336663337
Oceanic Nino Index,Climate,-0.01003664804657034,-0.048848022123379575,0.3336663336663337
Oceanic Nino Index,Climate,-0.01003664804657034,-0.016168798633306114,0.3336663336663337
Oceanic Nino Index,Climate,-0.01003664804657034,-0.03690014988527124,0.3336663336663337
Oceanic Nino Index,Climate,-0.01003664804657034,-0.0032531370316211117,0.3336663336663337
Oceanic Nino Index,Climate,-0.01003664804657034,-0.031152636438685155,0.3336663336663337
Oceanic Nino Index,Climate,-0.01003664804657034,-0.0517754866968998,0.3336663336663337
Oceanic Nino Index,Climate,-0.01003664804657034,-0.007892214238994999,0.3336663336663337
Oceanic Nino Index,Climate,-0.01003664804657034,-0.01605952531475152,0.3336663336663337
Oceanic Nino Index,Climate,-0.01003664804657034,-0.018286180844022226,0.3336663336663337
Oceanic Nino Index,Climate,-0.01003664804657034,0.013181746698968877,0.3336663336663337
Oceanic Nino Index,Climate,-0.01003664804657034,-0.017236703632361516,0.3336663336663337
Oceanic Nino Index,Climate,-0.01003664804657034,-0.015961598927748843,0.3336663336663337
Oceanic Nino Index,Climate,-0.01003664804657034,-0.0013843945156457593,0.3336663336663337
Oceanic Nino Index,Climate,-0.01003664804657034,-0.04162830660689787,0.3336663336663337
Oceanic Nino Index,Climate,-0.01003664804657034,-0.01586754446361538,0.3336663336663337
Oceanic Nino Index,Climate,-0.01003664804657034,0.009287609079050352,0.3336663336663337
Oceanic Nino Index,Climate,-0.01003664804657034,0.016369222589916577,0.3336663336663337
Oceanic Nino Index,Climate,-0.01003664804657034,-0.0230439213417033,0.3336663336663337
Oceanic Nino Index,Climate,-0.01003664804657034,-0.006151352233216167,0.3336663336663337
Oceanic Nino Index,Climate,-0.01003664804657034,0.009287609079050352,0.3336663336663337
Oceanic Nino Index,Climate,-0.01003664804657034,-0.010963450859404755,0.3336663336663337
Oceanic Nino Index,Climate,-0.01003664804657034,-0.01621647945935889,0.3336663336663337
Oceanic Nino Index,Climate,-0.01003664804657034,-0.013303592396532338,0.3336663336663337
Oceanic Nino Index,Climate,-0.01003664804657034,-0.019392442892755657,0.3336663336663337
Oceanic Nino Index,Climate,-0.01003664804657034,-0.01552289159548792,0.3336663336663337
Oceanic Nino Index,Climate,-0.01003664804657034,-0.02883184057010646,0.3336663336663337
Oceanic Nino Index,Climate,-0.01003664804657034,-0.013525882086752317,0.3336663336663337
Oceanic Nino Index,Climate,-0.01003664804657034,-0.011556329825766598,0.3336663336663337
Oceanic Nino Index,Climate,-0.01003664804657034,0.013181746698968877,0.3336663336663337
Oceanic Nino Index,Climate,-0.01003664804657034,-0.016925285319535188,0.3336663336663337
Oceanic Nino Index,Climate,-0.01003664804657034,-0.010448513627729028,0.3336663336663337
Oceanic Nino Index,Climate,-0.01003664804657034,0.008299698298824043,0.3336663336663337
Oceanic Nino Index,Climate,-0.01003664804657034,-0.0014943096377568743,0.3336663336663337
Oceanic Nino Index,Climate,-0.01003664804657034,-0.004682100581359316,0.3336663336663337
Oceanic Nino Index,Climate,-0.01003664804657034,0.021689667603267737,0.3336663336663337
Oceanic Nino Index,Climate,-0.01003664804657034,-0.0018746372231943642,0.3336663336663337
Oceanic Nino Index,Climate,-0.01003664804657034,-0.02180773803696412,0.3336663336663337
Oceanic Nino Index,Climate,-0.01003664804657034,-0.022711493422681306,0.3336663336663337
Oceanic Nino Index,Climate,-0.01003664804657034,-0.02250753573761477,0.3336663336663337
Oceanic Nino Index,Climate,-0.01003664804657034,-0.025006763542959165,0.3336663336663337
Oceanic Nino Index,Climate,-0.01003664804657034,-0.020384449492822254,0.3336663336663337
Oceanic Nino Index,Climate,-0.01003664804657034,-0.023237768514091428,0.3336663336663337
Oceanic Nino Index,Climate,-0.01003664804657034,-0.015368073838707641,0.3336663336663337
Oceanic Nino Index,Climate,-0.01003664804657034,-0.02069088689858245,0.3336663336663337
Oceanic Nino Index,Climate,-0.01003664804657034,-0.07757612811134917,0.3336663336663337
Oceanic Nino Index,Climate,-0.01003664804657034,0.0027182891169391654,0.3336663336663337
Oceanic Nino Index,Climate,-0.01003664804657034,-0.0012058279048767773,0.3336663336663337
Oceanic Nino Index,Climate,-0.01003664804657034,0.05911601810069689,0.3336663336663337
Oceanic Nino Index,Climate,-0.01003664804657034,-0.014785779001411425,0.3336663336663337
Oceanic Nino Index,Climate,-0.01003664804657034,-0.010425767808542208,0.3336663336663337
Oceanic Nino Index,Climate,-0.01003664804657034,0.015083982350782899,0.3336663336663337
Oceanic Nino Index,Climate,-0.01003664804657034,0.008612028533323435,0.3336663336663337
Oceanic Nino Index,Climate,-0.01003664804657034,-0.0292656209313642,0.3336663336663337
Oceanic Nino Index,Climate,-0.01003664804657034,-0.013793910297566825,0.3336663336663337
Oceanic Nino Index,Climate,-0.01003664804657034,-0.0021096976457284367,0.3336663336663337
Oceanic Nino Index,Climate,-0.01003664804657034,-0.007892214238994999,0.3336663336663337
Oceanic Nino Index,Climate,-0.01003664804657034,-0.018036182671692824,0.3336663336663337
Oceanic Nino Index,Climate,-0.01003664804657034,-0.013675431557489182,0.3336663336663337
Oceanic Nino Index,Climate,-0.01003664804657034,-0.04272011877236559,0.3336663336663337
Oceanic Nino Index,Climate,-0.01003664804657034,0.015347515011753021,0.3336663336663337
Oceanic Nino Index,Climate,-0.01003664804657034,0.0013418259444537561,0.3336663336663337
Oceanic Nino Index,Climate,-0.01003664804657034,-0.0051937139549762534,0.3336663336663337
Oceanic Nino Index,Climate,-0.01003664804657034,-0.013525882086752317,0.3336663336663337
Oceanic Nino Index,Climate,-0.01003664804657034,-9.362596160817915e-4,0.3336663336663337
Oceanic Nino Index,Climate,-0.01003664804657034,-0.022856000286213485,0.3336663336663337
Oceanic Nino Index,Climate,-0.01003664804657034,-0.026419731173965566,0.3336663336663337
Oceanic Nino Index,Climate,-0.01003664804657034,0.004222142347717561,0.3336663336663337
Oceanic Nino Index,Climate,-0.01003664804657034,-0.015163966442886645,0.3336663336663337
Oceanic Nino Index,Climate,-0.01003664804657034,0.015523481972467223,0.3336663336663337
Oceanic Nino Index,Climate,-0.01003664804657034,-0.016474202238971225,0.3336663336663337
Oceanic Nino Index,Climate,-0.01003664804657034,-0.009457306697287171,0.3336663336663337
Oceanic Nino Index,Climate,-0.01003664804657034,-0.030713533833953255,0.3336663336663337
Oceanic Nino Index,Climate,-0.01003664804657034,-0.01598436162400385,0.3336663336663337
Oceanic Nino Index,Climate,-0.01003664804657034,-0.01671826375676977,0.3336663336663337
Oceanic Nino Index,Climate,-0.01003664804657034,-0.0036449450592939137,0.3336663336663337
Oceanic Nino Index,Climate,-0.01003664804657034,-0.013017630230413912,0.3336663336663337
Oceanic Nino Index,Climate,-0.01003664804657034,-0.011275205874125671,0.3336663336663337
Oceanic Nino Index,Climate,-0.01003664804657034,-0.016847959753508057,0.3336663336663337
Oceanic Nino Index,Climate,-0.01003664804657034,-0.02270843659491839,0.3336663336663337
Oceanic Nino Index,Climate,-0.01003664804657034,-0.0189593577069207,0.3336663336663337
Oceanic Nino Index,Climate,-0.01003664804657034,-0.007808870705558801,0.3336663336663337
Oceanic Nino Index,Climate,-0.01003664804657034,-0.02444850444787705,0.3336663336663337
Oceanic Nino Index,Climate,-0.01003664804657034,-0.01840256278075092,0.3336663336663337
Oceanic Nino Index,Climate,-0.01003664804657034,-0.04246708726644788,0.3336663336663337
Oceanic Nino Index,Climate,-0.01003664804657034,2.3553405036147446e-4,0.3336663336663337
Oceanic Nino Index,Climate,-0.01003664804657034,-0.013017630230413912,0.3336663336663337
Oceanic Nino Index,Climate,-0.01003664804657034,-0.018333242877896394,0.3336663336663337
Oceanic Nino Index,Climate,-0.01003664804657034,-0.02595499506279242,0.3336663336663337
Oceanic Nino Index,Climate,-0.01003664804657034,0.008612028533323435,0.3336663336663337
Oceanic Nino Index,Climate,-0.01003664804657034,-0.03720170518543986,0.3336663336663337
Oceanic Nino Index,Climate,-0.01003664804657034,-0.02025421068410216,0.3336663336663337
Oceanic Nino Index,Climate,-0.01003664804657034,-0.023492040543632742,0.3336663336663337
Oceanic Nino Index,Climate,-0.01003664804657034,0.0045840367292663275,0.3336663336663337
Oceanic Nino Index,Climate,-0.01003664804657034,-0.045488999464362356,0.3336663336663337
Oceanic Nino Index,Climate,-0.01003664804657034,-0.02808666414096539,0.3336663336663337
Oceanic Nino Index,Climate,-0.01003664804657034,-0.011158539268993017,0.3336663336663337
Oceanic Nino Index,Climate,-0.01003664804657034,-0.009857849752533232,0.3336663336663337
Oceanic Nino Index,Climate,-0.01003664804657034,-0.022089374799690198,0.3336663336663337
Oceanic Nino Index,Climate,-0.01003664804657034,-0.004351226516419837,0.3336663336663337
Oceanic Nino Index,Climate,-0.01003664804657034,-0.010641925700435761,0.3336663336663337
Oceanic Nino Index,Climate,-0.01003664804657034,-0.014686418262811918,0.3336663336663337
Oceanic Nino Index,Climate,-0.01003664804657034,-0.04983435838795258,0.3336663336663337
Oceanic Nino Index,Climate,-0.01003664804657034,-0.004289613797087366,0.3336663336663337
Oceanic Nino Index,Climate,-0.01003664804657034,-0.014606385717939263,0.3336663336663337
Oceanic Nino Index,Climate,-0.01003664804657034,0.012197652971838724,0.3336663336663337
Oceanic Nino Index,Climate,-0.01003664804657034,-0.02229999875923805,0.3336663336663337
Oceanic Nino Index,Climate,-0.01003664804657034,-0.017142970899468812,0.3336663336663337
Oceanic Nino Index,Climate,-0.01003664804657034,-0.0244408367378961,0.3336663336663337
Oceanic Nino Index,Climate,-0.01003664804657034,-0.01675385798004747,0.3336663336663337
Oceanic Nino Index,Climate,-0.01003664804657034,-0.027744655160691023,0.3336663336663337
Oceanic Nino Index,Climate,-0.01003664804657034,-0.02250753573761477,0.3336663336663337
Oceanic Nino Index,Climate,-0.01003664804657034,-0.0035225404834700047,0.3336663336663337
Oceanic Nino Index,Climate,-0.01003664804657034,-0.007753420566630309,0.3336663336663337
Oceanic Nino Index,Climate,-0.01003664804657034,-0.015860792297703652,0.3336663336663337
Oceanic Nino Index,Climate,-0.01003664804657034,-0.0026079149874027596,0.3336663336663337
Oceanic Nino Index,Climate,-0.01003664804657034,-0.023238614953992265,0.3336663336663337
Oceanic Nino Index,Climate,-0.01003664804657034,-0.02372463812024339,0.3336663336663337
Oceanic Nino Index,Climate,-0.01003664804657034,-0.019796991488936877,0.3336663336663337
Oceanic Nino Index,Climate,-0.01003664804657034,-0.007464239876296075,0.3336663336663337
Oceanic Nino Index,Climate,-0.01003664804657034,-0.0033548959553661994,0.3336663336663337
Oceanic Nino Index,Climate,-0.01003664804657034,-0.012901855927883288,0.3336663336663337
Oceanic Nino Index,Climate,-0.01003664804657034,-0.015266364410234434,0.3336663336663337
Oceanic Nino Index,Climate,-0.01003664804657034,-0.023934897658032472,0.3336663336663337
Oceanic Nino Index,Climate,-0.01003664804657034,-0.005094554409939445,0.3336663336663337
Oceanic Nino Index,Climate,-0.01003664804657034,0.0013914427836886345,0.3336663336663337
Oceanic Nino Index,Climate,-0.01003664804657034,0.0033197676547175314,0.3336663336663337
Oceanic Nino Index,Climate,-0.01003664804657034,-0.013579953797594468,0.3336663336663337
Oceanic Nino Index,Climate,-0.01003664804657034,-0.011793766200562716,0.3336663336663337
Oceanic Nino Index,Climate,-0.01003664804657034,-0.028106471753244877,0.3336663336663337
Oceanic Nino Index,Climate,-0.01003664804657034,-0.00802421310864232,0.3336663336663337
Oceanic Nino Index,Climate,-0.01003664804657034,-0.02008109645386602,0.3336663336663337
Oceanic Nino Index,Climate,-0.01003664804657034,-0.025676333255736816,0.3336663336663337
Oceanic Nino Index,Climate,-0.01003664804657034,-0.012147505875749198,0.3336663336663337
Oceanic Nino Index,Climate,-0.01003664804657034,0.020032132704025263,0.3336663336663337
Oceanic Nino Index,Climate,-0.01003664804657034,-0.013283109804361537,0.3336663336663337
Oceanic Nino Index,Climate,-0.01003664804657034,-0.014409641893447622,0.3336663336663337
Oceanic Nino Index,Climate,-0.01003664804657034,-0.013122989912748517,0.3336663336663337
Oceanic Nino Index,Climate,-0.01003664804657034,2.50961646640957e-4,0.3336663336663337
Oceanic Nino Index,Climate,-0.01003664804657034,-0.026896959210599203,0.3336663336663337
Oceanic Nino Index,Climate,-0.01003664804657034,-0.00785967072714433,0.3336663336663337
Oceanic Nino Index,Climate,-0.01003664804657034,-0.019200742926433145,0.3336663336663337
Oceanic Nino Index,Climate,-0.01003664804657034,-0.0193881613980309,0.3336663336663337
Oceanic Nino Index,Climate,-0.01003664804657034,0.0033056562168690684,0.3336663336663337
Oceanic Nino Index,Climate,-0.01003664804657034,-0.015368073838707641,0.3336663336663337
Oceanic Nino Index,Climate,-0.01003664804657034,0.023140558891070473,0.3336663336663337
Oceanic Nino Index,Climate,-0.01003664804657034,-0.01465420257653749,0.3336663336663337
Oceanic Nino Index,Climate,-0.01003664804657034,-0.02014495113780801,0.3336663336663337
Oceanic Nino Index,Climate,-0.01003664804657034,-0.010734060102293386,0.3336663336663337
Oceanic Nino Index,Climate,-0.01003664804657034,-0.0010944683404949807,0.3336663336663337
Oceanic Nino Index,Climate,-0.01003664804657034,-0.009857849752533232,0.3336663336663337
Oceanic Nino Index,Climate,-0.01003664804657034,-0.006215527232275475,0.3336663336663337
Oceanic Nino Index,Climate,-0.01003664804657034,0.00722722061816905,0.3336663336663337
Oceanic Nino Index,Climate,-0.01003664804657034,-0.021522949189275664,0.3336663336663337
Oceanic Nino Index,Climate,-0.01003664804657034,-0.017236703632361516,0.3336663336663337
Oceanic Nino Index,Climate,-0.01003664804657034,-0.026488870929139097,0.3336663336663337
Oceanic Nino Index,Climate,-0.01003664804657034,-0.0028020930077448103,0.3336663336663337
Oceanic Nino Index,Climate,-0.01003664804657034,-0.03738366795414638,0.3336663336663337
Oceanic Nino Index,Climate,-0.01003664804657034,-0.01632758715182092,0.3336663336663337
Oceanic Nino Index,Climate,-0.01003664804657034,-0.015128574610839829,0.3336663336663337
Oceanic Nino Index,Climate,-0.01003664804657034,-0.02883184057010646,0.3336663336663337
Oceanic Nino Index,Climate,-0.01003664804657034,-0.007686914020160307,0.3336663336663337
Oceanic Nino Index,Climate,-0.01003664804657034,-0.015184606865895622,0.3336663336663337
Oceanic Nino Index,Climate,-0.01003664804657034,-0.023237768514091428,0.3336663336663337
Oceanic Nino Index,Climate,-0.01003664804657034,-0.014757172685290643,0.3336663336663337
Oceanic Nino Index,Climate,-0.01003664804657034,-0.015000005754894463,0.3336663336663337
Oceanic Nino Index,Climate,-0.01003664804657034,0.010396393918616909,0.3336663336663337
Oceanic Nino Index,Climate,-0.01003664804657034,0.03171316812399472,0.3336663336663337
Oceanic Nino Index,Climate,-0.01003664804657034,-0.02036019783967391,0.3336663336663337
Oceanic Nino Index,Climate,-0.01003664804657034,-0.00719247004881951,0.3336663336663337
Oceanic Nino Index,Climate,-0.01003664804657034,-0.005616878289718352,0.3336663336663337
Oceanic Nino Index,Climate,-0.01003664804657034,-0.02497743393339036,0.3336663336663337
Oceanic Nino Index,Climate,-0.01003664804657034,-1.316087884069006e-4,0.3336663336663337
Oceanic Nino Index,Climate,-0.01003664804657034,-0.021522949189275664,0.3336663336663337
Oceanic Nino Index,Climate,-0.01003664804657034,-0.008387036340509635,0.3336663336663337
Oceanic Nino Index,Climate,-0.01003664804657034,-0.012674676483549696,0.3336663336663337
Oceanic Nino Index,Climate,-0.01003664804657034,-0.016474202238971225,0.3336663336663337
Oceanic Nino Index,Climate,-0.01003664804657034,-0.02683075414881575,0.3336663336663337
Oceanic Nino Index,Climate,-0.01003664804657034,-0.004627920774474159,0.3336663336663337
Oceanic Nino Index,Climate,-0.01003664804657034,-0.028494990775723705,0.3336663336663337
Oceanic Nino Index,Climate,-0.01003664804657034,0.0582481506027932,0.3336663336663337
Oceanic Nino Index,Climate,-0.01003664804657034,-0.015963879398385394,0.3336663336663337
Oceanic Nino Index,Climate,-0.01003664804657034,-0.014859241030960701,0.3336663336663337
Oceanic Nino Index,Climate,-0.01003664804657034,-0.03401818226305653,0.3336663336663337
Oceanic Nino Index,Climate,-0.01003664804657034,-0.013827743733688447,0.3336663336663337
Oceanic Nino Index,Climate,-0.01003664804657034,-0.017818242950036423,0.3336663336663337
Oceanic Nino Index,Climate,-0.01003664804657034,-0.018009143971879693,0.3336663336663337
Oceanic Nino Index,Climate,-0.01003664804657034,-0.01641719224316951,0.3336663336663337
Oceanic Nino Index,Climate,-0.01003664804657034,-0.0010013191073576788,0.3336663336663337
Oceanic Nino Index,Climate,-0.01003664804657034,-0.004055763643726618,0.3336663336663337
Oceanic Nino Index,Climate,-0.01003664804657034,-9.362596160817915e-4,0.3336663336663337
Oceanic Nino Index,Climate,-0.01003664804657034,-0.006710917772793756,0.3336663336663337
Oceanic Nino Index,Climate,-0.01003664804657034,-0.03692740899796387,0.3336663336663337
Oceanic Nino Index,Climate,-0.01003664804657034,-0.005214733928053716,0.3336663336663337
Oceanic Nino Index,Climate,-0.01003664804657034,-0.003232554430731227,0.3336663336663337
Oceanic Nino Index,Climate,-0.01003664804657034,5.407620812710734e-4,0.3336663336663337
Oceanic Nino Index,Climate,-0.01003664804657034,-0.015128574610839829,0.3336663336663337
Oceanic Nino Index,Climate,-0.01003664804657034,-0.014542909773768375,0.3336663336663337
Oceanic Nino Index,Climate,-0.01003664804657034,-0.019277138487027612,0.3336663336663337
Oceanic Nino Index,Climate,-0.01003664804657034,-0.0292656209313642,0.3336663336663337
Oceanic Nino Index,Climate,-0.01003664804657034,-0.022628772399091668,0.3336663336663337
Oceanic Nino Index,Climate,-0.01003664804657034,-0.010425767808542208,0.3336663336663337
Oceanic Nino Index,Climate,-0.01003664804657034,0.003212270403010531,0.3336663336663337
Oceanic Nino Index,Climate,-0.01003664804657034,-0.01940674905551365,0.3336663336663337
Oceanic Nino Index,Climate,-0.01003664804657034,-0.016180565940227876,0.3336663336663337
Oceanic Nino Index,Climate,-0.01003664804657034,-0.01666969186366396,0.3336663336663337
Oceanic Nino Index,Climate,-0.01003664804657034,-0.01995353575138359,0.3336663336663337
Oceanic Nino Index,Climate,-0.01003664804657034,-0.024996413702598863,0.3336663336663337
Oceanic Nino Index,Climate,-0.01003664804657034,-0.0404416500343272,0.3336663336663337
Oceanic Nino Index,Climate,-0.01003664804657034,-0.006735586002280858,0.3336663336663337
Oceanic Nino Index,Climate,-0.01003664804657034,-0.011104679117685201,0.3336663336663337
Oceanic Nino Index,Climate,-0.01003664804657034,-0.0043130918225018355,0.3336663336663337
Oceanic Nino Index,Climate,-0.01003664804657034,-0.011022107225371558,0.3336663336663337
Oceanic Nino Index,Climate,-0.01003664804657034,-0.011022107225371558,0.3336663336663337
Oceanic Nino Index,Climate,-0.01003664804657034,-0.003425826348446792,0.3336663336663337
Oceanic Nino Index,Climate,-0.01003664804657034,-0.0028758260393413337,0.3336663336663337
Oceanic Nino Index,Climate,-0.01003664804657034,-0.019510814047609015,0.3336663336663337
Oceanic Nino Index,Climate,-0.01003664804657034,-0.05881789815245164,0.3336663336663337
Oceanic Nino Index,Climate,-0.01003664804657034,-0.013679674595582503,0.3336663336663337
Oceanic Nino Index,Climate,-0.01003664804657034,-0.022442626956873157,0.3336663336663337
Oceanic Nino Index,Climate,-0.01003664804657034,0.013795322876348881,0.3336663336663337
Oceanic Nino Index,Climate,-0.01003664804657034,0.0027182891169391654,0.3336663336663337
Oceanic Nino Index,Climate,-0.01003664804657034,0.020032132704025263,0.3336663336663337
Oceanic Nino Index,Climate,-0.01003664804657034,-0.013383189742866675,0.3336663336663337
Oceanic Nino Index,Climate,-0.01003664804657034,0.021766211669710045,0.3336663336663337
Oceanic Nino Index,Climate,-0.01003664804657034,-0.006735586002280858,0.3336663336663337
Oceanic Nino Index,Climate,-0.01003664804657034,-0.02370626329997716,0.3336663336663337
Oceanic Nino Index,Climate,-0.01003664804657034,-0.0037155652121372285,0.3336663336663337
Oceanic Nino Index,Climate,-0.01003664804657034,-0.05881789815245164,0.3336663336663337
Oceanic Nino Index,Climate,-0.01003664804657034,-0.007055194742815685,0.3336663336663337
Oceanic Nino Index,Climate,-0.01003664804657034,-0.0212153074157988,0.3336663336663337
Oceanic Nino Index,Climate,-0.01003664804657034,0.02632346390867535,0.3336663336663337
Oceanic Nino Index,Climate,-0.01003664804657034,0.017407486340919043,0.3336663336663337
Oceanic Nino Index,Climate,-0.01003664804657034,-0.02673495820291527,0.3336663336663337
Oceanic Nino Index,Climate,-0.01003664804657034,0.05281600836668121,0.3336663336663337
Oceanic Nino Index,Climate,-0.01003664804657034,-0.013971383641873558,0.3336663336663337
Oceanic Nino Index,Climate,-0.01003664804657034,0.012197652971838724,0.3336663336663337
Oceanic Nino Index,Climate,-0.01003664804657034,-0.02055914437205897,0.3336663336663337
Oceanic Nino Index,Climate,-0.01003664804657034,-0.02785886127419057,0.3336663336663337
Oceanic Nino Index,Climate,-0.01003664804657034,0.019488732637621187,0.3336663336663337
Oceanic Nino Index,Climate,-0.01003664804657034,0.007506224382680893,0.3336663336663337
Oceanic Nino Index,Climate,-0.01003664804657034,-0.009061961920080908,0.3336663336663337
Oceanic Nino Index,Climate,-0.01003664804657034,-0.0330951316872401,0.3336663336663337
Oceanic Nino Index,Climate,-0.01003664804657034,-0.025787991375366692,0.3336663336663337
Oceanic Nino Index,Climate,-0.01003664804657034,-0.016911073690684564,0.3336663336663337
Oceanic Nino Index,Climate,-0.01003664804657034,0.0042072365572694,0.3336663336663337
Oceanic Nino Index,Climate,-0.01003664804657034,-0.017438235041883354,0.3336663336663337
Oceanic Nino Index,Climate,-0.01003664804657034,-0.018138258010912844,0.3336663336663337
Oceanic Nino Index,Climate,-0.01003664804657034,-0.015961598927748843,0.3336663336663337
Oceanic Nino Index,Climate,-0.01003664804657034,0.05911601810069689,0.3336663336663337
Oceanic Nino Index,Climate,-0.01003664804657034,-0.004750474249347825,0.3336663336663337
Oceanic Nino Index,Climate,-0.01003664804657034,-0.017781588135210358,0.3336663336663337
Oceanic Nino Index,Climate,-0.01003664804657034,-0.025676333255736816,0.3336663336663337
Oceanic Nino Index,Climate,-0.01003664804657034,-0.016176034207896928,0.3336663336663337
Oceanic Nino Index,Climate,-0.01003664804657034,-0.02883184057010646,0.3336663336663337
Oceanic Nino Index,Climate,-0.01003664804657034,0.020032132704025263,0.3336663336663337
Oceanic Nino Index,Climate,-0.01003664804657034,-0.007765913665863433,0.3336663336663337
Oceanic Nino Index,Climate,-0.01003664804657034,0.027724896717664982,0.3336663336663337
Oceanic Nino Index,Climate,-0.01003664804657034,-0.012328937730884393,0.3336663336663337
Oceanic Nino Index,Climate,-0.01003664804657034,0.023175503140013376,0.3336663336663337
Oceanic Nino Index,Climate,-0.01003664804657034,-0.01286040378004727,0.3336663336663337
Oceanic Nino Index,Climate,-0.01003664804657034,-0.02942670595715824,0.3336663336663337
Oceanic Nino Index,Climate,-0.01003664804657034,-0.011668624605092326,0.3336663336663337
Oceanic Nino Index,Climate,-0.01003664804657034,-0.02743458369007068,0.3336663336663337
Oceanic Nino Index,Climate,-0.01003664804657034,-0.01126907159297863,0.3336663336663337
Oceanic Nino Index,Climate,-0.01003664804657034,-0.006131685800908171,0.3336663336663337
Oceanic Nino Index,Climate,-0.01003664804657034,-0.023238614953992265,0.3336663336663337
Oceanic Nino Index,Climate,-0.01003664804657034,-0.0151198454763386,0.3336663336663337
Oceanic Nino Index,Climate,-0.01003664804657034,-0.020109212446729252,0.3336663336663337
Oceanic Nino Index,Climate,-0.01003664804657034,-0.009544059190794929,0.3336663336663337
Oceanic Nino Index,Climate,-0.01003664804657034,-0.016662272882923546,0.3336663336663337
Oceanic Nino Index,Climate,-0.01003664804657034,-0.015488291169002188,0.3336663336663337
Oceanic Nino Index,Climate,-0.01003664804657034,-0.013303592396532338,0.3336663336663337
Oceanic Nino Index,Climate,-0.01003664804657034,-0.03318651635285996,0.3336663336663337
Oceanic Nino Index,Climate,-0.01003664804657034,0.04287458999596261,0.3336663336663337
Oceanic Nino Index,Climate,-0.01003664804657034,-0.02008109645386602,0.3336663336663337
Oceanic Nino Index,Climate,-0.01003664804657034,-0.013013433058299162,0.3336663336663337
Oceanic Nino Index,Climate,-0.01003664804657034,0.03629200098672547,0.3336663336663337
Oceanic Nino Index,Climate,-0.01003664804657034,-0.04162830660689787,0.3336663336663337
Oceanic Nino Index,Climate,-0.01003664804657034,-0.038960289934107495,0.3336663336663337
Oceanic Nino Index,Climate,-0.01003664804657034,-0.007095198590912455,0.3336663336663337
Oceanic Nino Index,Climate,-0.01003664804657034,-0.01677883877923647,0.3336663336663337
Oceanic Nino Index,Climate,-0.01003664804657034,0.016369222589916577,0.3336663336663337
Oceanic Nino Index,Climate,-0.01003664804657034,-0.02007660006545997,0.3336663336663337
Oceanic Nino Index,Climate,-0.01003664804657034,-0.02743458369007068,0.3336663336663337
Oceanic Nino Index,Climate,-0.01003664804657034,0.014312593083042557,0.3336663336663337
Oceanic Nino Index,Climate,-0.01003664804657034,-0.00904127642719521,0.3336663336663337
Oceanic Nino Index,Climate,-0.01003664804657034,-0.02483217627497214,0.3336663336663337
Oceanic Nino Index,Climate,-0.01003664804657034,-0.01986511966575999,0.3336663336663337
Oceanic Nino Index,Climate,-0.01003664804657034,-0.015693672832069572,0.3336663336663337
Oceanic Nino Index,Climate,-0.01003664804657034,-0.04272011877236559,0.3336663336663337
Oceanic Nino Index,Climate,-0.01003664804657034,-0.00454683743544515,0.3336663336663337
Oceanic Nino Index,Climate,-0.01003664804657034,-0.011493516559279993,0.3336663336663337
Oceanic Nino Index,Climate,-0.01003664804657034,-0.016793465001971652,0.3336663336663337
Oceanic Nino Index,Climate,-0.01003664804657034,-0.03417436029160581,0.3336663336663337
Oceanic Nino Index,Climate,-0.01003664804657034,-0.006215527232275475,0.3336663336663337
Oceanic Nino Index,Climate,-0.01003664804657034,-0.009383054374881183,0.3336663336663337
Oceanic Nino Index,Climate,-0.01003664804657034,-0.018638096395400927,0.3336663336663337
Oceanic Nino Index,Climate,-0.01003664804657034,-0.009641615134547754,0.3336663336663337
Oceanic Nino Index,Climate,-0.01003664804657034,-0.0026079149874027596,0.3336663336663337
Oceanic Nino Index,Climate,-0.01003664804657034,-0.02370626329997716,0.3336663336663337
Oceanic Nino Index,Climate,-0.01003664804657034,0.03629200098672547,0.3336663336663337
Oceanic Nino Index,Climate,-0.01003664804657034,-0.024926024681411363,0.3336663336663337
Oceanic Nino Index,Climate,-0.01003664804657034,-0.02816829884965588,0.3336663336663337
Oceanic Nino Index,Climate,-0.01003664804657034,-0.009581419200517471,0.3336663336663337
Oceanic Nino Index,Climate,-0.01003664804657034,0.03629200098672547,0.3336663336663337
Oceanic Nino Index,Climate,-0.01003664804657034,-0.03955595179286009,0.3336663336663337
Oceanic Nino Index,Climate,-0.01003664804657034,0.004051813182832875,0.3336663336663337
Oceanic Nino Index,Climate,-0.01003664804657034,-0.01598436162400385,0.3336663336663337
Oceanic Nino Index,Climate,-0.01003664804657034,-0.018591910950037427,0.3336663336663337
Oceanic Nino Index,Climate,-0.01003664804657034,-0.008593367357626613,0.3336663336663337
Oceanic Nino Index,Climate,-0.01003664804657034,-0.035811589562321444,0.3336663336663337
Oceanic Nino Index,Climate,-0.01003664804657034,-0.019868244139634283,0.3336663336663337
Oceanic Nino Index,Climate,-0.01003664804657034,-0.03221364641763169,0.3336663336663337
Oceanic Nino Index,Climate,-0.01003664804657034,-0.03365747375820982,0.3336663336663337
Oceanic Nino Index,Climate,-0.01003664804657034,-0.04196960240849945,0.3336663336663337
Oceanic Nino Index,Climate,-0.01003664804657034,-0.032912749962277,0.3336663336663337
Oceanic Nino Index,Climate,-0.01003664804657034,-0.015783353113061338,0.3336663336663337
Oceanic Nino Index,Climate,-0.01003664804657034,-0.027840220236108326,0.3336663336663337
Oceanic Nino Index,Climate,-0.01003664804657034,-0.021937002777971282,0.3336663336663337
Oceanic Nino Index,Climate,-0.01003664804657034,-0.04834092938371515,0.3336663336663337
Oceanic Nino Index,Climate,-0.01003664804657034,-0.03781645205953388,0.3336663336663337
Oceanic Nino Index,Climate,-0.01003664804657034,-0.022986098622541862,0.3336663336663337
Oceanic Nino Index,Climate,-0.01003664804657034,-0.0035225404834700047,0.3336663336663337
Oceanic Nino Index,Climate,-0.01003664804657034,0.021766211669710045,0.3336663336663337
Oceanic Nino Index,Climate,-0.01003664804657034,-0.03348550905337633,0.3336663336663337
Oceanic Nino Index,Climate,-0.01003664804657034,-3.979369236204455e-4,0.3336663336663337
Oceanic Nino Index,Climate,-0.01003664804657034,-0.009583511396878963,0.3336663336663337
Oceanic Nino Index,Climate,-0.01003664804657034,-0.013447868337167046,0.3336663336663337
Oceanic Nino Index,Climate,-0.01003664804657034,-0.013971383641873558,0.3336663336663337
Oceanic Nino Index,Climate,-0.01003664804657034,-0.020604953031213347,0.3336663336663337
Oceanic Nino Index,Climate,-0.01003664804657034,-0.013045620293687055,0.3336663336663337
Oceanic Nino Index,Climate,-0.01003664804657034,-0.04393649076771311,0.3336663336663337
Oceanic Nino Index,Climate,-0.01003664804657034,-0.010734135842125792,0.3336663336663337
Oceanic Nino Index,Climate,-0.01003664804657034,0.010139872095863756,0.3336663336663337
Oceanic Nino Index,Climate,-0.01003664804657034,0.008180084541118182,0.3336663336663337
Oceanic Nino Index,Climate,-0.01003664804657034,-0.0230439213417033,0.3336663336663337
Oceanic Nino Index,Climate,-0.01003664804657034,0.030970581707052025,0.3336663336663337
Oceanic Nino Index,Climate,-0.01003664804657034,-0.03516539383828876,0.3336663336663337
Oceanic Nino Index,Climate,-0.01003664804657034,-0.018138258010912844,0.3336663336663337
Oceanic Nino Index,Climate,-0.01003664804657034,-0.022018915432177044,0.3336663336663337
Oceanic Nino Index,Climate,-0.01003664804657034,-0.0160127242654029,0.3336663336663337
Oceanic Nino Index,Climate,-0.01003664804657034,-0.01126907159297863,0.3336663336663337
Oceanic Nino Index,Climate,-0.01003664804657034,-0.019384704015229737,0.3336663336663337
Oceanic Nino Index,Climate,-0.01003664804657034,-1.8282659277613078e-6,0.3336663336663337
Oceanic Nino Index,Climate,-0.01003664804657034,0.00125814043474759,0.3336663336663337
Oceanic Nino Index,Climate,-0.01003664804657034,-0.015004647951613714,0.3336663336663337
Oceanic Nino Index,Climate,-0.01003664804657034,-0.018680106154878473,0.3336663336663337
Oceanic Nino Index,Climate,-0.01003664804657034,0.003212270403010531,0.3336663336663337
Oceanic Nino Index,Climate,-0.01003664804657034,-0.029836924294238232,0.3336663336663337
Oceanic Nino Index,Climate,-0.01003664804657034,-0.025676333255736816,0.3336663336663337
Oceanic Nino Index,Climate,-0.01003664804657034,-0.006160030184006793,0.3336663336663337
Oceanic Nino Index,Climate,-0.01003664804657034,-0.01874933013604818,0.3336663336663337
Oceanic Nino Index,Climate,-0.01003664804657034,-0.012130419886978938,0.3336663336663337
Oceanic Nino Index,Climate,-0.01003664804657034,-0.011517502156700665,0.3336663336663337
Oceanic Nino Index,Climate,-0.01003664804657034,-0.01261759248956773,0.3336663336663337
Oceanic Nino Index,Climate,-0.01003664804657034,-0.020552049862336608,0.3336663336663337
Oceanic Nino Index,Climate,-0.01003664804657034,-0.0029510674734112285,0.3336663336663337
Oceanic Nino Index,Climate,-0.01003664804657034,-0.004627920774474159,0.3336663336663337
Oceanic Nino Index,Climate,-0.01003664804657034,-0.05881789815245164,0.3336663336663337
Oceanic Nino Index,Climate,-0.01003664804657034,-0.019872531101183588,0.3336663336663337
Oceanic Nino Index,Climate,-0.01003664804657034,-0.02808666414096539,0.3336663336663337
Oceanic Nino Index,Climate,-0.01003664804657034,-0.013173648623469925,0.3336663336663337
Oceanic Nino Index,Climate,-0.01003664804657034,-0.01605952531475152,0.3336663336663337
Oceanic Nino Index,Climate,-0.01003664804657034,-0.015386528538628541,0.3336663336663337
Oceanic Nino Index,Climate,-0.01003664804657034,-0.005053422920672901,0.3336663336663337
Oceanic Nino Index,Climate,-0.01003664804657034,-0.014991060286418723,0.3336663336663337
Oceanic Nino Index,Climate,-0.01003664804657034,-0.020182454215754042,0.3336663336663337
Oceanic Nino Index,Climate,-0.01003664804657034,-0.007892214238994999,0.3336663336663337
Oceanic Nino Index,Climate,-0.01003664804657034,0.006578124216522041,0.3336663336663337
Oceanic Nino Index,Climate,-0.01003664804657034,-0.01338596327014252,0.3336663336663337
Oceanic Nino Index,Climate,-0.01003664804657034,-0.011275205874125671,0.3336663336663337
Oceanic Nino Index,Climate,-0.01003664804657034,2.3553405036147446e-4,0.3336663336663337
Oceanic Nino Index,Climate,-0.01003664804657034,0.020032132704025263,0.3336663336663337
Oceanic Nino Index,Climate,-0.01003664804657034,-0.01632758715182092,0.3336663336663337
Oceanic Nino Index,Climate,-0.01003664804657034,0.0031063121897312307,0.3336663336663337
Oceanic Nino Index,Climate,-0.01003664804657034,-0.04005762549634895,0.3336663336663337
Oceanic Nino Index,Climate,-0.01003664804657034,-0.013971383641873558,0.3336663336663337
Oceanic Nino Index,Climate,-0.01003664804657034,-0.0013843945156457593,0.3336663336663337
Oceanic Nino Index,Climate,-0.01003664804657034,-0.015386528538628541,0.3336663336663337
Oceanic Nino Index,Climate,-0.01003664804657034,-0.021950575502093894,0.3336663336663337
Oceanic Nino Index,Climate,-0.01003664804657034,0.0031063121897312307,0.3336663336663337
Oceanic Nino Index,Climate,-0.01003664804657034,-0.02338549118899369,0.3336663336663337
Oceanic Nino Index,Climate,-0.01003664804657034,-0.011104679117685201,0.3336663336663337
Pacific Decadal Oscillation,Climate,-0.017339658789440993,-0.028971498691405584,0.6323676323676324
Pacific Decadal Oscillation,Climate,-0.017339658789440993,-0.015503388469002344,0.6323676323676324
Pacific Decadal Oscillation,Climate,-0.017339658789440993,0.002031498698374934,0.6323676323676324
Pacific Decadal Oscillation,Climate,-0.017339658789440993,-0.028001804321854395,0.6323676323676324
Pacific Decadal Oscillation,Climate,-0.017339658789440993,0.0060163435155493605,0.6323676323676324
Pacific Decadal Oscillation,Climate,-0.017339658789440993,-0.0011066516826521156,0.6323676323676324
Pacific Decadal Oscillation,Climate,-0.017339658789440993,0.05405448082223818,0.6323676323676324
Pacific Decadal Oscillation,Climate,-0.017339658789440993,-0.09422973135855184,0.6323676323676324
Pacific Decadal Oscillation,Climate,-0.017339658789440993,-0.010021406940927458,0.6323676323676324
Pacific Decadal Oscillation,Climate,-0.017339658789440993,-0.04322828759485775,0.6323676323676324
Pacific Decadal Oscillation,Climate,-0.017339658789440993,-0.004568161838573115,0.6323676323676324
Pacific Decadal Oscillation,Climate,-0.017339658789440993,-0.012402092171648116,0.6323676323676324
Pacific Decadal Oscillation,Climate,-0.017339658789440993,-0.011769401318533657,0.6323676323676324
Pacific Decadal Oscillation,Climate,-0.017339658789440993,-0.02003101618224079,0.6323676323676324
Pacific Decadal Oscillation,Climate,-0.017339658789440993,0.05541857276959583,0.6323676323676324
Pacific Decadal Oscillation,Climate,-0.017339658789440993,-0.007612242456532803,0.6323676323676324
Pacific Decadal Oscillation,Climate,-0.017339658789440993,-0.012174916397655666,0.6323676323676324
Pacific Decadal Oscillation,Climate,-0.017339658789440993,-0.005549560584206414,0.6323676323676324
Pacific Decadal Oscillation,Climate,-0.017339658789440993,-0.005444492335897166,0.6323676323676324
Pacific Decadal Oscillation,Climate,-0.017339658789440993,-0.016399139937595564,0.6323676323676324
Pacific Decadal Oscillation,Climate,-0.017339658789440993,-0.016784643358271456,0.6323676323676324
Pacific Decadal Oscillation,Climate,-0.017339658789440993,0.02405329247886523,0.6323676323676324
Pacific Decadal Oscillation,Climate,-0.017339658789440993,0.027628323420635148,0.6323676323676324
Pacific Decadal Oscillation,Climate,-0.017339658789440993,-0.015227050392528252,0.6323676323676324
Pacific Decadal Oscillation,Climate,-0.017339658789440993,-0.06479491933527282,0.6323676323676324
Pacific Decadal Oscillation,Climate,-0.017339658789440993,0.007881754487965797,0.6323676323676324
Pacific Decadal Oscillation,Climate,-0.017339658789440993,-0.03150178800226344,0.6323676323676324
Pacific Decadal Oscillation,Climate,-0.017339658789440993,-0.018055411084436868,0.6323676323676324
Pacific Decadal Oscillation,Climate,-0.017339658789440993,0.0273983069323388,0.6323676323676324
Pacific Decadal Oscillation,Climate,-0.017339658789440993,-0.03212889448104672,0.6323676323676324
Pacific Decadal Oscillation,Climate,-0.017339658789440993,-0.03813901551578436,0.6323676323676324
Pacific Decadal Oscillation,Climate,-0.017339658789440993,1.667520682306911e-4,0.6323676323676324
Pacific Decadal Oscillation,Climate,-0.017339658789440993,-0.00454135077770812,0.6323676323676324
Pacific Decadal Oscillation,Climate,-0.017339658789440993,-0.019576510012385917,0.6323676323676324
Pacific Decadal Oscillation,Climate,-0.017339658789440993,-0.015569023503992474,0.6323676323676324
Pacific Decadal Oscillation,Climate,-0.017339658789440993,-0.04974450254295215,0.6323676323676324
Pacific Decadal Oscillation,Climate,-0.017339658789440993,-0.021065448378091656,0.6323676323676324
Pacific Decadal Oscillation,Climate,-0.017339658789440993,-0.017266160333516467,0.6323676323676324
Pacific Decadal Oscillation,Climate,-0.017339658789440993,-0.0012341425135704576,0.6323676323676324
Pacific Decadal Oscillation,Climate,-0.017339658789440993,-0.017465541134432883,0.6323676323676324
Pacific Decadal Oscillation,Climate,-0.017339658789440993,-0.007117855078168311,0.6323676323676324
Pacific Decadal Oscillation,Climate,-0.017339658789440993,-0.01684045127474576,0.6323676323676324
Pacific Decadal Oscillation,Climate,-0.017339658789440993,-0.008215868676925586,0.6323676323676324
Pacific Decadal Oscillation,Climate,-0.017339658789440993,-0.023304544119069792,0.6323676323676324
Pacific Decadal Oscillation,Climate,-0.017339658789440993,-0.01926773357984657,0.6323676323676324
Pacific Decadal Oscillation,Climate,-0.017339658789440993,-0.05459169841263778,0.6323676323676324
Pacific Decadal Oscillation,Climate,-0.017339658789440993,-0.022442896619196073,0.6323676323676324
Pacific Decadal Oscillation,Climate,-0.017339658789440993,-0.0012165653686817546,0.6323676323676324
Pacific Decadal Oscillation,Climate,-0.017339658789440993,-0.013389256908006963,0.6323676323676324
Pacific Decadal Oscillation,Climate,-0.017339658789440993,-0.04341938745420992,0.6323676323676324
Pacific Decadal Oscillation,Climate,-0.017339658789440993,-0.01642279605933883,0.6323676323676324
Pacific Decadal Oscillation,Climate,-0.017339658789440993,-0.014449873597742968,0.6323676323676324
Pacific Decadal Oscillation,Climate,-0.017339658789440993,0.02972966968026347,0.6323676323676324
Pacific Decadal Oscillation,Climate,-0.017339658789440993,-0.016308412625866353,0.6323676323676324
Pacific Decadal Oscillation,Climate,-0.017339658789440993,-0.01623939114787354,0.6323676323676324
Pacific Decadal Oscillation,Climate,-0.017339658789440993,-0.025222492585579515,0.6323676323676324
Pacific Decadal Oscillation,Climate,-0.017339658789440993,-0.012283633800187932,0.6323676323676324
Pacific Decadal Oscillation,Climate,-0.017339658789440993,0.02995025445972621,0.6323676323676324
Pacific Decadal Oscillation,Climate,-0.017339658789440993,-0.021998517117848948,0.6323676323676324
Pacific Decadal Oscillation,Climate,-0.017339658789440993,-0.023184112774935706,0.6323676323676324
Pacific Decadal Oscillation,Climate,-0.017339658789440993,0.013413421620376065,0.6323676323676324
Pacific Decadal Oscillation,Climate,-0.017339658789440993,-0.021513490148150405,0.6323676323676324
Pacific Decadal Oscillation,Climate,-0.017339658789440993,-0.02634757360536155,0.6323676323676324
Pacific Decadal Oscillation,Climate,-0.017339658789440993,0.025835496941009728,0.6323676323676324
Pacific Decadal Oscillation,Climate,-0.017339658789440993,-0.012259712960113855,0.6323676323676324
Pacific Decadal Oscillation,Climate,-0.017339658789440993,-0.030370886428192412,0.6323676323676324
Pacific Decadal Oscillation,Climate,-0.017339658789440993,0.08684394571942744,0.6323676323676324
Pacific Decadal Oscillation,Climate,-0.017339658789440993,-0.017097273983193606,0.6323676323676324
Pacific Decadal Oscillation,Climate,-0.017339658789440993,-0.014169251661130255,0.6323676323676324
Pacific Decadal Oscillation,Climate,-0.017339658789440993,-0.020295496459731055,0.6323676323676324
Pacific Decadal Oscillation,Climate,-0.017339658789440993,-0.020960334652128543,0.6323676323676324
Pacific Decadal Oscillation,Climate,-0.017339658789440993,0.004722722244604904,0.6323676323676324
Pacific Decadal Oscillation,Climate,-0.017339658789440993,-0.008131439751161151,0.6323676323676324
Pacific Decadal Oscillation,Climate,-0.017339658789440993,-0.053401758752295025,0.6323676323676324
Pacific Decadal Oscillation,Climate,-0.017339658789440993,-0.11960666112874474,0.6323676323676324
Pacific Decadal Oscillation,Climate,-0.017339658789440993,-0.027456856597347867,0.6323676323676324
Pacific Decadal Oscillation,Climate,-0.017339658789440993,-0.01375242501757512,0.6323676323676324
Pacific Decadal Oscillation,Climate,-0.017339658789440993,-0.028321735271119808,0.6323676323676324
Pacific Decadal Oscillation,Climate,-0.017339658789440993,-0.018879526221882603,0.6323676323676324
Pacific Decadal Oscillation,Climate,-0.017339658789440993,-0.013596090742714173,0.6323676323676324
Pacific Decadal Oscillation,Climate,-0.017339658789440993,-0.00803485545658389,0.6323676323676324
Pacific Decadal Oscillation,Climate,-0.017339658789440993,-0.004937611369179029,0.6323676323676324
Pacific Decadal Oscillation,Climate,-0.017339658789440993,-0.035142455018516205,0.6323676323676324
Pacific Decadal Oscillation,Climate,-0.017339658789440993,-0.009246387108547527,0.6323676323676324
Pacific Decadal Oscillation,Climate,-0.017339658789440993,-0.024363662185263424,0.6323676323676324
Pacific Decadal Oscillation,Climate,-0.017339658789440993,-0.02472899435787479,0.6323676323676324
Pacific Decadal Oscillation,Climate,-0.017339658789440993,-0.0042642417716869385,0.6323676323676324
Pacific Decadal Oscillation,Climate,-0.017339658789440993,-0.010811258801791013,0.6323676323676324
Pacific Decadal Oscillation,Climate,-0.017339658789440993,0.017759453440283957,0.6323676323676324
Pacific Decadal Oscillation,Climate,-0.017339658789440993,0.016642766683203303,0.6323676323676324
Pacific Decadal Oscillation,Climate,-0.017339658789440993,-0.007079507252477857,0.6323676323676324
Pacific Decadal Oscillation,Climate,-0.017339658789440993,-0.016999330150862857,0.6323676323676324
Pacific Decadal Oscillation,Climate,-0.017339658789440993,-0.012931985651966738,0.6323676323676324
Pacific Decadal Oscillation,Climate,-0.017339658789440993,-0.021177431190363638,0.6323676323676324
Pacific Decadal Oscillation,Climate,-0.017339658789440993,0.009476415924583037,0.6323676323676324
Pacific Decadal Oscillation,Climate,-0.017339658789440993,-0.04322828759485775,0.6323676323676324
Pacific Decadal Oscillation,Climate,-0.017339658789440993,-0.022002311762140403,0.6323676323676324
Pacific Decadal Oscillation,Climate,-0.017339658789440993,-0.016210985593271054,0.6323676323676324
Pacific Decadal Oscillation,Climate,-0.017339658789440993,-0.00243373454523943,0.6323676323676324
Pacific Decadal Oscillation,Climate,-0.017339658789440993,-0.013960548275310902,0.6323676323676324
Pacific Decadal Oscillation,Climate,-0.017339658789440993,-0.008685306078465072,0.6323676323676324
Pacific Decadal Oscillation,Climate,-0.017339658789440993,0.018797504117208264,0.6323676323676324
Pacific Decadal Oscillation,Climate,-0.017339658789440993,-0.012422726260851391,0.6323676323676324
Pacific Decadal Oscillation,Climate,-0.017339658789440993,-0.014166847091943602,0.6323676323676324
Pacific Decadal Oscillation,Climate,-0.017339658789440993,-0.04848240474115406,0.6323676323676324
Pacific Decadal Oscillation,Climate,-0.017339658789440993,-0.01669561576329759,0.6323676323676324
Pacific Decadal Oscillation,Climate,-0.017339658789440993,0.02387821879535934,0.6323676323676324
Pacific Decadal Oscillation,Climate,-0.017339658789440993,0.005217729297267049,0.6323676323676324
Pacific Decadal Oscillation,Climate,-0.017339658789440993,0.02405329247886523,0.6323676323676324
Pacific Decadal Oscillation,Climate,-0.017339658789440993,-0.012384248299277312,0.6323676323676324
Pacific Decadal Oscillation,Climate,-0.017339658789440993,-0.020691949517443797,0.6323676323676324
Pacific Decadal Oscillation,Climate,-0.017339658789440993,-0.015641949955965684,0.6323676323676324
Pacific Decadal Oscillation,Climate,-0.017339658789440993,-0.012402092171648116,0.6323676323676324
Pacific Decadal Oscillation,Climate,-0.017339658789440993,-0.016754446238192555,0.6323676323676324
Pacific Decadal Oscillation,Climate,-0.017339658789440993,-0.0030518651376914008,0.6323676323676324
Pacific Decadal Oscillation,Climate,-0.017339658789440993,-0.0428219453223726,0.6323676323676324
Pacific Decadal Oscillation,Climate,-0.017339658789440993,-0.025257860818122202,0.6323676323676324
Pacific Decadal Oscillation,Climate,-0.017339658789440993,-0.009014460692410298,0.6323676323676324
Pacific Decadal Oscillation,Climate,-0.017339658789440993,-0.03808068897994543,0.6323676323676324
Pacific Decadal Oscillation,Climate,-0.017339658789440993,-0.02055525147395576,0.6323676323676324
Pacific Decadal Oscillation,Climate,-0.017339658789440993,-0.015218097688961763,0.6323676323676324
Pacific Decadal Oscillation,Climate,-0.017339658789440993,-0.005444492335897166,0.6323676323676324
Pacific Decadal Oscillation,Climate,-0.017339658789440993,-0.0042642417716869385,0.6323676323676324
Pacific Decadal Oscillation,Climate,-0.017339658789440993,0.01849456151929696,0.6323676323676324
Pacific Decadal Oscillation,Climate,-0.017339658789440993,-0.01107631073589932,0.6323676323676324
Pacific Decadal Oscillation,Climate,-0.017339658789440993,-0.017339658789440993,0.6323676323676324
Pacific Decadal Oscillation,Climate,-0.017339658789440993,-0.015145985830639086,0.6323676323676324
Pacific Decadal Oscillation,Climate,-0.017339658789440993,0.002742199146412272,0.6323676323676324
Pacific Decadal Oscillation,Climate,-0.017339658789440993,-0.02969439483552061,0.6323676323676324
Pacific Decadal Oscillation,Climate,-0.017339658789440993,-0.02061432090991211,0.6323676323676324
Pacific Decadal Oscillation,Climate,-0.017339658789440993,-0.02707717264122733,0.6323676323676324
Pacific Decadal Oscillation,Climate,-0.017339658789440993,-0.007645691864384796,0.6323676323676324
Pacific Decadal Oscillation,Climate,-0.017339658789440993,-0.017029678553270866,0.6323676323676324
Pacific Decadal Oscillation,Climate,-0.017339658789440993,-0.038759000455307335,0.6323676323676324
Pacific Decadal Oscillation,Climate,-0.017339658789440993,-0.014321388147785497,0.6323676323676324
Pacific Decadal Oscillation,Climate,-0.017339658789440993,0.005415636990172112,0.6323676323676324
Pacific Decadal Oscillation,Climate,-0.017339658789440993,-3.7062713596247576e-4,0.6323676323676324
Pacific Decadal Oscillation,Climate,-0.017339658789440993,-0.01384862209531823,0.6323676323676324
Pacific Decadal Oscillation,Climate,-0.017339658789440993,-0.015615206674036708,0.6323676323676324
Pacific Decadal Oscillation,Climate,-0.017339658789440993,-0.022515737914296396,0.6323676323676324
Pacific Decadal Oscillation,Climate,-0.017339658789440993,-0.028001804321854395,0.6323676323676324
Pacific Decadal Oscillation,Climate,-0.017339658789440993,-0.012375258087375496,0.6323676323676324
Pacific Decadal Oscillation,Climate,-0.017339658789440993,-0.022844532377118476,0.6323676323676324
Pacific Decadal Oscillation,Climate,-0.017339658789440993,-0.005700286432603896,0.6323676323676324
Pacific Decadal Oscillation,Climate,-0.017339658789440993,-0.00914878608904468,0.6323676323676324
Pacific Decadal Oscillation,Climate,-0.017339658789440993,0.016300342646589416,0.6323676323676324
Pacific Decadal Oscillation,Climate,-0.017339658789440993,-0.013261788354603787,0.6323676323676324
Pacific Decadal Oscillation,Climate,-0.017339658789440993,-0.01274577625332829,0.6323676323676324
Pacific Decadal Oscillation,Climate,-0.017339658789440993,-0.012174916397655666,0.6323676323676324
Pacific Decadal Oscillation,Climate,-0.017339658789440993,-0.023811297486261207,0.6323676323676324
Pacific Decadal Oscillation,Climate,-0.017339658789440993,-0.011422457648312623,0.6323676323676324
Pacific Decadal Oscillation,Climate,-0.017339658789440993,-0.02139338242756339,0.6323676323676324
Pacific Decadal Oscillation,Climate,-0.017339658789440993,-0.045306183697157554,0.6323676323676324
Pacific Decadal Oscillation,Climate,-0.017339658789440993,-0.014065511218464444,0.6323676323676324
Pacific Decadal Oscillation,Climate,-0.017339658789440993,-0.014922279627114898,0.6323676323676324
Pacific Decadal Oscillation,Climate,-0.017339658789440993,-0.015930313993433254,0.6323676323676324
Pacific Decadal Oscillation,Climate,-0.017339658789440993,-0.0020319748067516574,0.6323676323676324
Pacific Decadal Oscillation,Climate,-0.017339658789440993,0.02972966968026347,0.6323676323676324
Pacific Decadal Oscillation,Climate,-0.017339658789440993,-0.005321511230535814,0.6323676323676324
Pacific Decadal Oscillation,Climate,-0.017339658789440993,-0.015965957105335438,0.6323676323676324
Pacific Decadal Oscillation,Climate,-0.017339658789440993,-0.03225794800792681,0.6323676323676324
Pacific Decadal Oscillation,Climate,-0.017339658789440993,-0.01400948160630655,0.6323676323676324
Pacific Decadal Oscillation,Climate,-0.017339658789440993,0.00546983744022933,0.6323676323676324
Pacific Decadal Oscillation,Climate,-0.017339658789440993,-0.006273614155107188,0.6323676323676324
Pacific Decadal Oscillation,Climate,-0.017339658789440993,-0.020938016852143138,0.6323676323676324
Pacific Decadal Oscillation,Climate,-0.017339658789440993,-0.03813901551578436,0.6323676323676324
Pacific Decadal Oscillation,Climate,-0.017339658789440993,-0.002034560234059013,0.6323676323676324
Pacific Decadal Oscillation,Climate,-0.017339658789440993,0.0077623115125915465,0.6323676323676324
Pacific Decadal Oscillation,Climate,-0.017339658789440993,-0.016336064712014986,0.6323676323676324
Pacific Decadal Oscillation,Climate,-0.017339658789440993,-0.015503388469002344,0.6323676323676324
Pacific Decadal Oscillation,Climate,-0.017339658789440993,-0.041842885218224435,0.6323676323676324
Pacific Decadal Oscillation,Climate,-0.017339658789440993,-0.02537746359853621,0.6323676323676324
Pacific Decadal Oscillation,Climate,-0.017339658789440993,-9.993013254858685e-4,0.6323676323676324
Pacific Decadal Oscillation,Climate,-0.017339658789440993,-0.017688613237509143,0.6323676323676324
Pacific Decadal Oscillation,Climate,-0.017339658789440993,-0.017209419288490402,0.6323676323676324
Pacific Decadal Oscillation,Climate,-0.017339658789440993,-0.02729602857239044,0.6323676323676324
Pacific Decadal Oscillation,Climate,-0.017339658789440993,-0.005339409954852492,0.6323676323676324
Pacific Decadal Oscillation,Climate,-0.017339658789440993,-0.015188621091963617,0.6323676323676324
Pacific Decadal Oscillation,Climate,-0.017339658789440993,-0.003949425184369693,0.6323676323676324
Pacific Decadal Oscillation,Climate,-0.017339658789440993,-0.016129766875034868,0.6323676323676324
Pacific Decadal Oscillation,Climate,-0.017339658789440993,-0.017688613237509143,0.6323676323676324
Pacific Decadal Oscillation,Climate,-0.017339658789440993,-0.01669561576329759,0.6323676323676324
Pacific Decadal Oscillation,Climate,-0.017339658789440993,-0.017097273983193606,0.6323676323676324
Pacific Decadal Oscillation,Climate,-0.017339658789440993,-0.005339409954852492,0.6323676323676324
Pacific Decadal Oscillation,Climate,-0.017339658789440993,-0.0428219453223726,0.6323676323676324
Pacific Decadal Oscillation,Climate,-0.017339658789440993,-0.022515737914296396,0.6323676323676324
Pacific Decadal Oscillation,Climate,-0.017339658789440993,-0.02367821533774639,0.6323676323676324
Pacific Decadal Oscillation,Climate,-0.017339658789440993,-9.754429812034449e-4,0.6323676323676324
Pacific Decadal Oscillation,Climate,-0.017339658789440993,-0.015965957105335438,0.6323676323676324
Pacific Decadal Oscillation,Climate,-0.017339658789440993,0.027628323420635148,0.6323676323676324
Pacific Decadal Oscillation,Climate,-0.017339658789440993,-0.0238006040272829,0.6323676323676324
Pacific Decadal Oscillation,Climate,-0.017339658789440993,0.08684394571942744,0.6323676323676324
Pacific Decadal Oscillation,Climate,-0.017339658789440993,-0.010891165883299081,0.6323676323676324
Pacific Decadal Oscillation,Climate,-0.017339658789440993,-0.028928179371452867,0.6323676323676324
Pacific Decadal Oscillation,Climate,-0.017339658789440993,-0.03888066303379034,0.6323676323676324
Pacific Decadal Oscillation,Climate,-0.017339658789440993,0.03201017135038331,0.6323676323676324
Pacific Decadal Oscillation,Climate,-0.017339658789440993,0.005776530269068436,0.6323676323676324
Pacific Decadal Oscillation,Climate,-0.017339658789440993,-0.02224170002693726,0.6323676323676324
Pacific Decadal Oscillation,Climate,-0.017339658789440993,-0.013064652135529764,0.6323676323676324
Pacific Decadal Oscillation,Climate,-0.017339658789440993,-0.004995172032236761,0.6323676323676324
Pacific Decadal Oscillation,Climate,-0.017339658789440993,-0.011952045829648483,0.6323676323676324
Pacific Decadal Oscillation,Climate,-0.017339658789440993,-0.014567289923538285,0.6323676323676324
Pacific Decadal Oscillation,Climate,-0.017339658789440993,0.009673715376897873,0.6323676323676324
Pacific Decadal Oscillation,Climate,-0.017339658789440993,-0.012350318670995453,0.6323676323676324
Pacific Decadal Oscillation,Climate,-0.017339658789440993,-0.026325229687962803,0.6323676323676324
Pacific Decadal Oscillation,Climate,-0.017339658789440993,-0.014173689585873728,0.6323676323676324
Pacific Decadal Oscillation,Climate,-0.017339658789440993,-0.013840712391769872,0.6323676323676324
Pacific Decadal Oscillation,Climate,-0.017339658789440993,0.0032523989229360506,0.6323676323676324
Pacific Decadal Oscillation,Climate,-0.017339658789440993,-0.004538566235578578,0.6323676323676324
Pacific Decadal Oscillation,Climate,-0.017339658789440993,-0.007079507252477857,0.6323676323676324
Pacific Decadal Oscillation,Climate,-0.017339658789440993,-0.014819804213382026,0.6323676323676324
Pacific Decadal Oscillation,Climate,-0.017339658789440993,-0.004612934326090556,0.6323676323676324
Pacific Decadal Oscillation,Climate,-0.017339658789440993,-0.02817274641000611,0.6323676323676324
Pacific Decadal Oscillation,Climate,-0.017339658789440993,-0.02088717318150879,0.6323676323676324
Pacific Decadal Oscillation,Climate,-0.017339658789440993,-0.014053622785313857,0.6323676323676324
Pacific Decadal Oscillation,Climate,-0.017339658789440993,-0.013767518091879927,0.6323676323676324
Pacific Decadal Oscillation,Climate,-0.017339658789440993,-0.0026522192483899865,0.6323676323676324
Pacific Decadal Oscillation,Climate,-0.017339658789440993,-0.01318649225961499,0.6323676323676324
Pacific Decadal Oscillation,Climate,-0.017339658789440993,-0.011022956889490843,0.6323676323676324
Pacific Decadal Oscillation,Climate,-0.017339658789440993,-0.02650120930872446,0.6323676323676324
Pacific Decadal Oscillation,Climate,-0.017339658789440993,-0.01503489983423556,0.6323676323676324
Pacific Decadal Oscillation,Climate,-0.017339658789440993,-0.01632773342688365,0.6323676323676324
Pacific Decadal Oscillation,Climate,-0.017339658789440993,-0.007819432275186555,0.6323676323676324
Pacific Decadal Oscillation,Climate,-0.017339658789440993,-0.014110630278033165,0.6323676323676324
Pacific Decadal Oscillation,Climate,-0.017339658789440993,-0.0204688229161325,0.6323676323676324
Pacific Decadal Oscillation,Climate,-0.017339658789440993,-0.03295273446289637,0.6323676323676324
Pacific Decadal Oscillation,Climate,-0.017339658789440993,-0.00919671252872356,0.6323676323676324
Pacific Decadal Oscillation,Climate,-0.017339658789440993,-0.01951185931010979,0.6323676323676324
Pacific Decadal Oscillation,Climate,-0.017339658789440993,-0.01481685890009743,0.6323676323676324
Pacific Decadal Oscillation,Climate,-0.017339658789440993,-0.0011066516826521156,0.6323676323676324
Pacific Decadal Oscillation,Climate,-0.017339658789440993,-0.028147965851191614,0.6323676323676324
Pacific Decadal Oscillation,Climate,-0.017339658789440993,-0.015667091445693115,0.6323676323676324
Pacific Decadal Oscillation,Climate,-0.017339658789440993,-0.004254162813389639,0.6323676323676324
Pacific Decadal Oscillation,Climate,-0.017339658789440993,-0.03632739966196352,0.6323676323676324
Pacific Decadal Oscillation,Climate,-0.017339658789440993,-0.002044115910889488,0.6323676323676324
Pacific Decadal Oscillation,Climate,-0.017339658789440993,-0.01228653501962218,0.6323676323676324
Pacific Decadal Oscillation,Climate,-0.017339658789440993,-0.012360022368863799,0.6323676323676324
Pacific Decadal Oscillation,Climate,-0.017339658789440993,-0.00703487170410555,0.6323676323676324
Pacific Decadal Oscillation,Climate,-0.017339658789440993,-0.00803485545658389,0.6323676323676324
Pacific Decadal Oscillation,Climate,-0.017339658789440993,-0.02650120930872446,0.6323676323676324
Pacific Decadal Oscillation,Climate,-0.017339658789440993,0.020538408879719583,0.6323676323676324
Pacific Decadal Oscillation,Climate,-0.017339658789440993,0.010852532748568122,0.6323676323676324
Pacific Decadal Oscillation,Climate,-0.017339658789440993,-0.012021832775723773,0.6323676323676324
Pacific Decadal Oscillation,Climate,-0.017339658789440993,-0.03457133172081206,0.6323676323676324
Pacific Decadal Oscillation,Climate,-0.017339658789440993,-0.10843033270775493,0.6323676323676324
Pacific Decadal Oscillation,Climate,-0.017339658789440993,0.024400535188648376,0.6323676323676324
Pacific Decadal Oscillation,Climate,-0.017339658789440993,-0.069828506562706,0.6323676323676324
Pacific Decadal Oscillation,Climate,-0.017339658789440993,-0.016544341531089524,0.6323676323676324
Pacific Decadal Oscillation,Climate,-0.017339658789440993,0.005217729297267049,0.6323676323676324
Pacific Decadal Oscillation,Climate,-0.017339658789440993,-0.01698841734957668,0.6323676323676324
Pacific Decadal Oscillation,Climate,-0.017339658789440993,-0.013196011766312576,0.6323676323676324
Pacific Decadal Oscillation,Climate,-0.017339658789440993,-0.014190348547481468,0.6323676323676324
Pacific Decadal Oscillation,Climate,-0.017339658789440993,-0.015227050392528252,0.6323676323676324
Pacific Decadal Oscillation,Climate,-0.017339658789440993,0.0027486267690346455,0.6323676323676324
Pacific Decadal Oscillation,Climate,-0.017339658789440993,-0.016240549427920525,0.6323676323676324
Pacific Decadal Oscillation,Climate,-0.017339658789440993,-0.01638427714930546,0.6323676323676324
Pacific Decadal Oscillation,Climate,-0.017339658789440993,-0.014374490790368233,0.6323676323676324
Pacific Decadal Oscillation,Climate,-0.017339658789440993,-0.01515532883131998,0.6323676323676324
Pacific Decadal Oscillation,Climate,-0.017339658789440993,-0.0020319748067516574,0.6323676323676324
Pacific Decadal Oscillation,Climate,-0.017339658789440993,-0.005700286432603896,0.6323676323676324
Pacific Decadal Oscillation,Climate,-0.017339658789440993,0.00716778377381766,0.6323676323676324
Pacific Decadal Oscillation,Climate,-0.017339658789440993,-0.014173689585873728,0.6323676323676324
Pacific Decadal Oscillation,Climate,-0.017339658789440993,-0.016198355239136708,0.6323676323676324
Pacific Decadal Oscillation,Climate,-0.017339658789440993,-0.01569129392422486,0.6323676323676324
Pacific Decadal Oscillation,Climate,-0.017339658789440993,-0.020946770103875245,0.6323676323676324
Pacific Decadal Oscillation,Climate,-0.017339658789440993,-0.00831357232906993,0.6323676323676324
Pacific Decadal Oscillation,Climate,-0.017339658789440993,-0.01683946278734627,0.6323676323676324
Pacific Decadal Oscillation,Climate,-0.017339658789440993,-0.01375242501757512,0.6323676323676324
Pacific Decadal Oscillation,Climate,-0.017339658789440993,0.08731101712715494,0.6323676323676324
Pacific Decadal Oscillation,Climate,-0.017339658789440993,-0.021065448378091656,0.6323676323676324
Pacific Decadal Oscillation,Climate,-0.017339658789440993,-0.012125080241969233,0.6323676323676324
Pacific Decadal Oscillation,Climate,-0.017339658789440993,-0.010390445000081572,0.6323676323676324
Pacific Decadal Oscillation,Climate,-0.017339658789440993,-0.020842597170139143,0.6323676323676324
Pacific Decadal Oscillation,Climate,-0.017339658789440993,-0.012352260289763883,0.6323676323676324
Pacific Decadal Oscillation,Climate,-0.017339658789440993,-0.015930313993433254,0.6323676323676324
Pacific Decadal Oscillation,Climate,-0.017339658789440993,-0.0189866874689959,0.6323676323676324
Pacific Decadal Oscillation,Climate,-0.017339658789440993,-0.011591377853661378,0.6323676323676324
Pacific Decadal Oscillation,Climate,-0.017339658789440993,-0.09080628254459322,0.6323676323676324
Pacific Decadal Oscillation,Climate,-0.017339658789440993,0.0032523989229360506,0.6323676323676324
Pacific Decadal Oscillation,Climate,-0.017339658789440993,-0.004995172032236761,0.6323676323676324
Pacific Decadal Oscillation,Climate,-0.017339658789440993,-0.016210985593271054,0.6323676323676324
Pacific Decadal Oscillation,Climate,-0.017339658789440993,-0.016129766875034868,0.6323676323676324
Pacific Decadal Oscillation,Climate,-0.017339658789440993,-0.015615206674036708,0.6323676323676324
Pacific Decadal Oscillation,Climate,-0.017339658789440993,-0.013210847199462084,0.6323676323676324
Pacific Decadal Oscillation,Climate,-0.017339658789440993,-0.012630310899260477,0.6323676323676324
Pacific Decadal Oscillation,Climate,-0.017339658789440993,-0.008345104924584623,0.6323676323676324
Pacific Decadal Oscillation,Climate,-0.017339658789440993,-0.025222492585579515,0.6323676323676324
Pacific Decadal Oscillation,Climate,-0.017339658789440993,-0.029148365228037765,0.6323676323676324
Pacific Decadal Oscillation,Climate,-0.017339658789440993,-0.02041651953036827,0.6323676323676324
Pacific Decadal Oscillation,Climate,-0.017339658789440993,-0.005841736050648194,0.6323676323676324
Pacific Decadal Oscillation,Climate,-0.017339658789440993,-0.010615947608743515,0.6323676323676324
Pacific Decadal Oscillation,Climate,-0.017339658789440993,-0.016390516115053932,0.6323676323676324
Pacific Decadal Oscillation,Climate,-0.017339658789440993,-0.02483449813984251,0.6323676323676324
Pacific Decadal Oscillation,Climate,-0.017339658789440993,-9.993013254858685e-4,0.6323676323676324
Pacific Decadal Oscillation,Climate,-0.017339658789440993,-0.014849429871879538,0.6323676323676324
Pacific Decadal Oscillation,Climate,-0.017339658789440993,0.02972966968026347,0.6323676323676324
Pacific Decadal Oscillation,Climate,-0.017339658789440993,0.017813699093053303,0.6323676323676324
Pacific Decadal Oscillation,Climate,-0.017339658789440993,-0.009505398604568782,0.6323676323676324
Pacific Decadal Oscillation,Climate,-0.017339658789440993,-0.015653913990880453,0.6323676323676324
Pacific Decadal Oscillation,Climate,-0.017339658789440993,0.04787270561745138,0.6323676323676324
Pacific Decadal Oscillation,Climate,-0.017339658789440993,-0.01908901888857195,0.6323676323676324
Pacific Decadal Oscillation,Climate,-0.017339658789440993,-0.021513490148150405,0.6323676323676324
Pacific Decadal Oscillation,Climate,-0.017339658789440993,-0.007846322524691196,0.6323676323676324
Pacific Decadal Oscillation,Climate,-0.017339658789440993,-0.017170695521440127,0.6323676323676324
Pacific Decadal Oscillation,Climate,-0.017339658789440993,-0.004530298963863366,0.6323676323676324
Pacific Decadal Oscillation,Climate,-0.017339658789440993,-0.017103481269303167,0.6323676323676324
Pacific Decadal Oscillation,Climate,-0.017339658789440993,-0.011743239444357068,0.6323676323676324
Pacific Decadal Oscillation,Climate,-0.017339658789440993,0.0055025772736819745,0.6323676323676324
Pacific Decadal Oscillation,Climate,-0.017339658789440993,-0.02065094371383336,0.6323676323676324
Pacific Decadal Oscillation,Climate,-0.017339658789440993,-0.03291432430170382,0.6323676323676324
Pacific Decadal Oscillation,Climate,-0.017339658789440993,-0.08563253014607097,0.6323676323676324
Pacific Decadal Oscillation,Climate,-0.017339658789440993,-0.014325214163151356,0.6323676323676324
Pacific Decadal Oscillation,Climate,-0.017339658789440993,-0.011638539628625155,0.6323676323676324
Pacific Decadal Oscillation,Climate,-0.017339658789440993,-0.01923148960138099,0.6323676323676324
Pacific Decadal Oscillation,Climate,-0.017339658789440993,-0.014232705458732564,0.6323676323676324
Pacific Decadal Oscillation,Climate,-0.017339658789440993,-0.006912702361521639,0.6323676323676324
Pacific Decadal Oscillation,Climate,-0.017339658789440993,-0.026585308901649674,0.6323676323676324
Pacific Decadal Oscillation,Climate,-0.017339658789440993,-0.011792963343307594,0.6323676323676324
Pacific Decadal Oscillation,Climate,-0.017339658789440993,-0.005760652388014931,0.6323676323676324
Pacific Decadal Oscillation,Climate,-0.017339658789440993,-0.0013497002103077804,0.6323676323676324
Pacific Decadal Oscillation,Climate,-0.017339658789440993,0.00648044687643945,0.6323676323676324
Pacific Decadal Oscillation,Climate,-0.017339658789440993,-0.030419779056879648,0.6323676323676324
Pacific Decadal Oscillation,Climate,-0.017339658789440993,-0.015980859274116188,0.6323676323676324
Pacific Decadal Oscillation,Climate,-0.017339658789440993,-0.013671992280674283,0.6323676323676324
Pacific Decadal Oscillation,Climate,-0.017339658789440993,-0.012387021366655482,0.6323676323676324
Pacific Decadal Oscillation,Climate,-0.017339658789440993,-0.10120154093418265,0.6323676323676324
Pacific Decadal Oscillation,Climate,-0.017339658789440993,0.0032055520806266724,0.6323676323676324
Pacific Decadal Oscillation,Climate,-0.017339658789440993,-0.04974450254295215,0.6323676323676324
Pacific Decadal Oscillation,Climate,-0.017339658789440993,-0.0457492260688821,0.6323676323676324
Pacific Decadal Oscillation,Climate,-0.017339658789440993,-0.015435243149872768,0.6323676323676324
Pacific Decadal Oscillation,Climate,-0.017339658789440993,0.03704946268625586,0.6323676323676324
Pacific Decadal Oscillation,Climate,-0.017339658789440993,-0.014325214163151356,0.6323676323676324
Pacific Decadal Oscillation,Climate,-0.017339658789440993,-0.02315939667663991,0.6323676323676324
Pacific Decadal Oscillation,Climate,-0.017339658789440993,-0.015348783044364378,0.6323676323676324
Pacific Decadal Oscillation,Climate,-0.017339658789440993,-0.005321511230535814,0.6323676323676324
Pacific Decadal Oscillation,Climate,-0.017339658789440993,0.039632575762894584,0.6323676323676324
Pacific Decadal Oscillation,Climate,-0.017339658789440993,-0.021678369151935772,0.6323676323676324
Pacific Decadal Oscillation,Climate,-0.017339658789440993,-0.011351408093462023,0.6323676323676324
Pacific Decadal Oscillation,Climate,-0.017339658789440993,0.0021018732108003535,0.6323676323676324
Pacific Decadal Oscillation,Climate,-0.017339658789440993,-0.04857660324012647,0.6323676323676324
Pacific Decadal Oscillation,Climate,-0.017339658789440993,-0.01636454520371844,0.6323676323676324
Pacific Decadal Oscillation,Climate,-0.017339658789440993,-0.01636420693164453,0.6323676323676324
Pacific Decadal Oscillation,Climate,-0.017339658789440993,-0.0331779076144072,0.6323676323676324
Pacific Decadal Oscillation,Climate,-0.017339658789440993,-0.014173689585873728,0.6323676323676324
Pacific Decadal Oscillation,Climate,-0.017339658789440993,-0.016068860003332963,0.6323676323676324
Pacific Decadal Oscillation,Climate,-0.017339658789440993,0.008217468658455074,0.6323676323676324
Pacific Decadal Oscillation,Climate,-0.017339658789440993,-0.021664937650957228,0.6323676323676324
Pacific Decadal Oscillation,Climate,-0.017339658789440993,-0.029487931447082616,0.6323676323676324
Pacific Decadal Oscillation,Climate,-0.017339658789440993,0.0076837657811990034,0.6323676323676324
Pacific Decadal Oscillation,Climate,-0.017339658789440993,-0.018730789648133683,0.6323676323676324
Pacific Decadal Oscillation,Climate,-0.017339658789440993,-0.014449873597742968,0.6323676323676324
Pacific Decadal Oscillation,Climate,-0.017339658789440993,-0.00919671252872356,0.6323676323676324
Pacific Decadal Oscillation,Climate,-0.017339658789440993,-0.0457492260688821,0.6323676323676324
Pacific Decadal Oscillation,Climate,-0.017339658789440993,-0.013812775428486912,0.6323676323676324
Pacific Decadal Oscillation,Climate,-0.017339658789440993,-0.008131439751161151,0.6323676323676324
Pacific Decadal Oscillation,Climate,-0.017339658789440993,-0.022666978993334475,0.6323676323676324
Pacific Decadal Oscillation,Climate,-0.017339658789440993,-0.03122171306686261,0.6323676323676324
Pacific Decadal Oscillation,Climate,-0.017339658789440993,-0.01623939114787354,0.6323676323676324
Pacific Decadal Oscillation,Climate,-0.017339658789440993,-0.045229046076067814,0.6323676323676324
Pacific Decadal Oscillation,Climate,-0.017339658789440993,-0.012387021366655482,0.6323676323676324
Pacific Decadal Oscillation,Climate,-0.017339658789440993,-0.015478496787204366,0.6323676323676324
Pacific Decadal Oscillation,Climate,-0.017339658789440993,-0.012021832775723773,0.6323676323676324
Pacific Decadal Oscillation,Climate,-0.017339658789440993,-0.01742091924570799,0.6323676323676324
Pacific Decadal Oscillation,Climate,-0.017339658789440993,-0.025297532113624843,0.6323676323676324
Pacific Decadal Oscillation,Climate,-0.017339658789440993,-0.04848240474115406,0.6323676323676324
Pacific Decadal Oscillation,Climate,-0.017339658789440993,-0.011358310397598714,0.6323676323676324
Pacific Decadal Oscillation,Climate,-0.017339658789440993,-0.012384248299277312,0.6323676323676324
Pacific Decadal Oscillation,Climate,-0.017339658789440993,-0.11960666112874474,0.6323676323676324
Pacific Decadal Oscillation,Climate,-0.017339658789440993,-0.01623939114787354,0.6323676323676324
Pacific Decadal Oscillation,Climate,-0.017339658789440993,-0.022344573970549453,0.6323676323676324
Pacific Decadal Oscillation,Climate,-0.017339658789440993,-0.01908901888857195,0.6323676323676324
Pacific Decadal Oscillation,Climate,-0.017339658789440993,-0.009526486597040362,0.6323676323676324
Pacific Decadal Oscillation,Climate,-0.017339658789440993,-0.011952045829648483,0.6323676323676324
Pacific Decadal Oscillation,Climate,-0.017339658789440993,-0.03150178800226344,0.6323676323676324
Pacific Decadal Oscillation,Climate,-0.017339658789440993,-0.03835734617962183,0.6323676323676324
Pacific Decadal Oscillation,Climate,-0.017339658789440993,-0.014110630278033165,0.6323676323676324
Pacific Decadal Oscillation,Climate,-0.017339658789440993,-0.022930922481855243,0.6323676323676324
Pacific Decadal Oscillation,Climate,-0.017339658789440993,-0.04807994919024772,0.6323676323676324
Pacific Decadal Oscillation,Climate,-0.017339658789440993,-0.040180863641818165,0.6323676323676324
Pacific Decadal Oscillation,Climate,-0.017339658789440993,-0.015333057909943104,0.6323676323676324
Pacific Decadal Oscillation,Climate,-0.017339658789440993,-0.00720025735498564,0.6323676323676324
Pacific Decadal Oscillation,Climate,-0.017339658789440993,-0.015653913990880453,0.6323676323676324
Pacific Decadal Oscillation,Climate,-0.017339658789440993,0.016642766683203303,0.6323676323676324
Pacific Decadal Oscillation,Climate,-0.017339658789440993,-9.993013254858685e-4,0.6323676323676324
Pacific Decadal Oscillation,Climate,-0.017339658789440993,0.015433361002734958,0.6323676323676324
Pacific Decadal Oscillation,Climate,-0.017339658789440993,-0.01348044832392259,0.6323676323676324
Pacific Decadal Oscillation,Climate,-0.017339658789440993,-0.019042309955956904,0.6323676323676324
Pacific Decadal Oscillation,Climate,-0.017339658789440993,-0.013064652135529764,0.6323676323676324
Pacific Decadal Oscillation,Climate,-0.017339658789440993,-0.02080332517115213,0.6323676323676324
Pacific Decadal Oscillation,Climate,-0.017339658789440993,-0.021692475553325652,0.6323676323676324
Pacific Decadal Oscillation,Climate,-0.017339658789440993,-0.030410733973184945,0.6323676323676324
Pacific Decadal Oscillation,Climate,-0.017339658789440993,-6.494036094806255e-4,0.6323676323676324
Pacific Decadal Oscillation,Climate,-0.017339658789440993,-0.024363662185263424,0.6323676323676324
Pacific Decadal Oscillation,Climate,-0.017339658789440993,-0.014166847091943602,0.6323676323676324
Pacific Decadal Oscillation,Climate,-0.017339658789440993,0.0017245678950711385,0.6323676323676324
Pacific Decadal Oscillation,Climate,-0.017339658789440993,-0.025507070709717805,0.6323676323676324
Pacific Decadal Oscillation,Climate,-0.017339658789440993,-0.09670492285171295,0.6323676323676324
Pacific Decadal Oscillation,Climate,-0.017339658789440993,-0.05266007169024056,0.6323676323676324
Pacific Decadal Oscillation,Climate,-0.017339658789440993,-0.020432533719518364,0.6323676323676324
Pacific Decadal Oscillation,Climate,-0.017339658789440993,-0.04729171506668539,0.6323676323676324
Pacific Decadal Oscillation,Climate,-0.017339658789440993,-0.013061073749411234,0.6323676323676324
Pacific Decadal Oscillation,Climate,-0.017339658789440993,-0.011270598113082286,0.6323676323676324
Pacific Decadal Oscillation,Climate,-0.017339658789440993,-0.035142455018516205,0.6323676323676324
Pacific Decadal Oscillation,Climate,-0.017339658789440993,0.0017245678950711385,0.6323676323676324
Pacific Decadal Oscillation,Climate,-0.017339658789440993,0.018138438502908194,0.6323676323676324
Pacific Decadal Oscillation,Climate,-0.017339658789440993,-0.02161394888797541,0.6323676323676324
Pacific Decadal Oscillation,Climate,-0.017339658789440993,-0.010400294225678453,0.6323676323676324
Pacific Decadal Oscillation,Climate,-0.017339658789440993,-0.015539740645212685,0.6323676323676324
Pacific Decadal Oscillation,Climate,-0.017339658789440993,-0.018212272871660717,0.6323676323676324
Pacific Decadal Oscillation,Climate,-0.017339658789440993,0.03201017135038331,0.6323676323676324
Pacific Decadal Oscillation,Climate,-0.017339658789440993,-0.00919671252872356,0.6323676323676324
Pacific Decadal Oscillation,Climate,-0.017339658789440993,-0.025297532113624843,0.6323676323676324
Pacific Decadal Oscillation,Climate,-0.017339658789440993,-0.016136455216823498,0.6323676323676324
Pacific Decadal Oscillation,Climate,-0.017339658789440993,-0.04246826947108229,0.6323676323676324
Pacific Decadal Oscillation,Climate,-0.017339658789440993,-0.02224123623845764,0.6323676323676324
Pacific Decadal Oscillation,Climate,-0.017339658789440993,-0.021511032092563775,0.6323676323676324
Pacific Decadal Oscillation,Climate,-0.017339658789440993,-0.01684045127474576,0.6323676323676324
Pacific Decadal Oscillation,Climate,-0.017339658789440993,-0.034294726795849106,0.6323676323676324
Pacific Decadal Oscillation,Climate,-0.017339658789440993,-0.014211396000690435,0.6323676323676324
Pacific Decadal Oscillation,Climate,-0.017339658789440993,0.0017245678950711385,0.6323676323676324
Pacific Decadal Oscillation,Climate,-0.017339658789440993,-0.016880037343609766,0.6323676323676324
Pacific Decadal Oscillation,Climate,-0.017339658789440993,-0.015622404941238788,0.6323676323676324
Pacific Decadal Oscillation,Climate,-0.017339658789440993,-0.016870139686368857,0.6323676323676324
Pacific Decadal Oscillation,Climate,-0.017339658789440993,-0.03986039846492884,0.6323676323676324
Pacific Decadal Oscillation,Climate,-0.017339658789440993,-0.007897545219354374,0.6323676323676324
Pacific Decadal Oscillation,Climate,-0.017339658789440993,-0.03291432430170382,0.6323676323676324
Pacific Decadal Oscillation,Climate,-0.017339658789440993,0.003633312537487443,0.6323676323676324
Pacific Decadal Oscillation,Climate,-0.017339658789440993,-0.020842011222428347,0.6323676323676324
Pacific Decadal Oscillation,Climate,-0.017339658789440993,0.04787270561745138,0.6323676323676324
Pacific Decadal Oscillation,Climate,-0.017339658789440993,-0.030844414446367097,0.6323676323676324
Pacific Decadal Oscillation,Climate,-0.017339658789440993,-0.013424425891869873,0.6323676323676324
Pacific Decadal Oscillation,Climate,-0.017339658789440993,-0.05021628902540631,0.6323676323676324
Pacific Decadal Oscillation,Climate,-0.017339658789440993,-0.0030518651376914008,0.6323676323676324
Pacific Decadal Oscillation,Climate,-0.017339658789440993,-0.023548524326036713,0.6323676323676324
Pacific Decadal Oscillation,Climate,-0.017339658789440993,-0.020798434618896744,0.6323676323676324
Pacific Decadal Oscillation,Climate,-0.017339658789440993,0.02064256660756625,0.6323676323676324
Pacific Decadal Oscillation,Climate,-0.017339658789440993,-0.00859788861598032,0.6323676323676324
Pacific Decadal Oscillation,Climate,-0.017339658789440993,-0.023868959804709933,0.6323676323676324
Pacific Decadal Oscillation,Climate,-0.017339658789440993,-0.014192924370391102,0.6323676323676324
Pacific Decadal Oscillation,Climate,-0.017339658789440993,-0.01262302524544201,0.6323676323676324
Pacific Decadal Oscillation,Climate,-0.017339658789440993,-0.0042642417716869385,0.6323676323676324
Pacific Decadal Oscillation,Climate,-0.017339658789440993,-0.017215719766125792,0.6323676323676324
Pacific Decadal Oscillation,Climate,-0.017339658789440993,-0.020938016852143138,0.6323676323676324
Pacific Decadal Oscillation,Climate,-0.017339658789440993,-0.09422973135855184,0.6323676323676324
Pacific Decadal Oscillation,Climate,-0.017339658789440993,-0.0087568959368296,0.6323676323676324
Pacific Decadal Oscillation,Climate,-0.017339658789440993,-0.005448814496658683,0.6323676323676324
Pacific Decadal Oscillation,Climate,-0.017339658789440993,-0.006572691619728399,0.6323676323676324
Pacific Decadal Oscillation,Climate,-0.017339658789440993,-0.01875894510478937,0.6323676323676324
Pacific Decadal Oscillation,Climate,-0.017339658789440993,-0.03150178800226344,0.6323676323676324
Pacific Decadal Oscillation,Climate,-0.017339658789440993,-0.002300959893476673,0.6323676323676324
Pacific Decadal Oscillation,Climate,-0.017339658789440993,0.00816336333158818,0.6323676323676324
Pacific Decadal Oscillation,Climate,-0.017339658789440993,0.0259059527030987,0.6323676323676324
Pacific Decadal Oscillation,Climate,-0.017339658789440993,-0.013999809501850535,0.6323676323676324
Pacific Decadal Oscillation,Climate,-0.017339658789440993,-0.014950203102326531,0.6323676323676324
Pacific Decadal Oscillation,Climate,-0.017339658789440993,-0.014449873597742968,0.6323676323676324
Pacific Decadal Oscillation,Climate,-0.017339658789440993,-0.01911273216684717,0.6323676323676324
Pacific Decadal Oscillation,Climate,-0.017339658789440993,7.018890138325018e-4,0.6323676323676324
Pacific Decadal Oscillation,Climate,-0.017339658789440993,-0.014819804213382026,0.6323676323676324
Pacific Decadal Oscillation,Climate,-0.017339658789440993,0.018138438502908194,0.6323676323676324
Pacific Decadal Oscillation,Climate,-0.017339658789440993,-0.01669561576329759,0.6323676323676324
Pacific Decadal Oscillation,Climate,-0.017339658789440993,-0.010390445000081572,0.6323676323676324
Pacific Decadal Oscillation,Climate,-0.017339658789440993,-0.024967863679165703,0.6323676323676324
Pacific Decadal Oscillation,Climate,-0.017339658789440993,-0.017400117248678404,0.6323676323676324
Pacific Decadal Oscillation,Climate,-0.017339658789440993,0.015463861955542613,0.6323676323676324
Pacific Decadal Oscillation,Climate,-0.017339658789440993,0.012384458261882725,0.6323676323676324
Pacific Decadal Oscillation,Climate,-0.017339658789440993,-0.03448507293296199,0.6323676323676324
Pacific Decadal Oscillation,Climate,-0.017339658789440993,-0.015687188599321944,0.6323676323676324
Pacific Decadal Oscillation,Climate,-0.017339658789440993,-0.01831128766782375,0.6323676323676324
Pacific Decadal Oscillation,Climate,-0.017339658789440993,-0.019622517425641695,0.6323676323676324
Pacific Decadal Oscillation,Climate,-0.017339658789440993,-0.0366370494825603,0.6323676323676324
Pacific Decadal Oscillation,Climate,-0.017339658789440993,-0.011500497069050875,0.6323676323676324
Pacific Decadal Oscillation,Climate,-0.017339658789440993,-0.0140459094761336,0.6323676323676324
Pacific Decadal Oscillation,Climate,-0.017339658789440993,-0.009014460692410298,0.6323676323676324
Pacific Decadal Oscillation,Climate,-0.017339658789440993,-0.014922279627114898,0.6323676323676324
Pacific Decadal Oscillation,Climate,-0.017339658789440993,-0.026326184161085342,0.6323676323676324
Pacific Decadal Oscillation,Climate,-0.017339658789440993,-0.0060241502560980376,0.6323676323676324
Pacific Decadal Oscillation,Climate,-0.017339658789440993,-0.018701945124611097,0.6323676323676324
Pacific Decadal Oscillation,Climate,-0.017339658789440993,0.0022586170591130106,0.6323676323676324
Pacific Decadal Oscillation,Climate,-0.017339658789440993,-0.008042601471231814,0.6323676323676324
Pacific Decadal Oscillation,Climate,-0.017339658789440993,-0.04823571043913377,0.6323676323676324
Pacific Decadal Oscillation,Climate,-0.017339658789440993,-0.04246826947108229,0.6323676323676324
Pacific Decadal Oscillation,Climate,-0.017339658789440993,-0.005437178707974555,0.6323676323676324
Pacific Decadal Oscillation,Climate,-0.017339658789440993,0.08731101712715494,0.6323676323676324
Pacific Decadal Oscillation,Climate,-0.017339658789440993,-0.03543017818516403,0.6323676323676324
Pacific Decadal Oscillation,Climate,-0.017339658789440993,-0.015622404941238788,0.6323676323676324
Pacific Decadal Oscillation,Climate,-0.017339658789440993,0.017759453440283957,0.6323676323676324
Pacific Decadal Oscillation,Climate,-0.017339658789440993,0.0055025772736819745,0.6323676323676324
Pacific Decadal Oscillation,Climate,-0.017339658789440993,0.0033567182402856055,0.6323676323676324
Pacific Decadal Oscillation,Climate,-0.017339658789440993,-0.02023867915476929,0.6323676323676324
Pacific Decadal Oscillation,Climate,-0.017339658789440993,-0.013671992280674283,0.6323676323676324
Pacific Decadal Oscillation,Climate,-0.017339658789440993,0.0061733527217381345,0.6323676323676324
Pacific Decadal Oscillation,Climate,-0.017339658789440993,0.011695993912395064,0.6323676323676324
Pacific Decadal Oscillation,Climate,-0.017339658789440993,-0.01875894510478937,0.6323676323676324
Pacific Decadal Oscillation,Climate,-0.017339658789440993,-0.09080628254459322,0.6323676323676324
Pacific Decadal Oscillation,Climate,-0.017339658789440993,-0.018549117370956436,0.6323676323676324
Pacific Decadal Oscillation,Climate,-0.017339658789440993,0.015463861955542613,0.6323676323676324
Pacific Decadal Oscillation,Climate,-0.017339658789440993,-0.014110630278033165,0.6323676323676324
Pacific Decadal Oscillation,Climate,-0.017339658789440993,-0.015305391140357782,0.6323676323676324
Pacific Decadal Oscillation,Climate,-0.017339658789440993,-0.01262302524544201,0.6323676323676324
Pacific Decadal Oscillation,Climate,-0.017339658789440993,-0.019622517425641695,0.6323676323676324
Pacific Decadal Oscillation,Climate,-0.017339658789440993,-0.02003101618224079,0.6323676323676324
Pacific Decadal Oscillation,Climate,-0.017339658789440993,-0.017266160333516467,0.6323676323676324
Pacific Decadal Oscillation,Climate,-0.017339658789440993,0.010852532748568122,0.6323676323676324
Pacific Decadal Oscillation,Climate,-0.017339658789440993,-0.017215719766125792,0.6323676323676324
Pacific Decadal Oscillation,Climate,-0.017339658789440993,-0.02601171554657622,0.6323676323676324
Pacific Decadal Oscillation,Climate,-0.017339658789440993,-0.022666978993334475,0.6323676323676324
Pacific Decadal Oscillation,Climate,-0.017339658789440993,-0.027932653408427432,0.6323676323676324
Pacific Decadal Oscillation,Climate,-0.017339658789440993,-0.008422576618939859,0.6323676323676324
Pacific Decadal Oscillation,Climate,-0.017339658789440993,-0.020946770103875245,0.6323676323676324
Pacific Decadal Oscillation,Climate,-0.017339658789440993,-0.019042309955956904,0.6323676323676324
Pacific Decadal Oscillation,Climate,-0.017339658789440993,-0.014321388147785497,0.6323676323676324
Pacific Decadal Oscillation,Climate,-0.017339658789440993,-0.01742091924570799,0.6323676323676324
Pacific Decadal Oscillation,Climate,-0.017339658789440993,0.005612328046096904,0.6323676323676324
Pacific Decadal Oscillation,Climate,-0.017339658789440993,-0.03519947405903423,0.6323676323676324
Pacific Decadal Oscillation,Climate,-0.017339658789440993,-0.0238006040272829,0.6323676323676324
Pacific Decadal Oscillation,Climate,-0.017339658789440993,-0.014321388147785497,0.6323676323676324
Pacific Decadal Oscillation,Climate,-0.017339658789440993,-0.038844772550509,0.6323676323676324
Pacific Decadal Oscillation,Climate,-0.017339658789440993,-0.020938016852143138,0.6323676323676324
Pacific Decadal Oscillation,Climate,-0.017339658789440993,-0.014325214163151356,0.6323676323676324
Pacific Decadal Oscillation,Climate,-0.017339658789440993,-0.03829419215309482,0.6323676323676324
Pacific Decadal Oscillation,Climate,-0.017339658789440993,-0.006178724113917511,0.6323676323676324
Pacific Decadal Oscillation,Climate,-0.017339658789440993,-0.015569023503992474,0.6323676323676324
Pacific Decadal Oscillation,Climate,-0.017339658789440993,-0.012962501620536804,0.6323676323676324
Pacific Decadal Oscillation,Climate,-0.017339658789440993,-0.030370886428192412,0.6323676323676324
Pacific Decadal Oscillation,Climate,-0.017339658789440993,-0.004937611369179029,0.6323676323676324
Pacific Decadal Oscillation,Climate,-0.017339658789440993,-0.0158505877059667,0.6323676323676324
Pacific Decadal Oscillation,Climate,-0.017339658789440993,-0.0034732636545740103,0.6323676323676324
Pacific Decadal Oscillation,Climate,-0.017339658789440993,-0.017934916978456394,0.6323676323676324
Pacific Decadal Oscillation,Climate,-0.017339658789440993,-0.04780484258190709,0.6323676323676324
Pacific Decadal Oscillation,Climate,-0.017339658789440993,-0.015615206674036708,0.6323676323676324
Pacific Decadal Oscillation,Climate,-0.017339658789440993,-0.03519947405903423,0.6323676323676324
Pacific Decadal Oscillation,Climate,-0.017339658789440993,-0.008339257862503446,0.6323676323676324
Pacific Decadal Oscillation,Climate,-0.017339658789440993,-0.009917383586780515,0.6323676323676324
Pacific Decadal Oscillation,Climate,-0.017339658789440993,-0.0034732636545740103,0.6323676323676324
Pacific Decadal Oscillation,Climate,-0.017339658789440993,-0.01848927099499198,0.6323676323676324
Pacific Decadal Oscillation,Climate,-0.017339658789440993,0.0033567182402856055,0.6323676323676324
Pacific Decadal Oscillation,Climate,-0.017339658789440993,-0.01262302524544201,0.6323676323676324
Pacific Decadal Oscillation,Climate,-0.017339658789440993,-0.01500105186619427,0.6323676323676324
Pacific Decadal Oscillation,Climate,-0.017339658789440993,0.010852532748568122,0.6323676323676324
Pacific Decadal Oscillation,Climate,-0.017339658789440993,-0.0059895814109156564,0.6323676323676324
Pacific Decadal Oscillation,Climate,-0.017339658789440993,-0.011798514116170944,0.6323676323676324
Pacific Decadal Oscillation,Climate,-0.017339658789440993,-0.00901839866076748,0.6323676323676324
Pacific Decadal Oscillation,Climate,-0.017339658789440993,-0.016556770224835926,0.6323676323676324
Pacific Decadal Oscillation,Climate,-0.017339658789440993,-0.03291432430170382,0.6323676323676324
Pacific Decadal Oscillation,Climate,-0.017339658789440993,-0.026026364141847225,0.6323676323676324
Pacific Decadal Oscillation,Climate,-0.017339658789440993,-0.03785758585729915,0.6323676323676324
Pacific Decadal Oscillation,Climate,-0.017339658789440993,0.008001216402049871,0.6323676323676324
Pacific Decadal Oscillation,Climate,-0.017339658789440993,-0.01084386930906911,0.6323676323676324
Pacific Decadal Oscillation,Climate,-0.017339658789440993,-0.005549560584206414,0.6323676323676324
Pacific Decadal Oscillation,Climate,-0.017339658789440993,-0.03163415919585311,0.6323676323676324
Pacific Decadal Oscillation,Climate,-0.017339658789440993,-0.015388135273170178,0.6323676323676324
Pacific Decadal Oscillation,Climate,-0.017339658789440993,-0.04462052993623411,0.6323676323676324
Pacific Decadal Oscillation,Climate,-0.017339658789440993,-0.020938016852143138,0.6323676323676324
Pacific Decadal Oscillation,Climate,-0.017339658789440993,-0.01042737078153455,0.6323676323676324
Pacific Decadal Oscillation,Climate,-0.017339658789440993,-0.02104215971784429,0.6323676323676324
Pacific Decadal Oscillation,Climate,-0.017339658789440993,-0.023714328489965464,0.6323676323676324
Pacific Decadal Oscillation,Climate,-0.017339658789440993,-0.036168884209815566,0.6323676323676324
Pacific Decadal Oscillation,Climate,-0.017339658789440993,-0.006042958584038471,0.6323676323676324
Pacific Decadal Oscillation,Climate,-0.017339658789440993,-0.010817286242536417,0.6323676323676324
Pacific Decadal Oscillation,Climate,-0.017339658789440993,-0.02803743529689795,0.6323676323676324
Pacific Decadal Oscillation,Climate,-0.017339658789440993,-0.017215719766125792,0.6323676323676324
Pacific Decadal Oscillation,Climate,-0.017339658789440993,-0.010400294225678453,0.6323676323676324
Pacific Decadal Oscillation,Climate,-0.017339658789440993,-0.0183982846379227,0.6323676323676324
Pacific Decadal Oscillation,Climate,-0.017339658789440993,-0.01871898392735516,0.6323676323676324
Pacific Decadal Oscillation,Climate,-0.017339658789440993,-0.01632773342688365,0.6323676323676324
Pacific Decadal Oscillation,Climate,-0.017339658789440993,-0.01515532883131998,0.6323676323676324
Pacific Decadal Oscillation,Climate,-0.017339658789440993,-0.0083080462241103,0.6323676323676324
Pacific Decadal Oscillation,Climate,-0.017339658789440993,-0.0331779076144072,0.6323676323676324
Pacific Decadal Oscillation,Climate,-0.017339658789440993,-0.01949209627162185,0.6323676323676324
Pacific Decadal Oscillation,Climate,-0.017339658789440993,-0.03632739966196352,0.6323676323676324
Pacific Decadal Oscillation,Climate,-0.017339658789440993,-0.00591294190991043,0.6323676323676324
Pacific Decadal Oscillation,Climate,-0.017339658789440993,-0.012901609113444845,0.6323676323676324
Pacific Decadal Oscillation,Climate,-0.017339658789440993,-0.017959179431905836,0.6323676323676324
Pacific Decadal Oscillation,Climate,-0.017339658789440993,-0.020730246044675882,0.6323676323676324
Pacific Decadal Oscillation,Climate,-0.017339658789440993,-0.002044115910889488,0.6323676323676324
Pacific Decadal Oscillation,Climate,-0.017339658789440993,-0.01951185931010979,0.6323676323676324
Pacific Decadal Oscillation,Climate,-0.017339658789440993,0.02064256660756625,0.6323676323676324
Pacific Decadal Oscillation,Climate,-0.017339658789440993,-0.017979929707768738,0.6323676323676324
Pacific Decadal Oscillation,Climate,-0.017339658789440993,-0.02601171554657622,0.6323676323676324
Pacific Decadal Oscillation,Climate,-0.017339658789440993,-0.015519715916126886,0.6323676323676324
Pacific Decadal Oscillation,Climate,-0.017339658789440993,-0.013424425891869873,0.6323676323676324
Pacific Decadal Oscillation,Climate,-0.017339658789440993,-0.010872517112786584,0.6323676323676324
Pacific Decadal Oscillation,Climate,-0.017339658789440993,-0.08287045544394811,0.6323676323676324
Pacific Decadal Oscillation,Climate,-0.017339658789440993,-0.010885251009755459,0.6323676323676324
Pacific Decadal Oscillation,Climate,-0.017339658789440993,-0.015305391140357782,0.6323676323676324
Pacific Decadal Oscillation,Climate,-0.017339658789440993,-0.025507070709717805,0.6323676323676324
Pacific Decadal Oscillation,Climate,-0.017339658789440993,0.009476415924583037,0.6323676323676324
Pacific Decadal Oscillation,Climate,-0.017339658789440993,-0.006181154693378987,0.6323676323676324
Pacific Decadal Oscillation,Climate,-0.017339658789440993,0.018797504117208264,0.6323676323676324
Pacific Decadal Oscillation,Climate,-0.017339658789440993,-0.02608767254263289,0.6323676323676324
Pacific Decadal Oscillation,Climate,-0.017339658789440993,-0.023868959804709933,0.6323676323676324
Pacific Decadal Oscillation,Climate,-0.017339658789440993,-0.03451323780558613,0.6323676323676324
Pacific Decadal Oscillation,Climate,-0.017339658789440993,-0.02483449813984251,0.6323676323676324
Pacific Decadal Oscillation,Climate,-0.017339658789440993,-0.007600949337790874,0.6323676323676324
Pacific Decadal Oscillation,Climate,-0.017339658789440993,-0.02139338242756339,0.6323676323676324
Pacific Decadal Oscillation,Climate,-0.017339658789440993,-0.020059183368817513,0.6323676323676324
Pacific Decadal Oscillation,Climate,-0.017339658789440993,-0.0428219453223726,0.6323676323676324
Pacific Decadal Oscillation,Climate,-0.017339658789440993,-0.02417984529710493,0.6323676323676324
Pacific Decadal Oscillation,Climate,-0.017339658789440993,-0.01800911218793111,0.6323676323676324
Pacific Decadal Oscillation,Climate,-0.017339658789440993,-0.013317729682070567,0.6323676323676324
Pacific Decadal Oscillation,Climate,-0.017339658789440993,-0.011351408093462023,0.6323676323676324
Pacific Decadal Oscillation,Climate,-0.017339658789440993,-0.04341938745420992,0.6323676323676324
Pacific Decadal Oscillation,Climate,-0.017339658789440993,-0.017465541134432883,0.6323676323676324
Pacific Decadal Oscillation,Climate,-0.017339658789440993,-0.060726240765435424,0.6323676323676324
Pacific Decadal Oscillation,Climate,-0.017339658789440993,-0.02080332517115213,0.6323676323676324
Pacific Decadal Oscillation,Climate,-0.017339658789440993,-0.01951185931010979,0.6323676323676324
Pacific Decadal Oscillation,Climate,-0.017339658789440993,-0.018811652440321014,0.6323676323676324
Pacific Decadal Oscillation,Climate,-0.017339658789440993,-0.028988291556536483,0.6323676323676324
Pacific Decadal Oscillation,Climate,-0.017339658789440993,-0.02461037034070923,0.6323676323676324
Pacific Decadal Oscillation,Climate,-0.017339658789440993,-0.03131501331858089,0.6323676323676324
Pacific Decadal Oscillation,Climate,-0.017339658789440993,-0.02707717264122733,0.6323676323676324
Pacific Decadal Oscillation,Climate,-0.017339658789440993,-0.015930313993433254,0.6323676323676324
Pacific Decadal Oscillation,Climate,-0.017339658789440993,-0.015215672572680194,0.6323676323676324
Pacific Decadal Oscillation,Climate,-0.017339658789440993,0.025523980910082678,0.6323676323676324
Pacific Decadal Oscillation,Climate,-0.017339658789440993,-6.619210790392849e-5,0.6323676323676324
Pacific Decadal Oscillation,Climate,-0.017339658789440993,-0.01262302524544201,0.6323676323676324
Pacific Decadal Oscillation,Climate,-0.017339658789440993,-0.034783792981836203,0.6323676323676324
Pacific Decadal Oscillation,Climate,-0.017339658789440993,-0.016067224864840135,0.6323676323676324
Pacific Decadal Oscillation,Climate,-0.017339658789440993,-0.013873669552122436,0.6323676323676324
Pacific Decadal Oscillation,Climate,-0.017339658789440993,-0.006807344386551506,0.6323676323676324
Pacific Decadal Oscillation,Climate,-0.017339658789440993,-0.009137225655964976,0.6323676323676324
Pacific Decadal Oscillation,Climate,-0.017339658789440993,-0.006572691619728399,0.6323676323676324
Pacific Decadal Oscillation,Climate,-0.017339658789440993,0.03107277074875181,0.6323676323676324
Pacific Decadal Oscillation,Climate,-0.017339658789440993,-0.027596456641505673,0.6323676323676324
Pacific Decadal Oscillation,Climate,-0.017339658789440993,-0.023548524326036713,0.6323676323676324
Pacific Decadal Oscillation,Climate,-0.017339658789440993,-0.0040025980210900425,0.6323676323676324
Pacific Decadal Oscillation,Climate,-0.017339658789440993,-0.01505349509137699,0.6323676323676324
Pacific Decadal Oscillation,Climate,-0.017339658789440993,-0.0014602300338171226,0.6323676323676324
Pacific Decadal Oscillation,Climate,-0.017339658789440993,-0.012125080241969233,0.6323676323676324
Pacific Decadal Oscillation,Climate,-0.017339658789440993,0.025523980910082678,0.6323676323676324
Pacific Decadal Oscillation,Climate,-0.017339658789440993,-0.03163415919585311,0.6323676323676324
Pacific Decadal Oscillation,Climate,-0.017339658789440993,-0.016270392454047933,0.6323676323676324
Pacific Decadal Oscillation,Climate,-0.017339658789440993,-0.0063713168557990585,0.6323676323676324
Pacific Decadal Oscillation,Climate,-0.017339658789440993,-0.015227050392528252,0.6323676323676324
Pacific Decadal Oscillation,Climate,-0.017339658789440993,-0.014684430291427075,0.6323676323676324
Pacific Decadal Oscillation,Climate,-0.017339658789440993,-0.022495148616371807,0.6323676323676324
Pacific Decadal Oscillation,Climate,-0.017339658789440993,-0.017634934453174544,0.6323676323676324
Pacific Decadal Oscillation,Climate,-0.017339658789440993,-0.009673729177308577,0.6323676323676324
Pacific Decadal Oscillation,Climate,-0.017339658789440993,-0.016544341531089524,0.6323676323676324
Pacific Decadal Oscillation,Climate,-0.017339658789440993,-0.016240549427920525,0.6323676323676324
Pacific Decadal Oscillation,Climate,-0.017339658789440993,-0.05434107605733152,0.6323676323676324
Pacific Decadal Oscillation,Climate,-0.017339658789440993,-0.02152906701105084,0.6323676323676324
Pacific Decadal Oscillation,Climate,-0.017339658789440993,-0.010769694837852617,0.6323676323676324
Pacific Decadal Oscillation,Climate,-0.017339658789440993,0.002014182422450661,0.6323676323676324
Pacific Decadal Oscillation,Climate,-0.017339658789440993,-0.056739389966231846,0.6323676323676324
Pacific Decadal Oscillation,Climate,-0.017339658789440993,-0.015850445513438505,0.6323676323676324
Pacific Decadal Oscillation,Climate,-0.017339658789440993,-0.0025744347258813693,0.6323676323676324
Pacific Decadal Oscillation,Climate,-0.017339658789440993,-0.01638427714930546,0.6323676323676324
Pacific Decadal Oscillation,Climate,-0.017339658789440993,-0.018701786077383042,0.6323676323676324
Pacific Decadal Oscillation,Climate,-0.017339658789440993,-0.023875428082931416,0.6323676323676324
Pacific Decadal Oscillation,Climate,-0.017339658789440993,-0.013389256908006963,0.6323676323676324
Pacific Decadal Oscillation,Climate,-0.017339658789440993,-0.021404300330637227,0.6323676323676324
Pacific Decadal Oscillation,Climate,-0.017339658789440993,-0.013960548275310902,0.6323676323676324
Pacific Decadal Oscillation,Climate,-0.017339658789440993,0.0017245678950711385,0.6323676323676324
Pacific Decadal Oscillation,Climate,-0.017339658789440993,-0.014950203102326531,0.6323676323676324
Pacific Decadal Oscillation,Climate,-0.017339658789440993,-0.035142455018516205,0.6323676323676324
Pacific Decadal Oscillation,Climate,-0.017339658789440993,-0.015134656348233966,0.6323676323676324
Pacific Decadal Oscillation,Climate,-0.017339658789440993,-0.0178308711068087,0.6323676323676324
Pacific Decadal Oscillation,Climate,-0.017339658789440993,-0.015188621091963617,0.6323676323676324
Pacific Decadal Oscillation,Climate,-0.017339658789440993,-0.014727699634798253,0.6323676323676324
Pacific Decadal Oscillation,Climate,-0.017339658789440993,0.002031498698374934,0.6323676323676324
Pacific Decadal Oscillation,Climate,-0.017339658789440993,-0.003948850615877797,0.6323676323676324
Pacific Decadal Oscillation,Climate,-0.017339658789440993,-0.013261788354603787,0.6323676323676324
Pacific Decadal Oscillation,Climate,-0.017339658789440993,-0.016068860003332963,0.6323676323676324
Pacific Decadal Oscillation,Climate,-0.017339658789440993,-0.02053908923091874,0.6323676323676324
Pacific Decadal Oscillation,Climate,-0.017339658789440993,-0.018550469072176057,0.6323676323676324
Pacific Decadal Oscillation,Climate,-0.017339658789440993,-0.0132778819931203,0.6323676323676324
Pacific Decadal Oscillation,Climate,-0.017339658789440993,-0.03291432430170382,0.6323676323676324
Pacific Decadal Oscillation,Climate,-0.017339658789440993,-0.02218296653230789,0.6323676323676324
Pacific Decadal Oscillation,Climate,-0.017339658789440993,-0.030419779056879648,0.6323676323676324
Pacific Decadal Oscillation,Climate,-0.017339658789440993,-0.05459169841263778,0.6323676323676324
Pacific Decadal Oscillation,Climate,-0.017339658789440993,-0.012725757678131,0.6323676323676324
Pacific Decadal Oscillation,Climate,-0.017339658789440993,-0.051630548709184376,0.6323676323676324
Pacific Decadal Oscillation,Climate,-0.017339658789440993,-0.008198517719393728,0.6323676323676324
Pacific Decadal Oscillation,Climate,-0.017339658789440993,-0.01133442502644999,0.6323676323676324
Pacific Decadal Oscillation,Climate,-0.017339658789440993,0.02405329247886523,0.6323676323676324
Pacific Decadal Oscillation,Climate,-0.017339658789440993,-0.013812775428486912,0.6323676323676324
Pacific Decadal Oscillation,Climate,-0.017339658789440993,-0.013690081315957281,0.6323676323676324
Pacific Decadal Oscillation,Climate,-0.017339658789440993,-0.04040045745952048,0.6323676323676324
Pacific Decadal Oscillation,Climate,-0.017339658789440993,-0.0170737038183022,0.6323676323676324
Pacific Decadal Oscillation,Climate,-0.017339658789440993,-0.08412105444247908,0.6323676323676324
Pacific Decadal Oscillation,Climate,-0.017339658789440993,-0.017483331596577445,0.6323676323676324
Pacific Decadal Oscillation,Climate,-0.017339658789440993,-0.05758681532336718,0.6323676323676324
Pacific Decadal Oscillation,Climate,-0.017339658789440993,-0.011022956889490843,0.6323676323676324
Pacific Decadal Oscillation,Climate,-0.017339658789440993,0.003368556009453294,0.6323676323676324
Pacific Decadal Oscillation,Climate,-0.017339658789440993,-0.044345195123951076,0.6323676323676324
Pacific Decadal Oscillation,Climate,-0.017339658789440993,0.002421745865586189,0.6323676323676324
Pacific Decadal Oscillation,Climate,-0.017339658789440993,-0.00901839866076748,0.6323676323676324
Pacific Decadal Oscillation,Climate,-0.017339658789440993,-0.027636377514460575,0.6323676323676324
Pacific Decadal Oscillation,Climate,-0.017339658789440993,-0.023304544119069792,0.6323676323676324
Pacific Decadal Oscillation,Climate,-0.017339658789440993,-0.038759000455307335,0.6323676323676324
Pacific Decadal Oscillation,Climate,-0.017339658789440993,0.02995025445972621,0.6323676323676324
Pacific Decadal Oscillation,Climate,-0.017339658789440993,0.02972966968026347,0.6323676323676324
Pacific Decadal Oscillation,Climate,-0.017339658789440993,-0.0335621447034542,0.6323676323676324
Pacific Decadal Oscillation,Climate,-0.017339658789440993,-0.008685306078465072,0.6323676323676324
Pacific Decadal Oscillation,Climate,-0.017339658789440993,-0.035595429643759724,0.6323676323676324
Pacific Decadal Oscillation,Climate,-0.017339658789440993,-0.01196091340150085,0.6323676323676324
Pacific Decadal Oscillation,Climate,-0.017339658789440993,-0.03291432430170382,0.6323676323676324
Pacific Decadal Oscillation,Climate,-0.017339658789440993,-0.01698841734957668,0.6323676323676324
Pacific Decadal Oscillation,Climate,-0.017339658789440993,-0.051630548709184376,0.6323676323676324
Pacific Decadal Oscillation,Climate,-0.017339658789440993,-0.008272575607769728,0.6323676323676324
Pacific Decadal Oscillation,Climate,-0.017339658789440993,-0.010891165883299081,0.6323676323676324
Pacific Decadal Oscillation,Climate,-0.017339658789440993,-0.03829419215309482,0.6323676323676324
Pacific Decadal Oscillation,Climate,-0.017339658789440993,-0.00803485545658389,0.6323676323676324
Pacific Decadal Oscillation,Climate,-0.017339658789440993,0.015433361002734958,0.6323676323676324
Pacific Decadal Oscillation,Climate,-0.017339658789440993,-0.0135190041404456,0.6323676323676324
Pacific Decadal Oscillation,Climate,-0.017339658789440993,0.009673715376897873,0.6323676323676324
Pacific Decadal Oscillation,Climate,-0.017339658789440993,-0.01505349509137699,0.6323676323676324
Pacific Decadal Oscillation,Climate,-0.017339658789440993,-0.034294726795849106,0.6323676323676324
Pacific Decadal Oscillation,Climate,-0.017339658789440993,-0.01427075571722125,0.6323676323676324
Pacific Decadal Oscillation,Climate,-0.017339658789440993,-0.03986039846492884,0.6323676323676324
Pacific Decadal Oscillation,Climate,-0.017339658789440993,-0.015385555433458986,0.6323676323676324
Pacific Decadal Oscillation,Climate,-0.017339658789440993,-0.022344573970549453,0.6323676323676324
Pacific Decadal Oscillation,Climate,-0.017339658789440993,-0.011864730902108711,0.6323676323676324
Pacific Decadal Oscillation,Climate,-0.017339658789440993,-0.01084386930906911,0.6323676323676324
Pacific Decadal Oscillation,Climate,-0.017339658789440993,-0.028988291556536483,0.6323676323676324
Pacific Decadal Oscillation,Climate,-0.017339658789440993,-0.004820672500448486,0.6323676323676324
Pacific Decadal Oscillation,Climate,-0.017339658789440993,-0.015980859274116188,0.6323676323676324
Pacific Decadal Oscillation,Climate,-0.017339658789440993,0.011695993912395064,0.6323676323676324
Pacific Decadal Oscillation,Climate,-0.017339658789440993,-0.028971498691405584,0.6323676323676324
Pacific Decadal Oscillation,Climate,-0.017339658789440993,-0.013389256908006963,0.6323676323676324
Pacific Decadal Oscillation,Climate,-0.017339658789440993,-0.03925285644754539,0.6323676323676324
Pacific Decadal Oscillation,Climate,-0.017339658789440993,-0.012630310899260477,0.6323676323676324
Pacific Decadal Oscillation,Climate,-0.017339658789440993,-0.016754446238192555,0.6323676323676324
Pacific Decadal Oscillation,Climate,-0.017339658789440993,-0.02305712105920854,0.6323676323676324
Pacific Decadal Oscillation,Climate,-0.017339658789440993,-0.08119963071781289,0.6323676323676324
Pacific Decadal Oscillation,Climate,-0.017339658789440993,-0.004982300272452722,0.6323676323676324
Pacific Decadal Oscillation,Climate,-0.017339658789440993,-0.03543017818516403,0.6323676323676324
Pacific Decadal Oscillation,Climate,-0.017339658789440993,-0.013196011766312576,0.6323676323676324
Pacific Decadal Oscillation,Climate,-0.017339658789440993,0.01174381742019448,0.6323676323676324
Pacific Decadal Oscillation,Climate,-0.017339658789440993,-0.02224123623845764,0.6323676323676324
Pacific Decadal Oscillation,Climate,-0.017339658789440993,-0.02053908923091874,0.6323676323676324
Pacific Decadal Oscillation,Climate,-0.017339658789440993,-0.011000807288215286,0.6323676323676324
Pacific Decadal Oscillation,Climate,-0.017339658789440993,-0.015082266974374203,0.6323676323676324
Pacific Decadal Oscillation,Climate,-0.017339658789440993,-0.002300959893476673,0.6323676323676324
Pacific Decadal Oscillation,Climate,-0.017339658789440993,-0.007225985208515251,0.6323676323676324
Pacific Decadal Oscillation,Climate,-0.017339658789440993,-0.014819804213382026,0.6323676323676324
Pacific Decadal Oscillation,Climate,-0.017339658789440993,-0.03291432430170382,0.6323676323676324
Pacific Decadal Oscillation,Climate,-0.017339658789440993,-0.027376369153134572,0.6323676323676324
Pacific Decadal Oscillation,Climate,-0.017339658789440993,0.01677619031206068,0.6323676323676324
Pacific Decadal Oscillation,Climate,-0.017339658789440993,0.024400535188648376,0.6323676323676324
Pacific Decadal Oscillation,Climate,-0.017339658789440993,-0.005587911986527638,0.6323676323676324
Pacific Decadal Oscillation,Climate,-0.017339658789440993,-0.018500700302762185,0.6323676323676324
Pacific Decadal Oscillation,Climate,-0.017339658789440993,-0.009281187741051466,0.6323676323676324
Pacific Decadal Oscillation,Climate,-0.017339658789440993,-0.016544341531089524,0.6323676323676324
Pacific Decadal Oscillation,Climate,-0.017339658789440993,-0.02166958343335934,0.6323676323676324
Pacific Decadal Oscillation,Climate,-0.017339658789440993,-0.027573536799381237,0.6323676323676324
Pacific Decadal Oscillation,Climate,-0.017339658789440993,-0.019490464818019193,0.6323676323676324
Pacific Decadal Oscillation,Climate,-0.017339658789440993,-0.0034732636545740103,0.6323676323676324
Pacific Decadal Oscillation,Climate,-0.017339658789440993,-0.005448814496658683,0.6323676323676324
Pacific Decadal Oscillation,Climate,-0.017339658789440993,-0.011056179966326685,0.6323676323676324
Pacific Decadal Oscillation,Climate,-0.017339658789440993,-0.02803743529689795,0.6323676323676324
Pacific Decadal Oscillation,Climate,-0.017339658789440993,-0.015595119946718361,0.6323676323676324
Pacific Decadal Oscillation,Climate,-0.017339658789440993,0.0028474196528290863,0.6323676323676324
Pacific Decadal Oscillation,Climate,-0.017339658789440993,-0.01168913226951851,0.6323676323676324
Pacific Decadal Oscillation,Climate,-0.017339658789440993,-0.015328786869494904,0.6323676323676324
Pacific Decadal Oscillation,Climate,-0.017339658789440993,-0.013812775428486912,0.6323676323676324
Pacific Decadal Oscillation,Climate,-0.017339658789440993,-0.017097273983193606,0.6323676323676324
Pacific Decadal Oscillation,Climate,-0.017339658789440993,-0.028988291556536483,0.6323676323676324
Pacific Decadal Oscillation,Climate,-0.017339658789440993,-0.015435243149872768,0.6323676323676324
Pacific Decadal Oscillation,Climate,-0.017339658789440993,-0.04322828759485775,0.6323676323676324
Pacific Decadal Oscillation,Climate,-0.017339658789440993,0.017813699093053303,0.6323676323676324
Pacific Decadal Oscillation,Climate,-0.017339658789440993,-0.00901839866076748,0.6323676323676324
Pacific Decadal Oscillation,Climate,-0.017339658789440993,-0.013061073749411234,0.6323676323676324
Pacific Decadal Oscillation,Climate,-0.017339658789440993,-0.08119963071781289,0.6323676323676324
Pacific Decadal Oscillation,Climate,-0.017339658789440993,0.00839580698656528,0.6323676323676324
Pacific Decadal Oscillation,Climate,-0.017339658789440993,-0.009877595217337998,0.6323676323676324
Pacific Decadal Oscillation,Climate,-0.017339658789440993,-0.02328947044001306,0.6323676323676324
Pacific Decadal Oscillation,Climate,-0.017339658789440993,-0.019978627320668796,0.6323676323676324
Pacific Decadal Oscillation,Climate,-0.017339658789440993,-0.022781822752944603,0.6323676323676324
Pacific Decadal Oscillation,Climate,-0.017339658789440993,-0.02694696363993443,0.6323676323676324
Pacific Decadal Oscillation,Climate,-0.017339658789440993,-0.013591153825832203,0.6323676323676324
Pacific Decadal Oscillation,Climate,-0.017339658789440993,-0.03224177588913313,0.6323676323676324
Pacific Decadal Oscillation,Climate,-0.017339658789440993,-0.006572691619728399,0.6323676323676324
Pacific Decadal Oscillation,Climate,-0.017339658789440993,-0.010804486730855656,0.6323676323676324
Pacific Decadal Oscillation,Climate,-0.017339658789440993,-0.016308412625866353,0.6323676323676324
Pacific Decadal Oscillation,Climate,-0.017339658789440993,-0.005813787208680532,0.6323676323676324
Pacific Decadal Oscillation,Climate,-0.017339658789440993,0.0017245678950711385,0.6323676323676324
Pacific Decadal Oscillation,Climate,-0.017339658789440993,-0.022297722302679013,0.6323676323676324
Pacific Decadal Oscillation,Climate,-0.017339658789440993,-0.008042601471231814,0.6323676323676324
Pacific Decadal Oscillation,Climate,-0.017339658789440993,-0.015478496787204366,0.6323676323676324
Pacific Decadal Oscillation,Climate,-0.017339658789440993,-0.00454135077770812,0.6323676323676324
Pacific Decadal Oscillation,Climate,-0.017339658789440993,0.027628323420635148,0.6323676323676324
Pacific Decadal Oscillation,Climate,-0.017339658789440993,-0.02305712105920854,0.6323676323676324
Pacific Decadal Oscillation,Climate,-0.017339658789440993,0.005217729297267049,0.6323676323676324
Pacific Decadal Oscillation,Climate,-0.017339658789440993,-0.08412105444247908,0.6323676323676324
Pacific Decadal Oscillation,Climate,-0.017339658789440993,-0.04313910851982561,0.6323676323676324
Pacific Decadal Oscillation,Climate,-0.017339658789440993,0.008217468658455074,0.6323676323676324
Pacific Decadal Oscillation,Climate,-0.017339658789440993,-0.01756225814633483,0.6323676323676324
Pacific Decadal Oscillation,Climate,-0.017339658789440993,-6.619210790392849e-5,0.6323676323676324
Pacific Decadal Oscillation,Climate,-0.017339658789440993,-0.017097273983193606,0.6323676323676324
Pacific Decadal Oscillation,Climate,-0.017339658789440993,-0.02309624855143344,0.6323676323676324
Pacific Decadal Oscillation,Climate,-0.017339658789440993,-0.017959179431905836,0.6323676323676324
Pacific Decadal Oscillation,Climate,-0.017339658789440993,-0.015503388469002344,0.6323676323676324
Pacific Decadal Oscillation,Climate,-0.017339658789440993,-0.023714328489965464,0.6323676323676324
Pacific Decadal Oscillation,Climate,-0.017339658789440993,-0.011056179966326685,0.6323676323676324
Pacific Decadal Oscillation,Climate,-0.017339658789440993,-0.0025744347258813693,0.6323676323676324
Pacific Decadal Oscillation,Climate,-0.017339658789440993,0.01783959467055274,0.6323676323676324
Pacific Decadal Oscillation,Climate,-0.017339658789440993,-0.02003101618224079,0.6323676323676324
Pacific Decadal Oscillation,Climate,-0.017339658789440993,0.00839580698656528,0.6323676323676324
Pacific Decadal Oscillation,Climate,-0.017339658789440993,-0.04291980776371118,0.6323676323676324
Pacific Decadal Oscillation,Climate,-0.017339658789440993,-0.05459169841263778,0.6323676323676324
Pacific Decadal Oscillation,Climate,-0.017339658789440993,0.024400535188648376,0.6323676323676324
Pacific Decadal Oscillation,Climate,-0.017339658789440993,-0.04040045745952048,0.6323676323676324
Pacific Decadal Oscillation,Climate,-0.017339658789440993,-0.022232386710878682,0.6323676323676324
Pacific Decadal Oscillation,Climate,-0.017339658789440993,-0.01515532883131998,0.6323676323676324
Pacific Decadal Oscillation,Climate,-0.017339658789440993,-0.015398977080759435,0.6323676323676324
Pacific Decadal Oscillation,Climate,-0.017339658789440993,-0.02455831147622156,0.6323676323676324
Pacific Decadal Oscillation,Climate,-0.017339658789440993,0.018103597348481104,0.6323676323676324
Pacific Decadal Oscillation,Climate,-0.017339658789440993,-0.01481685890009743,0.6323676323676324
Pacific Decadal Oscillation,Climate,-0.017339658789440993,-0.04594577286220081,0.6323676323676324
Pacific Decadal Oscillation,Climate,-0.017339658789440993,-0.0204688229161325,0.6323676323676324
Pacific Decadal Oscillation,Climate,-0.017339658789440993,0.008488678059280885,0.6323676323676324
Pacific Decadal Oscillation,Climate,-0.017339658789440993,-0.09080628254459322,0.6323676323676324
Pacific Decadal Oscillation,Climate,-0.017339658789440993,-0.018294159469711913,0.6323676323676324
Pacific Decadal Oscillation,Climate,-0.017339658789440993,-0.019251600710770145,0.6323676323676324
Pacific Decadal Oscillation,Climate,-0.017339658789440993,-0.023811297486261207,0.6323676323676324
Pacific Decadal Oscillation,Climate,-0.017339658789440993,-0.02706885697401673,0.6323676323676324
Pacific Decadal Oscillation,Climate,-0.017339658789440993,-0.01348044832392259,0.6323676323676324
Pacific Decadal Oscillation,Climate,-0.017339658789440993,-0.013597732405706608,0.6323676323676324
Pacific Decadal Oscillation,Climate,-0.017339658789440993,0.0055025772736819745,0.6323676323676324
Pacific Decadal Oscillation,Climate,-0.017339658789440993,-0.0028604642653742296,0.6323676323676324
Pacific Decadal Oscillation,Climate,-0.017339658789440993,-0.00560824755996947,0.6323676323676324
Pacific Decadal Oscillation,Climate,-0.017339658789440993,-0.015569023503992474,0.6323676323676324
Pacific Decadal Oscillation,Climate,-0.017339658789440993,-0.02432474470036028,0.6323676323676324
Pacific Decadal Oscillation,Climate,-0.017339658789440993,-0.0030518651376914008,0.6323676323676324
Pacific Decadal Oscillation,Climate,-0.017339658789440993,-0.021177431190363638,0.6323676323676324
Pacific Decadal Oscillation,Climate,-0.017339658789440993,-0.029166637590958278,0.6323676323676324
Pacific Decadal Oscillation,Climate,-0.017339658789440993,-0.11112097870031112,0.6323676323676324
Pacific Decadal Oscillation,Climate,-0.017339658789440993,-0.05054227382984222,0.6323676323676324
Pacific Decadal Oscillation,Climate,-0.017339658789440993,-0.04807994919024772,0.6323676323676324
Pacific Decadal Oscillation,Climate,-0.017339658789440993,0.014056861480027716,0.6323676323676324
Pacific Decadal Oscillation,Climate,-0.017339658789440993,-0.01908901888857195,0.6323676323676324
Pacific Decadal Oscillation,Climate,-0.017339658789440993,0.0022441922548452897,0.6323676323676324
Pacific Decadal Oscillation,Climate,-0.017339658789440993,-0.012931985651966738,0.6323676323676324
Pacific Decadal Oscillation,Climate,-0.017339658789440993,0.0022586170591130106,0.6323676323676324
Pacific Decadal Oscillation,Climate,-0.017339658789440993,-0.004612934326090556,0.6323676323676324
Pacific Decadal Oscillation,Climate,-0.017339658789440993,-0.00859788861598032,0.6323676323676324
Pacific Decadal Oscillation,Climate,-0.017339658789440993,-0.009246387108547527,0.6323676323676324
Pacific Decadal Oscillation,Climate,-0.017339658789440993,-0.014450527420545978,0.6323676323676324
Pacific Decadal Oscillation,Climate,-0.017339658789440993,-0.0132778819931203,0.6323676323676324
Pacific Decadal Oscillation,Climate,-0.017339658789440993,-0.04652450804221764,0.6323676323676324
Pacific Decadal Oscillation,Climate,-0.017339658789440993,-9.993013254858685e-4,0.6323676323676324
Pacific Decadal Oscillation,Climate,-0.017339658789440993,-0.015845391755409555,0.6323676323676324
Pacific Decadal Oscillation,Climate,-0.017339658789440993,-0.01375242501757512,0.6323676323676324
Pacific Decadal Oscillation,Climate,-0.017339658789440993,-0.014110630278033165,0.6323676323676324
Pacific Decadal Oscillation,Climate,-0.017339658789440993,-0.02537746359853621,0.6323676323676324
Pacific Decadal Oscillation,Climate,-0.017339658789440993,-0.01683946278734627,0.6323676323676324
Pacific Decadal Oscillation,Climate,-0.017339658789440993,-0.015478496787204366,0.6323676323676324
Pacific Decadal Oscillation,Climate,-0.017339658789440993,-0.01123305499432714,0.6323676323676324
Pacific Decadal Oscillation,Climate,-0.017339658789440993,-0.022781822752944603,0.6323676323676324
Pacific Decadal Oscillation,Climate,-0.017339658789440993,-0.004982300272452722,0.6323676323676324
Pacific Decadal Oscillation,Climate,-0.017339658789440993,-0.013769721474347962,0.6323676323676324
Pacific Decadal Oscillation,Climate,-0.017339658789440993,-0.008339257862503446,0.6323676323676324
Pacific Decadal Oscillation,Climate,-0.017339658789440993,-0.04823571043913377,0.6323676323676324
Pacific Decadal Oscillation,Climate,-0.017339658789440993,-0.005587911986527638,0.6323676323676324
Pacific Decadal Oscillation,Climate,-0.017339658789440993,-0.012125080241969233,0.6323676323676324
Pacific Decadal Oscillation,Climate,-0.017339658789440993,-0.017197563214129685,0.6323676323676324
Pacific Decadal Oscillation,Climate,-0.017339658789440993,-0.01386011255001085,0.6323676323676324
Pacific Decadal Oscillation,Climate,-0.017339658789440993,-0.020960334652128543,0.6323676323676324
Pacific Decadal Oscillation,Climate,-0.017339658789440993,-0.016136455216823498,0.6323676323676324
Pacific Decadal Oscillation,Climate,-0.017339658789440993,-0.01400948160630655,0.6323676323676324
Pacific Decadal Oscillation,Climate,-0.017339658789440993,-0.09670492285171295,0.6323676323676324
Pacific Decadal Oscillation,Climate,-0.017339658789440993,-0.00703487170410555,0.6323676323676324
Pacific Decadal Oscillation,Climate,-0.017339658789440993,0.002994103951436733,0.6323676323676324
Pacific Decadal Oscillation,Climate,-0.017339658789440993,-0.03212889448104672,0.6323676323676324
Pacific Decadal Oscillation,Climate,-0.017339658789440993,-0.021513490148150405,0.6323676323676324
Pacific Decadal Oscillation,Climate,-0.017339658789440993,-0.005813787208680532,0.6323676323676324
Pacific Decadal Oscillation,Climate,-0.017339658789440993,-0.011769401318533657,0.6323676323676324
Pacific Decadal Oscillation,Climate,-0.017339658789440993,-0.011732329362197369,0.6323676323676324
Pacific Decadal Oscillation,Climate,-0.017339658789440993,-0.007819432275186555,0.6323676323676324
Pacific Decadal Oscillation,Climate,-0.017339658789440993,-0.011560320534753421,0.6323676323676324
Pacific Decadal Oscillation,Climate,-0.017339658789440993,-0.009673729177308577,0.6323676323676324
Pacific Decadal Oscillation,Climate,-0.017339658789440993,-0.012523692215510751,0.6323676323676324
Pacific Decadal Oscillation,Climate,-0.017339658789440993,-0.011560320534753421,0.6323676323676324
Pacific Decadal Oscillation,Climate,-0.017339658789440993,-0.018212272871660717,0.6323676323676324
Pacific Decadal Oscillation,Climate,-0.017339658789440993,-0.036259661305225954,0.6323676323676324
Pacific Decadal Oscillation,Climate,-0.017339658789440993,-0.027573536799381237,0.6323676323676324
Pacific Decadal Oscillation,Climate,-0.017339658789440993,-0.015335420982333314,0.6323676323676324
Pacific Decadal Oscillation,Climate,-0.017339658789440993,-0.011678850312651479,0.6323676323676324
Pacific Decadal Oscillation,Climate,-0.017339658789440993,0.014056861480027716,0.6323676323676324
Pacific Decadal Oscillation,Climate,-0.017339658789440993,-0.01081847504777178,0.6323676323676324
Pacific Decadal Oscillation,Climate,-0.017339658789440993,0.006207927476225006,0.6323676323676324
Pacific Decadal Oscillation,Climate,-0.017339658789440993,-0.02455831147622156,0.6323676323676324
Pacific Decadal Oscillation,Climate,-0.017339658789440993,-0.05642024969861481,0.6323676323676324
Pacific Decadal Oscillation,Climate,-0.017339658789440993,0.01677619031206068,0.6323676323676324
Pacific Decadal Oscillation,Climate,-0.017339658789440993,-0.031062273636499826,0.6323676323676324
Pacific Decadal Oscillation,Climate,-0.017339658789440993,-0.021678369151935772,0.6323676323676324
Pacific Decadal Oscillation,Climate,-0.017339658789440993,-0.016059155932882208,0.6323676323676324
Pacific Decadal Oscillation,Climate,-0.017339658789440993,-0.00993443614499423,0.6323676323676324
Pacific Decadal Oscillation,Climate,-0.017339658789440993,4.160078999099204e-4,0.6323676323676324
Pacific Decadal Oscillation,Climate,-0.017339658789440993,-0.015305391140357782,0.6323676323676324
Pacific Decadal Oscillation,Climate,-0.017339658789440993,-0.02912903722311211,0.6323676323676324
Pacific Decadal Oscillation,Climate,-0.017339658789440993,-0.03291432430170382,0.6323676323676324
Pacific Decadal Oscillation,Climate,-0.017339658789440993,-0.015077570145449526,0.6323676323676324
Pacific Decadal Oscillation,Climate,-0.017339658789440993,-0.011560320534753421,0.6323676323676324
Pacific Decadal Oscillation,Climate,-0.017339658789440993,-0.012387021366655482,0.6323676323676324
Pacific Decadal Oscillation,Climate,-0.017339658789440993,0.018103597348481104,0.6323676323676324
Pacific Decadal Oscillation,Climate,-0.017339658789440993,-0.03684614537725461,0.6323676323676324
Pacific Decadal Oscillation,Climate,-0.017339658789440993,-0.012065278218142073,0.6323676323676324
Pacific Decadal Oscillation,Climate,-0.017339658789440993,-0.006178724113917511,0.6323676323676324
Pacific Decadal Oscillation,Climate,-0.017339658789440993,-0.022777885679499343,0.6323676323676324
Pacific Decadal Oscillation,Climate,-0.017339658789440993,-0.014166847091943602,0.6323676323676324
Pacific Decadal Oscillation,Climate,-0.017339658789440993,-0.01500105186619427,0.6323676323676324
Pacific Decadal Oscillation,Climate,-0.017339658789440993,-0.015615206674036708,0.6323676323676324
Pacific Decadal Oscillation,Climate,-0.017339658789440993,-0.005306882492136511,0.6323676323676324
Pacific Decadal Oscillation,Climate,-0.017339658789440993,-0.023976183298842324,0.6323676323676324
Pacific Decadal Oscillation,Climate,-0.017339658789440993,-0.01228653501962218,0.6323676323676324
Pacific Decadal Oscillation,Climate,-0.017339658789440993,-0.013597732405706608,0.6323676323676324
Pacific Decadal Oscillation,Climate,-0.017339658789440993,0.002014182422450661,0.6323676323676324
Pacific Decadal Oscillation,Climate,-0.017339658789440993,-0.025222492585579515,0.6323676323676324
Pacific Decadal Oscillation,Climate,-0.017339658789440993,0.018138438502908194,0.6323676323676324
Pacific Decadal Oscillation,Climate,-0.017339658789440993,-0.016068860003332963,0.6323676323676324
Pacific Decadal Oscillation,Climate,-0.017339658789440993,-0.010742219849159351,0.6323676323676324
Pacific Decadal Oscillation,Climate,-0.017339658789440993,0.011695993912395064,0.6323676323676324
Pacific Decadal Oscillation,Climate,-0.017339658789440993,-0.016999215729399664,0.6323676323676324
Pacific Decadal Oscillation,Climate,-0.017339658789440993,-0.04974450254295215,0.6323676323676324
Pacific Decadal Oscillation,Climate,-0.017339658789440993,-0.0288810616913302,0.6323676323676324
Pacific Decadal Oscillation,Climate,-0.017339658789440993,0.018103597348481104,0.6323676323676324
Pacific Decadal Oscillation,Climate,-0.017339658789440993,-0.016880037343609766,0.6323676323676324
Pacific Decadal Oscillation,Climate,-0.017339658789440993,-0.044345195123951076,0.6323676323676324
Pacific Decadal Oscillation,Climate,-0.017339658789440993,-0.01228653501962218,0.6323676323676324
Pacific Decadal Oscillation,Climate,-0.017339658789440993,-0.016399139937595564,0.6323676323676324
Pacific Decadal Oscillation,Climate,-0.017339658789440993,-0.004530298963863366,0.6323676323676324
Pacific Decadal Oscillation,Climate,-0.017339658789440993,0.010852532748568122,0.6323676323676324
Pacific Decadal Oscillation,Climate,-0.017339658789440993,-0.014819804213382026,0.6323676323676324
Pacific Decadal Oscillation,Climate,-0.017339658789440993,-0.007362685968888449,0.6323676323676324
Pacific Decadal Oscillation,Climate,-0.017339658789440993,-0.01428915275248377,0.6323676323676324
Pacific Decadal Oscillation,Climate,-0.017339658789440993,-0.022777885679499343,0.6323676323676324
Pacific Decadal Oscillation,Climate,-0.017339658789440993,-0.009526486597040362,0.6323676323676324
Pacific Decadal Oscillation,Climate,-0.017339658789440993,-0.014922279627114898,0.6323676323676324
Pacific Decadal Oscillation,Climate,-0.017339658789440993,-0.020782981424442237,0.6323676323676324
Pacific Decadal Oscillation,Climate,-0.017339658789440993,-0.004995172032236761,0.6323676323676324
Pacific Decadal Oscillation,Climate,-0.017339658789440993,-0.025461109572107565,0.6323676323676324
Pacific Decadal Oscillation,Climate,-0.017339658789440993,0.012508036672081446,0.6323676323676324
Pacific Decadal Oscillation,Climate,-0.017339658789440993,-0.013873669552122436,0.6323676323676324
Pacific Decadal Oscillation,Climate,-0.017339658789440993,-0.023714328489965464,0.6323676323676324
Pacific Decadal Oscillation,Climate,-0.017339658789440993,0.017813699093053303,0.6323676323676324
Pacific Decadal Oscillation,Climate,-0.017339658789440993,0.009476415924583037,0.6323676323676324
Pacific Decadal Oscillation,Climate,-0.017339658789440993,-0.01735372206382002,0.6323676323676324
Pacific Decadal Oscillation,Climate,-0.017339658789440993,0.02405329247886523,0.6323676323676324
Pacific Decadal Oscillation,Climate,-0.017339658789440993,-0.028602217482416536,0.6323676323676324
Pacific Decadal Oscillation,Climate,-0.017339658789440993,0.0077623115125915465,0.6323676323676324
Pacific Decadal Oscillation,Climate,-0.017339658789440993,-0.13599420131256723,0.6323676323676324
Pacific Decadal Oscillation,Climate,-0.017339658789440993,0.004357846721411929,0.6323676323676324
Pacific Decadal Oscillation,Climate,-0.017339658789440993,-0.027098292514149636,0.6323676323676324
Pacific Decadal Oscillation,Climate,-0.017339658789440993,-0.020431681070207652,0.6323676323676324
Pacific Decadal Oscillation,Climate,-0.017339658789440993,-0.005760652388014931,0.6323676323676324
Pacific Decadal Oscillation,Climate,-0.017339658789440993,-0.020059183368817513,0.6323676323676324
Pacific Decadal Oscillation,Climate,-0.017339658789440993,0.0016831151005289868,0.6323676323676324
Pacific Decadal Oscillation,Climate,-0.017339658789440993,-0.047785810539175966,0.6323676323676324
Pacific Decadal Oscillation,Climate,-0.017339658789440993,-0.03813901551578436,0.6323676323676324
Pacific Decadal Oscillation,Climate,-0.017339658789440993,-0.01348044832392259,0.6323676323676324
Pacific Decadal Oscillation,Climate,-0.017339658789440993,-0.01569129392422486,0.6323676323676324
Pacific Decadal Oscillation,Climate,-0.017339658789440993,-0.05037246734456535,0.6323676323676324
Pacific Decadal Oscillation,Climate,-0.017339658789440993,0.0029684421079587686,0.6323676323676324
Pacific Decadal Oscillation,Climate,-0.017339658789440993,-0.01400638512952912,0.6323676323676324
Pacific Decadal Oscillation,Climate,-0.017339658789440993,-0.013064652135529764,0.6323676323676324
Pacific Decadal Oscillation,Climate,-0.017339658789440993,-0.01569129392422486,0.6323676323676324
Pacific Decadal Oscillation,Climate,-0.017339658789440993,0.003368556009453294,0.6323676323676324
Pacific Decadal Oscillation,Climate,-0.017339658789440993,-0.038329175648688096,0.6323676323676324
Pacific Decadal Oscillation,Climate,-0.017339658789440993,-0.0178308711068087,0.6323676323676324
Pacific Decadal Oscillation,Climate,-0.017339658789440993,-0.01168913226951851,0.6323676323676324
Pacific Decadal Oscillation,Climate,-0.017339658789440993,-0.014325214163151356,0.6323676323676324
Pacific Decadal Oscillation,Climate,-0.017339658789440993,-0.008272575607769728,0.6323676323676324
Pacific Decadal Oscillation,Climate,-0.017339658789440993,-0.040223918947182025,0.6323676323676324
Pacific Decadal Oscillation,Climate,-0.017339658789440993,-0.014232705458732564,0.6323676323676324
Pacific Decadal Oscillation,Climate,-0.017339658789440993,-0.02309624855143344,0.6323676323676324
Pacific Decadal Oscillation,Climate,-0.017339658789440993,0.012508036672081446,0.6323676323676324
Pacific Decadal Oscillation,Climate,-0.017339658789440993,-0.01595176221579475,0.6323676323676324
Pacific Decadal Oscillation,Climate,-0.017339658789440993,-0.014065479276896165,0.6323676323676324
Pacific Decadal Oscillation,Climate,-0.017339658789440993,-0.0331779076144072,0.6323676323676324
Pacific Decadal Oscillation,Climate,-0.017339658789440993,0.006819082444754709,0.6323676323676324
Pacific Decadal Oscillation,Climate,-0.017339658789440993,-0.017465541134432883,0.6323676323676324
Pacific Decadal Oscillation,Climate,-0.017339658789440993,-0.011358310397598714,0.6323676323676324
Pacific Decadal Oscillation,Climate,-0.017339658789440993,-0.016129766875034868,0.6323676323676324
Pacific Decadal Oscillation,Climate,-0.017339658789440993,-0.015821913261487852,0.6323676323676324
Pacific Decadal Oscillation,Climate,-0.017339658789440993,-0.023587983290153547,0.6323676323676324
Pacific Decadal Oscillation,Climate,-0.017339658789440993,-0.06779960396789275,0.6323676323676324
Pacific Decadal Oscillation,Climate,-0.017339658789440993,-0.017197563214129685,0.6323676323676324
Pacific Decadal Oscillation,Climate,-0.017339658789440993,-0.0087568959368296,0.6323676323676324
Pacific Decadal Oscillation,Climate,-0.017339658789440993,0.004296636448901658,0.6323676323676324
Pacific Decadal Oscillation,Climate,-0.017339658789440993,-0.024253870243796216,0.6323676323676324
Pacific Decadal Oscillation,Climate,-0.017339658789440993,-0.011422457648312623,0.6323676323676324
Pacific Decadal Oscillation,Climate,-0.017339658789440993,-0.08608538747659078,0.6323676323676324
Pacific Decadal Oscillation,Climate,-0.017339658789440993,-0.014374490790368233,0.6323676323676324
Pacific Decadal Oscillation,Climate,-0.017339658789440993,-0.016067224864840135,0.6323676323676324
Pacific Decadal Oscillation,Climate,-0.017339658789440993,-0.016784643358271456,0.6323676323676324
Pacific Decadal Oscillation,Climate,-0.017339658789440993,-0.013249370891805778,0.6323676323676324
Pacific Decadal Oscillation,Climate,-0.017339658789440993,-0.05459169841263778,0.6323676323676324
Pacific Decadal Oscillation,Climate,-0.017339658789440993,0.00845951857982774,0.6323676323676324
Pacific Decadal Oscillation,Climate,-0.017339658789440993,-0.011895785077256305,0.6323676323676324
Pacific Decadal Oscillation,Climate,-0.017339658789440993,-0.021692475553325652,0.6323676323676324
Pacific Decadal Oscillation,Climate,-0.017339658789440993,-0.010021406940927458,0.6323676323676324
Pacific Decadal Oscillation,Climate,-0.017339658789440993,0.008217468658455074,0.6323676323676324
Pacific Decadal Oscillation,Climate,-0.017339658789440993,-0.011952045829648483,0.6323676323676324
Pacific Decadal Oscillation,Climate,-0.017339658789440993,-0.02139338242756339,0.6323676323676324
Pacific Decadal Oscillation,Climate,-0.017339658789440993,-0.015191482741264917,0.6323676323676324
Pacific Decadal Oscillation,Climate,-0.017339658789440993,0.024581467631671017,0.6323676323676324
Pacific Decadal Oscillation,Climate,-0.017339658789440993,-0.018701945124611097,0.6323676323676324
Tonnage of old fish removed,Fishery,-0.03166446784886201,-0.05281325804620152,0.8801198801198801
Tonnage of old fish removed,Fishery,-0.03166446784886201,0.012435341047165815,0.8801198801198801
Tonnage of old fish removed,Fishery,-0.03166446784886201,-0.0543501223864451,0.8801198801198801
Tonnage of old fish removed,Fishery,-0.03166446784886201,-0.017620904089883593,0.8801198801198801
Tonnage of old fish removed,Fishery,-0.03166446784886201,-0.013139198883283187,0.8801198801198801
Tonnage of old fish removed,Fishery,-0.03166446784886201,-0.014046762070293761,0.8801198801198801
Tonnage of old fish removed,Fishery,-0.03166446784886201,-0.07127525160157311,0.8801198801198801
Tonnage of old fish removed,Fishery,-0.03166446784886201,-0.018764679726977374,0.8801198801198801
Tonnage of old fish removed,Fishery,-0.03166446784886201,-0.012207987716413182,0.8801198801198801
Tonnage of old fish removed,Fishery,-0.03166446784886201,0.030226519439513377,0.8801198801198801
Tonnage of old fish removed,Fishery,-0.03166446784886201,-0.022474473607592582,0.8801198801198801
Tonnage of old fish removed,Fishery,-0.03166446784886201,-0.015273374415159413,0.8801198801198801
Tonnage of old fish removed,Fishery,-0.03166446784886201,-0.011107764412663146,0.8801198801198801
Tonnage of old fish removed,Fishery,-0.03166446784886201,-0.023977875110659186,0.8801198801198801
Tonnage of old fish removed,Fishery,-0.03166446784886201,-0.0231741922789388,0.8801198801198801
Tonnage of old fish removed,Fishery,-0.03166446784886201,-0.015393396333664766,0.8801198801198801
Tonnage of old fish removed,Fishery,-0.03166446784886201,-0.00464739157319638,0.8801198801198801
Tonnage of old fish removed,Fishery,-0.03166446784886201,-0.020802896840893315,0.8801198801198801
Tonnage of old fish removed,Fishery,-0.03166446784886201,-0.036609713162635504,0.8801198801198801
Tonnage of old fish removed,Fishery,-0.03166446784886201,0.047678564357355735,0.8801198801198801
Tonnage of old fish removed,Fishery,-0.03166446784886201,-0.018249960449103098,0.8801198801198801
Tonnage of old fish removed,Fishery,-0.03166446784886201,0.09485172808934228,0.8801198801198801
Tonnage of old fish removed,Fishery,-0.03166446784886201,-0.013738051254933659,0.8801198801198801
Tonnage of old fish removed,Fishery,-0.03166446784886201,-0.01420410251087012,0.8801198801198801
Tonnage of old fish removed,Fishery,-0.03166446784886201,-0.016456054017201405,0.8801198801198801
Tonnage of old fish removed,Fishery,-0.03166446784886201,0.05007136433776771,0.8801198801198801
Tonnage of old fish removed,Fishery,-0.03166446784886201,-0.021063286087725785,0.8801198801198801
Tonnage of old fish removed,Fishery,-0.03166446784886201,-0.016136737810718005,0.8801198801198801
Tonnage of old fish removed,Fishery,-0.03166446784886201,-0.013375073879454913,0.8801198801198801
Tonnage of old fish removed,Fishery,-0.03166446784886201,0.02858495634872682,0.8801198801198801
Tonnage of old fish removed,Fishery,-0.03166446784886201,-0.014760897254223027,0.8801198801198801
Tonnage of old fish removed,Fishery,-0.03166446784886201,-0.011486899687816798,0.8801198801198801
Tonnage of old fish removed,Fishery,-0.03166446784886201,-0.009268277875521092,0.8801198801198801
Tonnage of old fish removed,Fishery,-0.03166446784886201,-0.00866820098799903,0.8801198801198801
Tonnage of old fish removed,Fishery,-0.03166446784886201,-0.03221981065418866,0.8801198801198801
Tonnage of old fish removed,Fishery,-0.03166446784886201,0.02858495634872682,0.8801198801198801
Tonnage of old fish removed,Fishery,-0.03166446784886201,-0.015482528318037092,0.8801198801198801
Tonnage of old fish removed,Fishery,-0.03166446784886201,-0.040255620440136974,0.8801198801198801
Tonnage of old fish removed,Fishery,-0.03166446784886201,-0.01922563102129038,0.8801198801198801
Tonnage of old fish removed,Fishery,-0.03166446784886201,-0.013308011712087398,0.8801198801198801
Tonnage of old fish removed,Fishery,-0.03166446784886201,-0.015711570292784804,0.8801198801198801
Tonnage of old fish removed,Fishery,-0.03166446784886201,-0.016425920601411237,0.8801198801198801
Tonnage of old fish removed,Fishery,-0.03166446784886201,-0.031895625082907,0.8801198801198801
Tonnage of old fish removed,Fishery,-0.03166446784886201,-0.019454708817378874,0.8801198801198801
Tonnage of old fish removed,Fishery,-0.03166446784886201,-0.021784424395019597,0.8801198801198801
Tonnage of old fish removed,Fishery,-0.03166446784886201,-0.012353601102695233,0.8801198801198801
Tonnage of old fish removed,Fishery,-0.03166446784886201,-0.0017103248827936568,0.8801198801198801
Tonnage of old fish removed,Fishery,-0.03166446784886201,-0.0016484873679125656,0.8801198801198801
Tonnage of old fish removed,Fishery,-0.03166446784886201,0.04929261162077403,0.8801198801198801
Tonnage of old fish removed,Fishery,-0.03166446784886201,6.655039723133527e-4,0.8801198801198801
Tonnage of old fish removed,Fishery,-0.03166446784886201,-0.014867030665684622,0.8801198801198801
Tonnage of old fish removed,Fishery,-0.03166446784886201,0.07127345502926008,0.8801198801198801
Tonnage of old fish removed,Fishery,-0.03166446784886201,-0.06790552693475771,0.8801198801198801
Tonnage of old fish removed,Fishery,-0.03166446784886201,0.021713796087009962,0.8801198801198801
Tonnage of old fish removed,Fishery,-0.03166446784886201,-0.05351246005543686,0.8801198801198801
Tonnage of old fish removed,Fishery,-0.03166446784886201,-0.01693746665932272,0.8801198801198801
Tonnage of old fish removed,Fishery,-0.03166446784886201,-0.013208795232955373,0.8801198801198801
Tonnage of old fish removed,Fishery,-0.03166446784886201,-0.003200411947533288,0.8801198801198801
Tonnage of old fish removed,Fishery,-0.03166446784886201,3.463317421736889e-4,0.8801198801198801
Tonnage of old fish removed,Fishery,-0.03166446784886201,-0.017175853090003912,0.8801198801198801
Tonnage of old fish removed,Fishery,-0.03166446784886201,-0.0031576994134057124,0.8801198801198801
Tonnage of old fish removed,Fishery,-0.03166446784886201,0.08073977808284527,0.8801198801198801
Tonnage of old fish removed,Fishery,-0.03166446784886201,0.017864706721605228,0.8801198801198801
Tonnage of old fish removed,Fishery,-0.03166446784886201,0.032811602170724874,0.8801198801198801
Tonnage of old fish removed,Fishery,-0.03166446784886201,-0.020994432930153017,0.8801198801198801
Tonnage of old fish removed,Fishery,-0.03166446784886201,2.6232557978189686e-4,0.8801198801198801
Tonnage of old fish removed,Fishery,-0.03166446784886201,0.003093236776143149,0.8801198801198801
Tonnage of old fish removed,Fishery,-0.03166446784886201,-0.008907426065724255,0.8801198801198801
Tonnage of old fish removed,Fishery,-0.03166446784886201,-0.01611336231291327,0.8801198801198801
Tonnage of old fish removed,Fishery,-0.03166446784886201,0.04175407582709123,0.8801198801198801
Tonnage of old fish removed,Fishery,-0.03166446784886201,-0.023057590851051524,0.8801198801198801
Tonnage of old fish removed,Fishery,-0.03166446784886201,-0.017126207611136035,0.8801198801198801
Tonnage of old fish removed,Fishery,-0.03166446784886201,0.030599072828049856,0.8801198801198801
Tonnage of old fish removed,Fishery,-0.03166446784886201,-0.012114161760922615,0.8801198801198801
Tonnage of old fish removed,Fishery,-0.03166446784886201,-0.018249960449103098,0.8801198801198801
Tonnage of old fish removed,Fishery,-0.03166446784886201,-0.01890949867507219,0.8801198801198801
Tonnage of old fish removed,Fishery,-0.03166446784886201,0.0657250969069817,0.8801198801198801
Tonnage of old fish removed,Fishery,-0.03166446784886201,-0.009969691592643715,0.8801198801198801
Tonnage of old fish removed,Fishery,-0.03166446784886201,-0.016230880750965015,0.8801198801198801
Tonnage of old fish removed,Fishery,-0.03166446784886201,0.04960281658217558,0.8801198801198801
Tonnage of old fish removed,Fishery,-0.03166446784886201,-0.061107782193514204,0.8801198801198801
Tonnage of old fish removed,Fishery,-0.03166446784886201,-0.007753240505677272,0.8801198801198801
Tonnage of old fish removed,Fishery,-0.03166446784886201,-0.013208795232955373,0.8801198801198801
Tonnage of old fish removed,Fishery,-0.03166446784886201,-0.003580124454252598,0.8801198801198801
Tonnage of old fish removed,Fishery,-0.03166446784886201,-0.007747283187825138,0.8801198801198801
Tonnage of old fish removed,Fishery,-0.03166446784886201,-0.011107764412663146,0.8801198801198801
Tonnage of old fish removed,Fishery,-0.03166446784886201,0.08512188339193216,0.8801198801198801
Tonnage of old fish removed,Fishery,-0.03166446784886201,0.06098088060405171,0.8801198801198801
Tonnage of old fish removed,Fishery,-0.03166446784886201,-0.016867057404636787,0.8801198801198801
Tonnage of old fish removed,Fishery,-0.03166446784886201,0.010989526981110331,0.8801198801198801
Tonnage of old fish removed,Fishery,-0.03166446784886201,-0.1366967571837232,0.8801198801198801
Tonnage of old fish removed,Fishery,-0.03166446784886201,-0.01785664876496207,0.8801198801198801
Tonnage of old fish removed,Fishery,-0.03166446784886201,-0.016298962006738638,0.8801198801198801
Tonnage of old fish removed,Fishery,-0.03166446784886201,-0.013038685448257814,0.8801198801198801
Tonnage of old fish removed,Fishery,-0.03166446784886201,0.047094344351888084,0.8801198801198801
Tonnage of old fish removed,Fishery,-0.03166446784886201,-0.02392726423370939,0.8801198801198801
Tonnage of old fish removed,Fishery,-0.03166446784886201,-0.04057506249479803,0.8801198801198801
Tonnage of old fish removed,Fishery,-0.03166446784886201,-0.02086637810353964,0.8801198801198801
Tonnage of old fish removed,Fishery,-0.03166446784886201,-0.01614297771303952,0.8801198801198801
Tonnage of old fish removed,Fishery,-0.03166446784886201,-0.014324033749810505,0.8801198801198801
Tonnage of old fish removed,Fishery,-0.03166446784886201,-0.029576786331098504,0.8801198801198801
Tonnage of old fish removed,Fishery,-0.03166446784886201,0.0010530579901938397,0.8801198801198801
Tonnage of old fish removed,Fishery,-0.03166446784886201,-0.021169065901964323,0.8801198801198801
Tonnage of old fish removed,Fishery,-0.03166446784886201,-0.011604207938400446,0.8801198801198801
Tonnage of old fish removed,Fishery,-0.03166446784886201,-0.020725033329668907,0.8801198801198801
Tonnage of old fish removed,Fishery,-0.03166446784886201,-0.017487078733970707,0.8801198801198801
Tonnage of old fish removed,Fishery,-0.03166446784886201,-0.016584207403438356,0.8801198801198801
Tonnage of old fish removed,Fishery,-0.03166446784886201,-0.015393396333664766,0.8801198801198801
Tonnage of old fish removed,Fishery,-0.03166446784886201,-0.019454708817378874,0.8801198801198801
Tonnage of old fish removed,Fishery,-0.03166446784886201,0.047583340554695486,0.8801198801198801
Tonnage of old fish removed,Fishery,-0.03166446784886201,-3.1803805720054257e-4,0.8801198801198801
Tonnage of old fish removed,Fishery,-0.03166446784886201,-0.009957492454238492,0.8801198801198801
Tonnage of old fish removed,Fishery,-0.03166446784886201,0.01899861701972938,0.8801198801198801
Tonnage of old fish removed,Fishery,-0.03166446784886201,-0.020043316946338763,0.8801198801198801
Tonnage of old fish removed,Fishery,-0.03166446784886201,-0.02173336282886007,0.8801198801198801
Tonnage of old fish removed,Fishery,-0.03166446784886201,-0.011608286516628707,0.8801198801198801
Tonnage of old fish removed,Fishery,-0.03166446784886201,-0.061107782193514204,0.8801198801198801
Tonnage of old fish removed,Fishery,-0.03166446784886201,-0.05244246874357583,0.8801198801198801
Tonnage of old fish removed,Fishery,-0.03166446784886201,-0.15312721262901197,0.8801198801198801
Tonnage of old fish removed,Fishery,-0.03166446784886201,-9.582803711476462e-4,0.8801198801198801
Tonnage of old fish removed,Fishery,-0.03166446784886201,-0.018764679726977374,0.8801198801198801
Tonnage of old fish removed,Fishery,-0.03166446784886201,-0.022189984259512796,0.8801198801198801
Tonnage of old fish removed,Fishery,-0.03166446784886201,-0.04057506249479803,0.8801198801198801
Tonnage of old fish removed,Fishery,-0.03166446784886201,0.014697568362763036,0.8801198801198801
Tonnage of old fish removed,Fishery,-0.03166446784886201,-0.012158592275478997,0.8801198801198801
Tonnage of old fish removed,Fishery,-0.03166446784886201,-0.015673715839455094,0.8801198801198801
Tonnage of old fish removed,Fishery,-0.03166446784886201,-0.011186006903235457,0.8801198801198801
Tonnage of old fish removed,Fishery,-0.03166446784886201,-0.018091195048846265,0.8801198801198801
Tonnage of old fish removed,Fishery,-0.03166446784886201,-0.008623625494567522,0.8801198801198801
Tonnage of old fish removed,Fishery,-0.03166446784886201,-4.60112736663687e-4,0.8801198801198801
Tonnage of old fish removed,Fishery,-0.03166446784886201,0.007557085562732602,0.8801198801198801
Tonnage of old fish removed,Fishery,-0.03166446784886201,-0.024081044913408345,0.8801198801198801
Tonnage of old fish removed,Fishery,-0.03166446784886201,-0.04004892700139684,0.8801198801198801
Tonnage of old fish removed,Fishery,-0.03166446784886201,0.07101821950993026,0.8801198801198801
Tonnage of old fish removed,Fishery,-0.03166446784886201,-0.011228842952593743,0.8801198801198801
Tonnage of old fish removed,Fishery,-0.03166446784886201,-0.01942353417880982,0.8801198801198801
Tonnage of old fish removed,Fishery,-0.03166446784886201,-0.003523152398043683,0.8801198801198801
Tonnage of old fish removed,Fishery,-0.03166446784886201,-0.01714853988813836,0.8801198801198801
Tonnage of old fish removed,Fishery,-0.03166446784886201,-0.017473307309813668,0.8801198801198801
Tonnage of old fish removed,Fishery,-0.03166446784886201,0.00864601686520794,0.8801198801198801
Tonnage of old fish removed,Fishery,-0.03166446784886201,-0.009545376643528947,0.8801198801198801
Tonnage of old fish removed,Fishery,-0.03166446784886201,-0.017842035257060518,0.8801198801198801
Tonnage of old fish removed,Fishery,-0.03166446784886201,-0.022321481820480438,0.8801198801198801
Tonnage of old fish removed,Fishery,-0.03166446784886201,-0.012730336388312002,0.8801198801198801
Tonnage of old fish removed,Fishery,-0.03166446784886201,-0.017878660597779872,0.8801198801198801
Tonnage of old fish removed,Fishery,-0.03166446784886201,-0.0179242696311519,0.8801198801198801
Tonnage of old fish removed,Fishery,-0.03166446784886201,-0.049819485218977944,0.8801198801198801
Tonnage of old fish removed,Fishery,-0.03166446784886201,-0.012627513989963646,0.8801198801198801
Tonnage of old fish removed,Fishery,-0.03166446784886201,-0.009235809797135675,0.8801198801198801
Tonnage of old fish removed,Fishery,-0.03166446784886201,0.061144222126930714,0.8801198801198801
Tonnage of old fish removed,Fishery,-0.03166446784886201,-0.015042469216480558,0.8801198801198801
Tonnage of old fish removed,Fishery,-0.03166446784886201,-0.00660805729073366,0.8801198801198801
Tonnage of old fish removed,Fishery,-0.03166446784886201,-0.012225523442346953,0.8801198801198801
Tonnage of old fish removed,Fishery,-0.03166446784886201,-0.015170968530688222,0.8801198801198801
Tonnage of old fish removed,Fishery,-0.03166446784886201,-0.015037934569191336,0.8801198801198801
Tonnage of old fish removed,Fishery,-0.03166446784886201,-0.014995576522127685,0.8801198801198801
Tonnage of old fish removed,Fishery,-0.03166446784886201,0.010737705299462053,0.8801198801198801
Tonnage of old fish removed,Fishery,-0.03166446784886201,-0.016392662716202544,0.8801198801198801
Tonnage of old fish removed,Fishery,-0.03166446784886201,-0.013407601472274155,0.8801198801198801
Tonnage of old fish removed,Fishery,-0.03166446784886201,-0.011530077967038421,0.8801198801198801
Tonnage of old fish removed,Fishery,-0.03166446784886201,-0.003617532020049996,0.8801198801198801
Tonnage of old fish removed,Fishery,-0.03166446784886201,-0.007535887814937858,0.8801198801198801
Tonnage of old fish removed,Fishery,-0.03166446784886201,-0.016415017277151778,0.8801198801198801
Tonnage of old fish removed,Fishery,-0.03166446784886201,-0.015046448616252484,0.8801198801198801
Tonnage of old fish removed,Fishery,-0.03166446784886201,-0.022134240032169128,0.8801198801198801
Tonnage of old fish removed,Fishery,-0.03166446784886201,-0.056006367828841164,0.8801198801198801
Tonnage of old fish removed,Fishery,-0.03166446784886201,-8.129193292010228e-4,0.8801198801198801
Tonnage of old fish removed,Fishery,-0.03166446784886201,0.0022063569652539528,0.8801198801198801
Tonnage of old fish removed,Fishery,-0.03166446784886201,-7.57945121256709e-4,0.8801198801198801
Tonnage of old fish removed,Fishery,-0.03166446784886201,-0.018840488792445154,0.8801198801198801
Tonnage of old fish removed,Fishery,-0.03166446784886201,-0.007428689326239857,0.8801198801198801
Tonnage of old fish removed,Fishery,-0.03166446784886201,-0.01717635324772737,0.8801198801198801
Tonnage of old fish removed,Fishery,-0.03166446784886201,-0.024418800943484475,0.8801198801198801
Tonnage of old fish removed,Fishery,-0.03166446784886201,-0.023915082040113056,0.8801198801198801
Tonnage of old fish removed,Fishery,-0.03166446784886201,-0.05801038907168943,0.8801198801198801
Tonnage of old fish removed,Fishery,-0.03166446784886201,-0.00866820098799903,0.8801198801198801
Tonnage of old fish removed,Fishery,-0.03166446784886201,-0.022332517230369442,0.8801198801198801
Tonnage of old fish removed,Fishery,-0.03166446784886201,-0.06515603962653005,0.8801198801198801
Tonnage of old fish removed,Fishery,-0.03166446784886201,-0.014132261009058844,0.8801198801198801
Tonnage of old fish removed,Fishery,-0.03166446784886201,-0.016111522941633982,0.8801198801198801
Tonnage of old fish removed,Fishery,-0.03166446784886201,-0.02604240294922433,0.8801198801198801
Tonnage of old fish removed,Fishery,-0.03166446784886201,-0.012730336388312002,0.8801198801198801
Tonnage of old fish removed,Fishery,-0.03166446784886201,-0.012794747008292084,0.8801198801198801
Tonnage of old fish removed,Fishery,-0.03166446784886201,-0.009649907954493386,0.8801198801198801
Tonnage of old fish removed,Fishery,-0.03166446784886201,-0.009452137592525611,0.8801198801198801
Tonnage of old fish removed,Fishery,-0.03166446784886201,-0.02794535181402269,0.8801198801198801
Tonnage of old fish removed,Fishery,-0.03166446784886201,-0.015598916084042846,0.8801198801198801
Tonnage of old fish removed,Fishery,-0.03166446784886201,-0.02086637810353964,0.8801198801198801
Tonnage of old fish removed,Fishery,-0.03166446784886201,-0.004110417826750146,0.8801198801198801
Tonnage of old fish removed,Fishery,-0.03166446784886201,0.028949531384141802,0.8801198801198801
Tonnage of old fish removed,Fishery,-0.03166446784886201,-0.009957492454238492,0.8801198801198801
Tonnage of old fish removed,Fishery,-0.03166446784886201,-0.01633092214164389,0.8801198801198801
Tonnage of old fish removed,Fishery,-0.03166446784886201,-0.017586286009830587,0.8801198801198801
Tonnage of old fish removed,Fishery,-0.03166446784886201,-0.012898194686144171,0.8801198801198801
Tonnage of old fish removed,Fishery,-0.03166446784886201,-0.015480481528874046,0.8801198801198801
Tonnage of old fish removed,Fishery,-0.03166446784886201,-0.022189984259512796,0.8801198801198801
Tonnage of old fish removed,Fishery,-0.03166446784886201,0.003093236776143149,0.8801198801198801
Tonnage of old fish removed,Fishery,-0.03166446784886201,-0.017375051684061393,0.8801198801198801
Tonnage of old fish removed,Fishery,-0.03166446784886201,0.03650662122692061,0.8801198801198801
Tonnage of old fish removed,Fishery,-0.03166446784886201,-0.01500912784369035,0.8801198801198801
Tonnage of old fish removed,Fishery,-0.03166446784886201,-0.012730336388312002,0.8801198801198801
Tonnage of old fish removed,Fishery,-0.03166446784886201,-0.03061572462010065,0.8801198801198801
Tonnage of old fish removed,Fishery,-0.03166446784886201,0.041757027568366745,0.8801198801198801
Tonnage of old fish removed,Fishery,-0.03166446784886201,-0.01764424765199668,0.8801198801198801
Tonnage of old fish removed,Fishery,-0.03166446784886201,-0.018531011425229504,0.8801198801198801
Tonnage of old fish removed,Fishery,-0.03166446784886201,-0.07328924944380288,0.8801198801198801
Tonnage of old fish removed,Fishery,-0.03166446784886201,0.02190315727177461,0.8801198801198801
Tonnage of old fish removed,Fishery,-0.03166446784886201,-0.018764679726977374,0.8801198801198801
Tonnage of old fish removed,Fishery,-0.03166446784886201,-0.01534655769569504,0.8801198801198801
Tonnage of old fish removed,Fishery,-0.03166446784886201,0.0022063569652539528,0.8801198801198801
Tonnage of old fish removed,Fishery,-0.03166446784886201,-0.022332517230369442,0.8801198801198801
Tonnage of old fish removed,Fishery,-0.03166446784886201,-0.024979617482965066,0.8801198801198801
Tonnage of old fish removed,Fishery,-0.03166446784886201,-0.013986988988176963,0.8801198801198801
Tonnage of old fish removed,Fishery,-0.03166446784886201,-0.012997462283490302,0.8801198801198801
Tonnage of old fish removed,Fishery,-0.03166446784886201,0.0010189647338668673,0.8801198801198801
Tonnage of old fish removed,Fishery,-0.03166446784886201,-0.0317245648919966,0.8801198801198801
Tonnage of old fish removed,Fishery,-0.03166446784886201,7.364457248848488e-5,0.8801198801198801
Tonnage of old fish removed,Fishery,-0.03166446784886201,-0.013294521645405899,0.8801198801198801
Tonnage of old fish removed,Fishery,-0.03166446784886201,-0.012410077020989618,0.8801198801198801
Tonnage of old fish removed,Fishery,-0.03166446784886201,-0.042172052183481634,0.8801198801198801
Tonnage of old fish removed,Fishery,-0.03166446784886201,-0.014641626328059543,0.8801198801198801
Tonnage of old fish removed,Fishery,-0.03166446784886201,0.010501303551298968,0.8801198801198801
Tonnage of old fish removed,Fishery,-0.03166446784886201,-0.01725334138041945,0.8801198801198801
Tonnage of old fish removed,Fishery,-0.03166446784886201,-0.02628013586531175,0.8801198801198801
Tonnage of old fish removed,Fishery,-0.03166446784886201,-0.01797995046676726,0.8801198801198801
Tonnage of old fish removed,Fishery,-0.03166446784886201,-0.008912454834960393,0.8801198801198801
Tonnage of old fish removed,Fishery,-0.03166446784886201,-0.0100696820245747,0.8801198801198801
Tonnage of old fish removed,Fishery,-0.03166446784886201,-0.01420410251087012,0.8801198801198801
Tonnage of old fish removed,Fishery,-0.03166446784886201,-0.011900906742605688,0.8801198801198801
Tonnage of old fish removed,Fishery,-0.03166446784886201,-0.029576786331098504,0.8801198801198801
Tonnage of old fish removed,Fishery,-0.03166446784886201,-0.008062647525232114,0.8801198801198801
Tonnage of old fish removed,Fishery,-0.03166446784886201,-0.015836832499473097,0.8801198801198801
Tonnage of old fish removed,Fishery,-0.03166446784886201,0.002025994846186485,0.8801198801198801
Tonnage of old fish removed,Fishery,-0.03166446784886201,-0.046800379877789844,0.8801198801198801
Tonnage of old fish removed,Fishery,-0.03166446784886201,-0.0031348128373283046,0.8801198801198801
Tonnage of old fish removed,Fishery,-0.03166446784886201,-0.04958393511075654,0.8801198801198801
Tonnage of old fish removed,Fishery,-0.03166446784886201,0.014748456821344291,0.8801198801198801
Tonnage of old fish removed,Fishery,-0.03166446784886201,-0.03061572462010065,0.8801198801198801
Tonnage of old fish removed,Fishery,-0.03166446784886201,0.008090847715125249,0.8801198801198801
Tonnage of old fish removed,Fishery,-0.03166446784886201,-0.007410952609056665,0.8801198801198801
Tonnage of old fish removed,Fishery,-0.03166446784886201,0.02975188261808903,0.8801198801198801
Tonnage of old fish removed,Fishery,-0.03166446784886201,-0.0595707124846645,0.8801198801198801
Tonnage of old fish removed,Fishery,-0.03166446784886201,-0.016415017277151778,0.8801198801198801
Tonnage of old fish removed,Fishery,-0.03166446784886201,-0.017280482637815897,0.8801198801198801
Tonnage of old fish removed,Fishery,-0.03166446784886201,-0.016298962006738638,0.8801198801198801
Tonnage of old fish removed,Fishery,-0.03166446784886201,0.0030957842515151324,0.8801198801198801
Tonnage of old fish removed,Fishery,-0.03166446784886201,-0.016298962006738638,0.8801198801198801
Tonnage of old fish removed,Fishery,-0.03166446784886201,0.002339948054548957,0.8801198801198801
Tonnage of old fish removed,Fishery,-0.03166446784886201,-0.011228842952593743,0.8801198801198801
Tonnage of old fish removed,Fishery,-0.03166446784886201,-0.013375073879454913,0.8801198801198801
Tonnage of old fish removed,Fishery,-0.03166446784886201,-0.004027119552993064,0.8801198801198801
Tonnage of old fish removed,Fishery,-0.03166446784886201,-0.017690030597305118,0.8801198801198801
Tonnage of old fish removed,Fishery,-0.03166446784886201,-0.02945958488462197,0.8801198801198801
Tonnage of old fish removed,Fishery,-0.03166446784886201,-0.004678079276163594,0.8801198801198801
Tonnage of old fish removed,Fishery,-0.03166446784886201,-0.009235809797135675,0.8801198801198801
Tonnage of old fish removed,Fishery,-0.03166446784886201,-0.00248518719413382,0.8801198801198801
Tonnage of old fish removed,Fishery,-0.03166446784886201,-0.014894755753254163,0.8801198801198801
Tonnage of old fish removed,Fishery,-0.03166446784886201,-0.013440275220307552,0.8801198801198801
Tonnage of old fish removed,Fishery,-0.03166446784886201,0.07206397081492466,0.8801198801198801
Tonnage of old fish removed,Fishery,-0.03166446784886201,-0.01678656500259801,0.8801198801198801
Tonnage of old fish removed,Fishery,-0.03166446784886201,-0.011107764412663146,0.8801198801198801
Tonnage of old fish removed,Fishery,-0.03166446784886201,0.004072595529931555,0.8801198801198801
Tonnage of old fish removed,Fishery,-0.03166446784886201,-0.02594185376567837,0.8801198801198801
Tonnage of old fish removed,Fishery,-0.03166446784886201,-0.028108187765925052,0.8801198801198801
Tonnage of old fish removed,Fishery,-0.03166446784886201,-0.042172052183481634,0.8801198801198801
Tonnage of old fish removed,Fishery,-0.03166446784886201,-0.020043316946338763,0.8801198801198801
Tonnage of old fish removed,Fishery,-0.03166446784886201,-0.012114161760922615,0.8801198801198801
Tonnage of old fish removed,Fishery,-0.03166446784886201,-0.032554956267634605,0.8801198801198801
Tonnage of old fish removed,Fishery,-0.03166446784886201,-0.014933890501000358,0.8801198801198801
Tonnage of old fish removed,Fishery,-0.03166446784886201,0.00718377204229792,0.8801198801198801
Tonnage of old fish removed,Fishery,-0.03166446784886201,-0.014308367369398,0.8801198801198801
Tonnage of old fish removed,Fishery,-0.03166446784886201,0.07964332402794672,0.8801198801198801
Tonnage of old fish removed,Fishery,-0.03166446784886201,-0.02173336282886007,0.8801198801198801
Tonnage of old fish removed,Fishery,-0.03166446784886201,3.463317421736889e-4,0.8801198801198801
Tonnage of old fish removed,Fishery,-0.03166446784886201,-0.010462531137310105,0.8801198801198801
Tonnage of old fish removed,Fishery,-0.03166446784886201,-0.06005072330248851,0.8801198801198801
Tonnage of old fish removed,Fishery,-0.03166446784886201,-0.016537560339341395,0.8801198801198801
Tonnage of old fish removed,Fishery,-0.03166446784886201,-9.99051890698377e-4,0.8801198801198801
Tonnage of old fish removed,Fishery,-0.03166446784886201,0.0010530579901938397,0.8801198801198801
Tonnage of old fish removed,Fishery,-0.03166446784886201,-0.07057019449191215,0.8801198801198801
Tonnage of old fish removed,Fishery,-0.03166446784886201,0.012931471263796568,0.8801198801198801
Tonnage of old fish removed,Fishery,-0.03166446784886201,-0.032554956267634605,0.8801198801198801
Tonnage of old fish removed,Fishery,-0.03166446784886201,-0.012898194686144171,0.8801198801198801
Tonnage of old fish removed,Fishery,-0.03166446784886201,0.030253842077608617,0.8801198801198801
Tonnage of old fish removed,Fishery,-0.03166446784886201,-0.017586286009830587,0.8801198801198801
Tonnage of old fish removed,Fishery,-0.03166446784886201,-0.01797995046676726,0.8801198801198801
Tonnage of old fish removed,Fishery,-0.03166446784886201,0.0022063569652539528,0.8801198801198801
Tonnage of old fish removed,Fishery,-0.03166446784886201,-0.01541208218880974,0.8801198801198801
Tonnage of old fish removed,Fishery,-0.03166446784886201,-0.012730336388312002,0.8801198801198801
Tonnage of old fish removed,Fishery,-0.03166446784886201,0.030599072828049856,0.8801198801198801
Tonnage of old fish removed,Fishery,-0.03166446784886201,-0.02568518908832118,0.8801198801198801
Tonnage of old fish removed,Fishery,-0.03166446784886201,0.06516136203787182,0.8801198801198801
Tonnage of old fish removed,Fishery,-0.03166446784886201,0.041757027568366745,0.8801198801198801
Tonnage of old fish removed,Fishery,-0.03166446784886201,-0.01452234432562527,0.8801198801198801
Tonnage of old fish removed,Fishery,-0.03166446784886201,0.03221255107010512,0.8801198801198801
Tonnage of old fish removed,Fishery,-0.03166446784886201,-0.02125063954232642,0.8801198801198801
Tonnage of old fish removed,Fishery,-0.03166446784886201,-0.017610568643370295,0.8801198801198801
Tonnage of old fish removed,Fishery,-0.03166446784886201,-0.013095440393814606,0.8801198801198801
Tonnage of old fish removed,Fishery,-0.03166446784886201,-0.006013517633201904,0.8801198801198801
Tonnage of old fish removed,Fishery,-0.03166446784886201,-0.013917035141636669,0.8801198801198801
Tonnage of old fish removed,Fishery,-0.03166446784886201,-0.008564620128186595,0.8801198801198801
Tonnage of old fish removed,Fishery,-0.03166446784886201,0.008090847715125249,0.8801198801198801
Tonnage of old fish removed,Fishery,-0.03166446784886201,-0.025368937792960455,0.8801198801198801
Tonnage of old fish removed,Fishery,-0.03166446784886201,-0.07328924944380288,0.8801198801198801
Tonnage of old fish removed,Fishery,-0.03166446784886201,-0.0013108800252732422,0.8801198801198801
Tonnage of old fish removed,Fishery,-0.03166446784886201,-0.013503036065985574,0.8801198801198801
Tonnage of old fish removed,Fishery,-0.03166446784886201,-0.027482351735968358,0.8801198801198801
Tonnage of old fish removed,Fishery,-0.03166446784886201,-0.017836687199667134,0.8801198801198801
Tonnage of old fish removed,Fishery,-0.03166446784886201,-0.018429982832086855,0.8801198801198801
Tonnage of old fish removed,Fishery,-0.03166446784886201,-0.01708581092262018,0.8801198801198801
Tonnage of old fish removed,Fishery,-0.03166446784886201,-7.57945121256709e-4,0.8801198801198801
Tonnage of old fish removed,Fishery,-0.03166446784886201,-0.014935314265777544,0.8801198801198801
Tonnage of old fish removed,Fishery,-0.03166446784886201,-0.047399742864565386,0.8801198801198801
Tonnage of old fish removed,Fishery,-0.03166446784886201,0.061144222126930714,0.8801198801198801
Tonnage of old fish removed,Fishery,-0.03166446784886201,-0.011586442703179989,0.8801198801198801
Tonnage of old fish removed,Fishery,-0.03166446784886201,-0.05078860551049824,0.8801198801198801
Tonnage of old fish removed,Fishery,-0.03166446784886201,-0.007781629752985797,0.8801198801198801
Tonnage of old fish removed,Fishery,-0.03166446784886201,-0.01651582726879064,0.8801198801198801
Tonnage of old fish removed,Fishery,-0.03166446784886201,-0.015539604341141544,0.8801198801198801
Tonnage of old fish removed,Fishery,-0.03166446784886201,0.013019228076600164,0.8801198801198801
Tonnage of old fish removed,Fishery,-0.03166446784886201,-0.004865800751924443,0.8801198801198801
Tonnage of old fish removed,Fishery,-0.03166446784886201,-0.00842931224046728,0.8801198801198801
Tonnage of old fish removed,Fishery,-0.03166446784886201,-0.02604240294922433,0.8801198801198801
Tonnage of old fish removed,Fishery,-0.03166446784886201,-0.01797995046676726,0.8801198801198801
Tonnage of old fish removed,Fishery,-0.03166446784886201,-0.026047535728846327,0.8801198801198801
Tonnage of old fish removed,Fishery,-0.03166446784886201,-0.0100696820245747,0.8801198801198801
Tonnage of old fish removed,Fishery,-0.03166446784886201,-0.02945958488462197,0.8801198801198801
Tonnage of old fish removed,Fishery,-0.03166446784886201,-0.05373736199541379,0.8801198801198801
Tonnage of old fish removed,Fishery,-0.03166446784886201,-0.054027115597699016,0.8801198801198801
Tonnage of old fish removed,Fishery,-0.03166446784886201,0.034271426333783106,0.8801198801198801
Tonnage of old fish removed,Fishery,-0.03166446784886201,-0.1954815231564413,0.8801198801198801
Tonnage of old fish removed,Fishery,-0.03166446784886201,-0.0676244211623469,0.8801198801198801
Tonnage of old fish removed,Fishery,-0.03166446784886201,-0.0317245648919966,0.8801198801198801
Tonnage of old fish removed,Fishery,-0.03166446784886201,-0.07102134290183826,0.8801198801198801
Tonnage of old fish removed,Fishery,-0.03166446784886201,-0.053676032819642616,0.8801198801198801
Tonnage of old fish removed,Fishery,-0.03166446784886201,0.06837617492604453,0.8801198801198801
Tonnage of old fish removed,Fishery,-0.03166446784886201,-0.009990172468048897,0.8801198801198801
Tonnage of old fish removed,Fishery,-0.03166446784886201,-0.013620194085014026,0.8801198801198801
Tonnage of old fish removed,Fishery,-0.03166446784886201,-0.05015402148618997,0.8801198801198801
Tonnage of old fish removed,Fishery,-0.03166446784886201,-0.006088009573917308,0.8801198801198801
Tonnage of old fish removed,Fishery,-0.03166446784886201,0.0039034084223786847,0.8801198801198801
Tonnage of old fish removed,Fishery,-0.03166446784886201,0.03909808217143107,0.8801198801198801
Tonnage of old fish removed,Fishery,-0.03166446784886201,-0.016520114676817466,0.8801198801198801
Tonnage of old fish removed,Fishery,-0.03166446784886201,-0.020581024004975967,0.8801198801198801
Tonnage of old fish removed,Fishery,-0.03166446784886201,-0.02628013586531175,0.8801198801198801
Tonnage of old fish removed,Fishery,-0.03166446784886201,-0.023064139551249196,0.8801198801198801
Tonnage of old fish removed,Fishery,-0.03166446784886201,-0.027506892818707662,0.8801198801198801
Tonnage of old fish removed,Fishery,-0.03166446784886201,-0.02488771296476333,0.8801198801198801
Tonnage of old fish removed,Fishery,-0.03166446784886201,-0.005499261496427321,0.8801198801198801
Tonnage of old fish removed,Fishery,-0.03166446784886201,0.002339948054548957,0.8801198801198801
Tonnage of old fish removed,Fishery,-0.03166446784886201,-0.017894038775953414,0.8801198801198801
Tonnage of old fish removed,Fishery,-0.03166446784886201,-0.01110358656729371,0.8801198801198801
Tonnage of old fish removed,Fishery,-0.03166446784886201,-0.020802896840893315,0.8801198801198801
Tonnage of old fish removed,Fishery,-0.03166446784886201,0.021407369817653343,0.8801198801198801
Tonnage of old fish removed,Fishery,-0.03166446784886201,-0.021282324758385096,0.8801198801198801
Tonnage of old fish removed,Fishery,-0.03166446784886201,0.041757027568366745,0.8801198801198801
Tonnage of old fish removed,Fishery,-0.03166446784886201,0.0022793648772428954,0.8801198801198801
Tonnage of old fish removed,Fishery,-0.03166446784886201,0.003917602187242575,0.8801198801198801
Tonnage of old fish removed,Fishery,-0.03166446784886201,-0.014516690283586708,0.8801198801198801
Tonnage of old fish removed,Fishery,-0.03166446784886201,-0.016415017277151778,0.8801198801198801
Tonnage of old fish removed,Fishery,-0.03166446784886201,-0.0031576994134057124,0.8801198801198801
Tonnage of old fish removed,Fishery,-0.03166446784886201,-0.011604207938400446,0.8801198801198801
Tonnage of old fish removed,Fishery,-0.03166446784886201,-0.024081044913408345,0.8801198801198801
Tonnage of old fish removed,Fishery,-0.03166446784886201,-0.055553008601927134,0.8801198801198801
Tonnage of old fish removed,Fishery,-0.03166446784886201,-0.014656831943104853,0.8801198801198801
Tonnage of old fish removed,Fishery,-0.03166446784886201,-0.025549781393695126,0.8801198801198801
Tonnage of old fish removed,Fishery,-0.03166446784886201,-0.024140545949280057,0.8801198801198801
Tonnage of old fish removed,Fishery,-0.03166446784886201,0.1337636279960196,0.8801198801198801
Tonnage of old fish removed,Fishery,-0.03166446784886201,-0.047399742864565386,0.8801198801198801
Tonnage of old fish removed,Fishery,-0.03166446784886201,0.01018919092010473,0.8801198801198801
Tonnage of old fish removed,Fishery,-0.03166446784886201,-0.030701836259562354,0.8801198801198801
Tonnage of old fish removed,Fishery,-0.03166446784886201,-0.016425920601411237,0.8801198801198801
Tonnage of old fish removed,Fishery,-0.03166446784886201,-0.01528318694059938,0.8801198801198801
Tonnage of old fish removed,Fishery,-0.03166446784886201,-0.019148855949992605,0.8801198801198801
Tonnage of old fish removed,Fishery,-0.03166446784886201,-0.003200411947533288,0.8801198801198801
Tonnage of old fish removed,Fishery,-0.03166446784886201,-0.016018559258898613,0.8801198801198801
Tonnage of old fish removed,Fishery,-0.03166446784886201,-0.006088009573917308,0.8801198801198801
Tonnage of old fish removed,Fishery,-0.03166446784886201,-0.016018559258898613,0.8801198801198801
Tonnage of old fish removed,Fishery,-0.03166446784886201,0.0030957842515151324,0.8801198801198801
Tonnage of old fish removed,Fishery,-0.03166446784886201,-0.029550542661853862,0.8801198801198801
Tonnage of old fish removed,Fishery,-0.03166446784886201,-0.011137162675724843,0.8801198801198801
Tonnage of old fish removed,Fishery,-0.03166446784886201,-0.019454708817378874,0.8801198801198801
Tonnage of old fish removed,Fishery,-0.03166446784886201,-0.03363856726376846,0.8801198801198801
Tonnage of old fish removed,Fishery,-0.03166446784886201,3.463317421736889e-4,0.8801198801198801
Tonnage of old fish removed,Fishery,-0.03166446784886201,-0.007010223412194705,0.8801198801198801
Tonnage of old fish removed,Fishery,-0.03166446784886201,0.0047123653204651506,0.8801198801198801
Tonnage of old fish removed,Fishery,-0.03166446784886201,-0.011149062209607985,0.8801198801198801
Tonnage of old fish removed,Fishery,-0.03166446784886201,-0.008623625494567522,0.8801198801198801
Tonnage of old fish removed,Fishery,-0.03166446784886201,-0.016967615370279354,0.8801198801198801
Tonnage of old fish removed,Fishery,-0.03166446784886201,-0.0715408048444186,0.8801198801198801
Tonnage of old fish removed,Fishery,-0.03166446784886201,-0.016425920601411237,0.8801198801198801
Tonnage of old fish removed,Fishery,-0.03166446784886201,-0.015134739385853413,0.8801198801198801
Tonnage of old fish removed,Fishery,-0.03166446784886201,2.2605800397756948e-4,0.8801198801198801
Tonnage of old fish removed,Fishery,-0.03166446784886201,-0.027063101607974094,0.8801198801198801
Tonnage of old fish removed,Fishery,-0.03166446784886201,-0.024164208664698705,0.8801198801198801
Tonnage of old fish removed,Fishery,-0.03166446784886201,-0.06790552693475771,0.8801198801198801
Tonnage of old fish removed,Fishery,-0.03166446784886201,-0.03226860822802147,0.8801198801198801
Tonnage of old fish removed,Fishery,-0.03166446784886201,0.0015773327117185598,0.8801198801198801
Tonnage of old fish removed,Fishery,-0.03166446784886201,0.0021085707009463883,0.8801198801198801
Tonnage of old fish removed,Fishery,-0.03166446784886201,-0.0601588524741945,0.8801198801198801
Tonnage of old fish removed,Fishery,-0.03166446784886201,0.03571113134017423,0.8801198801198801
Tonnage of old fish removed,Fishery,-0.03166446784886201,0.020335360413562098,0.8801198801198801
Tonnage of old fish removed,Fishery,-0.03166446784886201,-0.026609289672455683,0.8801198801198801
Tonnage of old fish removed,Fishery,-0.03166446784886201,0.027943943532717452,0.8801198801198801
Tonnage of old fish removed,Fishery,-0.03166446784886201,0.015029079275038715,0.8801198801198801
Tonnage of old fish removed,Fishery,-0.03166446784886201,-0.027103391280515865,0.8801198801198801
Tonnage of old fish removed,Fishery,-0.03166446784886201,-0.013961951668433059,0.8801198801198801
Tonnage of old fish removed,Fishery,-0.03166446784886201,-0.01280846766341881,0.8801198801198801
Tonnage of old fish removed,Fishery,-0.03166446784886201,-0.008907426065724255,0.8801198801198801
Tonnage of old fish removed,Fishery,-0.03166446784886201,4.452967046073564e-4,0.8801198801198801
Tonnage of old fish removed,Fishery,-0.03166446784886201,-0.05889201614993134,0.8801198801198801
Tonnage of old fish removed,Fishery,-0.03166446784886201,-0.02368416390724204,0.8801198801198801
Tonnage of old fish removed,Fishery,-0.03166446784886201,-0.004027119552993064,0.8801198801198801
Tonnage of old fish removed,Fishery,-0.03166446784886201,0.06964283995337428,0.8801198801198801
Tonnage of old fish removed,Fishery,-0.03166446784886201,0.05795340259192161,0.8801198801198801
Tonnage of old fish removed,Fishery,-0.03166446784886201,-0.01589205353569012,0.8801198801198801
Tonnage of old fish removed,Fishery,-0.03166446784886201,-0.0076384921173511255,0.8801198801198801
Tonnage of old fish removed,Fishery,-0.03166446784886201,-0.010959252296471655,0.8801198801198801
Tonnage of old fish removed,Fishery,-0.03166446784886201,0.0013979132917523174,0.8801198801198801
Tonnage of old fish removed,Fishery,-0.03166446784886201,0.02669779655640614,0.8801198801198801
Tonnage of old fish removed,Fishery,-0.03166446784886201,-0.012903729766434724,0.8801198801198801
Tonnage of old fish removed,Fishery,-0.03166446784886201,-0.01568775080110596,0.8801198801198801
Tonnage of old fish removed,Fishery,-0.03166446784886201,-0.013308011712087398,0.8801198801198801
Tonnage of old fish removed,Fishery,-0.03166446784886201,-0.0930435280635531,0.8801198801198801
Tonnage of old fish removed,Fishery,-0.03166446784886201,-0.007428689326239857,0.8801198801198801
Tonnage of old fish removed,Fishery,-0.03166446784886201,-0.03490442422945961,0.8801198801198801
Tonnage of old fish removed,Fishery,-0.03166446784886201,-0.04785658149035621,0.8801198801198801
Tonnage of old fish removed,Fishery,-0.03166446784886201,-0.012484144900590355,0.8801198801198801
Tonnage of old fish removed,Fishery,-0.03166446784886201,-0.003448449703237211,0.8801198801198801
Tonnage of old fish removed,Fishery,-0.03166446784886201,-0.019049554433879567,0.8801198801198801
Tonnage of old fish removed,Fishery,-0.03166446784886201,0.010026051116042378,0.8801198801198801
Tonnage of old fish removed,Fishery,-0.03166446784886201,-0.07016054445317366,0.8801198801198801
Tonnage of old fish removed,Fishery,-0.03166446784886201,-0.004678079276163594,0.8801198801198801
Tonnage of old fish removed,Fishery,-0.03166446784886201,0.04491738035163617,0.8801198801198801
Tonnage of old fish removed,Fishery,-0.03166446784886201,0.05007136433776771,0.8801198801198801
Tonnage of old fish removed,Fishery,-0.03166446784886201,-0.011038874805209264,0.8801198801198801
Tonnage of old fish removed,Fishery,-0.03166446784886201,-0.016882789735227055,0.8801198801198801
Tonnage of old fish removed,Fishery,-0.03166446784886201,-0.011278741025683603,0.8801198801198801
Tonnage of old fish removed,Fishery,-0.03166446784886201,0.07881769426461582,0.8801198801198801
Tonnage of old fish removed,Fishery,-0.03166446784886201,-0.022883007130659383,0.8801198801198801
Tonnage of old fish removed,Fishery,-0.03166446784886201,-0.01743025630343742,0.8801198801198801
Tonnage of old fish removed,Fishery,-0.03166446784886201,-0.07102134290183826,0.8801198801198801
Tonnage of old fish removed,Fishery,-0.03166446784886201,-0.003891908653810283,0.8801198801198801
Tonnage of old fish removed,Fishery,-0.03166446784886201,-0.022906927459743764,0.8801198801198801
Tonnage of old fish removed,Fishery,-0.03166446784886201,-0.012749758058231642,0.8801198801198801
Tonnage of old fish removed,Fishery,-0.03166446784886201,-0.004919279620972272,0.8801198801198801
Tonnage of old fish removed,Fishery,-0.03166446784886201,-0.05281325804620152,0.8801198801198801
Tonnage of old fish removed,Fishery,-0.03166446784886201,6.655039723133527e-4,0.8801198801198801
Tonnage of old fish removed,Fishery,-0.03166446784886201,-0.017878660597779872,0.8801198801198801
Tonnage of old fish removed,Fishery,-0.03166446784886201,-0.016018559258898613,0.8801198801198801
Tonnage of old fish removed,Fishery,-0.03166446784886201,-0.020615907884867557,0.8801198801198801
Tonnage of old fish removed,Fishery,-0.03166446784886201,-0.004978703801798101,0.8801198801198801
Tonnage of old fish removed,Fishery,-0.03166446784886201,-8.06870772967816e-4,0.8801198801198801
Tonnage of old fish removed,Fishery,-0.03166446784886201,0.0014765721202687487,0.8801198801198801
Tonnage of old fish removed,Fishery,-0.03166446784886201,-0.02622702452283243,0.8801198801198801
Tonnage of old fish removed,Fishery,-0.03166446784886201,0.015331610194383227,0.8801198801198801
Tonnage of old fish removed,Fishery,-0.03166446784886201,-0.02089586420625178,0.8801198801198801
Tonnage of old fish removed,Fishery,-0.03166446784886201,-0.08732167636643728,0.8801198801198801
Tonnage of old fish removed,Fishery,-0.03166446784886201,-0.0017103248827936568,0.8801198801198801
Tonnage of old fish removed,Fishery,-0.03166446784886201,-0.01620497607136584,0.8801198801198801
Tonnage of old fish removed,Fishery,-0.03166446784886201,0.030253842077608617,0.8801198801198801
Tonnage of old fish removed,Fishery,-0.03166446784886201,-0.014081616269357111,0.8801198801198801
Tonnage of old fish removed,Fishery,-0.03166446784886201,0.02130869364992649,0.8801198801198801
Tonnage of old fish removed,Fishery,-0.03166446784886201,-0.009746894164139208,0.8801198801198801
Tonnage of old fish removed,Fishery,-0.03166446784886201,-0.0081899353807533,0.8801198801198801
Tonnage of old fish removed,Fishery,-0.03166446784886201,-0.03232768693878385,0.8801198801198801
Tonnage of old fish removed,Fishery,-0.03166446784886201,-0.003200411947533288,0.8801198801198801
Tonnage of old fish removed,Fishery,-0.03166446784886201,-0.013735820869332116,0.8801198801198801
Tonnage of old fish removed,Fishery,-0.03166446784886201,-0.011278741025683603,0.8801198801198801
Tonnage of old fish removed,Fishery,-0.03166446784886201,0.0774169365059697,0.8801198801198801
Tonnage of old fish removed,Fishery,-0.03166446784886201,0.0657250969069817,0.8801198801198801
Tonnage of old fish removed,Fishery,-0.03166446784886201,-0.07021267421454058,0.8801198801198801
Tonnage of old fish removed,Fishery,-0.03166446784886201,-0.0076384921173511255,0.8801198801198801
Tonnage of old fish removed,Fishery,-0.03166446784886201,0.0013979132917523174,0.8801198801198801
Tonnage of old fish removed,Fishery,-0.03166446784886201,-0.0595707124846645,0.8801198801198801
Tonnage of old fish removed,Fishery,-0.03166446784886201,-0.015410199219569432,0.8801198801198801
Tonnage of old fish removed,Fishery,-0.03166446784886201,-0.014760897254223027,0.8801198801198801
Tonnage of old fish removed,Fishery,-0.03166446784886201,0.0054849391393375635,0.8801198801198801
Tonnage of old fish removed,Fishery,-0.03166446784886201,-0.01330760095598138,0.8801198801198801
Tonnage of old fish removed,Fishery,-0.03166446784886201,-0.059798419035488104,0.8801198801198801
Tonnage of old fish removed,Fishery,-0.03166446784886201,-0.02173336282886007,0.8801198801198801
Tonnage of old fish removed,Fishery,-0.03166446784886201,-0.008932035902949664,0.8801198801198801
Tonnage of old fish removed,Fishery,-0.03166446784886201,-0.02794535181402269,0.8801198801198801
Tonnage of old fish removed,Fishery,-0.03166446784886201,-0.007781629752985797,0.8801198801198801
Tonnage of old fish removed,Fishery,-0.03166446784886201,-0.02991236946272302,0.8801198801198801
Tonnage of old fish removed,Fishery,-0.03166446784886201,-0.004027119552993064,0.8801198801198801
Tonnage of old fish removed,Fishery,-0.03166446784886201,-0.07108725450380504,0.8801198801198801
Tonnage of old fish removed,Fishery,-0.03166446784886201,-0.004678079276163594,0.8801198801198801
Tonnage of old fish removed,Fishery,-0.03166446784886201,-0.027103391280515865,0.8801198801198801
Tonnage of old fish removed,Fishery,-0.03166446784886201,-0.03060312992747205,0.8801198801198801
Tonnage of old fish removed,Fishery,-0.03166446784886201,0.015029079275038715,0.8801198801198801
Tonnage of old fish removed,Fishery,-0.03166446784886201,-0.016436332445336932,0.8801198801198801
Tonnage of old fish removed,Fishery,-0.03166446784886201,0.07394208046980777,0.8801198801198801
Tonnage of old fish removed,Fishery,-0.03166446784886201,-0.1954815231564413,0.8801198801198801
Tonnage of old fish removed,Fishery,-0.03166446784886201,-0.016456054017201405,0.8801198801198801
Tonnage of old fish removed,Fishery,-0.03166446784886201,0.025348981866618492,0.8801198801198801
Tonnage of old fish removed,Fishery,-0.03166446784886201,0.0013979132917523174,0.8801198801198801
Tonnage of old fish removed,Fishery,-0.03166446784886201,-0.0157343792590654,0.8801198801198801
Tonnage of old fish removed,Fishery,-0.03166446784886201,0.07101821950993026,0.8801198801198801
Tonnage of old fish removed,Fishery,-0.03166446784886201,-0.012225523442346953,0.8801198801198801
Tonnage of old fish removed,Fishery,-0.03166446784886201,-0.001568046998716488,0.8801198801198801
Tonnage of old fish removed,Fishery,-0.03166446784886201,0.02850794854138461,0.8801198801198801
Tonnage of old fish removed,Fishery,-0.03166446784886201,-0.012812758340465802,0.8801198801198801
Tonnage of old fish removed,Fishery,-0.03166446784886201,-0.022189984259512796,0.8801198801198801
Tonnage of old fish removed,Fishery,-0.03166446784886201,-0.008416760146560343,0.8801198801198801
Tonnage of old fish removed,Fishery,-0.03166446784886201,-0.015673715839455094,0.8801198801198801
Tonnage of old fish removed,Fishery,-0.03166446784886201,-0.004213790395905415,0.8801198801198801
Tonnage of old fish removed,Fishery,-0.03166446784886201,0.007963348365453315,0.8801198801198801
Tonnage of old fish removed,Fishery,-0.03166446784886201,-0.02943491865425929,0.8801198801198801
Tonnage of old fish removed,Fishery,-0.03166446784886201,-0.010505860164381042,0.8801198801198801
Tonnage of old fish removed,Fishery,-0.03166446784886201,-0.0013108800252732422,0.8801198801198801
Tonnage of old fish removed,Fishery,-0.03166446784886201,-0.011291979550334563,0.8801198801198801
Tonnage of old fish removed,Fishery,-0.03166446784886201,-0.01629735162820456,0.8801198801198801
Tonnage of old fish removed,Fishery,-0.03166446784886201,-0.06387419377272163,0.8801198801198801
Tonnage of old fish removed,Fishery,-0.03166446784886201,0.050358587897520124,0.8801198801198801
Tonnage of old fish removed,Fishery,-0.03166446784886201,-8.129193292010228e-4,0.8801198801198801
Tonnage of old fish removed,Fishery,-0.03166446784886201,-3.1803805720054257e-4,0.8801198801198801
Tonnage of old fish removed,Fishery,-0.03166446784886201,-0.012961070712257605,0.8801198801198801
Tonnage of old fish removed,Fishery,-0.03166446784886201,-0.006380264449211692,0.8801198801198801
Tonnage of old fish removed,Fishery,-0.03166446784886201,-0.007941645054848623,0.8801198801198801
Tonnage of old fish removed,Fishery,-0.03166446784886201,-0.02568518908832118,0.8801198801198801
Tonnage of old fish removed,Fishery,-0.03166446784886201,-8.418191794437035e-4,0.8801198801198801
Tonnage of old fish removed,Fishery,-0.03166446784886201,-0.012158592275478997,0.8801198801198801
Tonnage of old fish removed,Fishery,-0.03166446784886201,0.08379200127762265,0.8801198801198801
Tonnage of old fish removed,Fishery,-0.03166446784886201,-0.020043316946338763,0.8801198801198801
Tonnage of old fish removed,Fishery,-0.03166446784886201,-0.02807490362211218,0.8801198801198801
Tonnage of old fish removed,Fishery,-0.03166446784886201,-0.025379747086005544,0.8801198801198801
Tonnage of old fish removed,Fishery,-0.03166446784886201,0.02669779655640614,0.8801198801198801
Tonnage of old fish removed,Fishery,-0.03166446784886201,-0.003891908653810283,0.8801198801198801
Tonnage of old fish removed,Fishery,-0.03166446784886201,-0.019523396371176505,0.8801198801198801
Tonnage of old fish removed,Fishery,-0.03166446784886201,-0.011530077967038421,0.8801198801198801
Tonnage of old fish removed,Fishery,-0.03166446784886201,-0.01717635324772737,0.8801198801198801
Tonnage of old fish removed,Fishery,-0.03166446784886201,4.606896174891295e-4,0.8801198801198801
Tonnage of old fish removed,Fishery,-0.03166446784886201,0.012931471263796568,0.8801198801198801
Tonnage of old fish removed,Fishery,-0.03166446784886201,-0.0032225626090838233,0.8801198801198801
Tonnage of old fish removed,Fishery,-0.03166446784886201,-0.02173336282886007,0.8801198801198801
Tonnage of old fish removed,Fishery,-0.03166446784886201,-0.015923597270762757,0.8801198801198801
Tonnage of old fish removed,Fishery,-0.03166446784886201,-0.014656831943104853,0.8801198801198801
Tonnage of old fish removed,Fishery,-0.03166446784886201,-0.006088009573917308,0.8801198801198801
Tonnage of old fish removed,Fishery,-0.03166446784886201,-8.418191794437035e-4,0.8801198801198801
Tonnage of old fish removed,Fishery,-0.03166446784886201,-0.0070977874557183185,0.8801198801198801
Tonnage of old fish removed,Fishery,-0.03166446784886201,-0.017955702307398846,0.8801198801198801
Tonnage of old fish removed,Fishery,-0.03166446784886201,0.0666443611951909,0.8801198801198801
Tonnage of old fish removed,Fishery,-0.03166446784886201,-0.017586286009830587,0.8801198801198801
Tonnage of old fish removed,Fishery,-0.03166446784886201,-0.01568775080110596,0.8801198801198801
Tonnage of old fish removed,Fishery,-0.03166446784886201,-0.014867030665684622,0.8801198801198801
Tonnage of old fish removed,Fishery,-0.03166446784886201,-0.00660805729073366,0.8801198801198801
Tonnage of old fish removed,Fishery,-0.03166446784886201,-0.016610454457379076,0.8801198801198801
Tonnage of old fish removed,Fishery,-0.03166446784886201,-0.012484144900590355,0.8801198801198801
Tonnage of old fish removed,Fishery,-0.03166446784886201,-0.009957597224421244,0.8801198801198801
Tonnage of old fish removed,Fishery,-0.03166446784886201,0.0774169365059697,0.8801198801198801
Tonnage of old fish removed,Fishery,-0.03166446784886201,-0.0025584302006012027,0.8801198801198801
Tonnage of old fish removed,Fishery,-0.03166446784886201,-0.006532152335433583,0.8801198801198801
Tonnage of old fish removed,Fishery,-0.03166446784886201,-0.025549781393695126,0.8801198801198801
Tonnage of old fish removed,Fishery,-0.03166446784886201,-0.015574788629857172,0.8801198801198801
Tonnage of old fish removed,Fishery,-0.03166446784886201,-0.024929984317482168,0.8801198801198801
Tonnage of old fish removed,Fishery,-0.03166446784886201,-0.021608193906103024,0.8801198801198801
Tonnage of old fish removed,Fishery,-0.03166446784886201,-0.009902371231409246,0.8801198801198801
Tonnage of old fish removed,Fishery,-0.03166446784886201,-0.020802896840893315,0.8801198801198801
Tonnage of old fish removed,Fishery,-0.03166446784886201,-0.014875411490841817,0.8801198801198801
Tonnage of old fish removed,Fishery,-0.03166446784886201,0.0021456158121242463,0.8801198801198801
Tonnage of old fish removed,Fishery,-0.03166446784886201,-0.017296136682262375,0.8801198801198801
Tonnage of old fish removed,Fishery,-0.03166446784886201,0.005964258597391581,0.8801198801198801
Tonnage of old fish removed,Fishery,-0.03166446784886201,0.07881769426461582,0.8801198801198801
Tonnage of old fish removed,Fishery,-0.03166446784886201,-0.017126901709603848,0.8801198801198801
Tonnage of old fish removed,Fishery,-0.03166446784886201,-0.07252221494455591,0.8801198801198801
Tonnage of old fish removed,Fishery,-0.03166446784886201,-0.01110358656729371,0.8801198801198801
Tonnage of old fish removed,Fishery,-0.03166446784886201,-0.01651582726879064,0.8801198801198801
Tonnage of old fish removed,Fishery,-0.03166446784886201,-0.055553008601927134,0.8801198801198801
Tonnage of old fish removed,Fishery,-0.03166446784886201,-0.014857709002008113,0.8801198801198801
Tonnage of old fish removed,Fishery,-0.03166446784886201,-0.015114896746355022,0.8801198801198801
Tonnage of old fish removed,Fishery,-0.03166446784886201,-0.01578687336893947,0.8801198801198801
Tonnage of old fish removed,Fishery,-0.03166446784886201,-3.166462729802255e-4,0.8801198801198801
Tonnage of old fish removed,Fishery,-0.03166446784886201,-0.08732167636643728,0.8801198801198801
Tonnage of old fish removed,Fishery,-0.03166446784886201,0.00556597440079265,0.8801198801198801
Tonnage of old fish removed,Fishery,-0.03166446784886201,-0.012997462283490302,0.8801198801198801
Tonnage of old fish removed,Fishery,-0.03166446784886201,-0.040255620440136974,0.8801198801198801
Tonnage of old fish removed,Fishery,-0.03166446784886201,0.022585650366268584,0.8801198801198801
Tonnage of old fish removed,Fishery,-0.03166446784886201,-0.014995576522127685,0.8801198801198801
Tonnage of old fish removed,Fishery,-0.03166446784886201,-0.015482528318037092,0.8801198801198801
Tonnage of old fish removed,Fishery,-0.03166446784886201,-0.017690030597305118,0.8801198801198801
Tonnage of old fish removed,Fishery,-0.03166446784886201,-0.015360919939384932,0.8801198801198801
Tonnage of old fish removed,Fishery,-0.03166446784886201,-0.016230880750965015,0.8801198801198801
Tonnage of old fish removed,Fishery,-0.03166446784886201,0.041757027568366745,0.8801198801198801
Tonnage of old fish removed,Fishery,-0.03166446784886201,-0.003523152398043683,0.8801198801198801
Tonnage of old fish removed,Fishery,-0.03166446784886201,-0.022134240032169128,0.8801198801198801
Tonnage of old fish removed,Fishery,-0.03166446784886201,-0.04217818772041726,0.8801198801198801
Tonnage of old fish removed,Fishery,-0.03166446784886201,-0.019172973002818283,0.8801198801198801
Tonnage of old fish removed,Fishery,-0.03166446784886201,-0.001568046998716488,0.8801198801198801
Tonnage of old fish removed,Fishery,-0.03166446784886201,-0.05281325804620152,0.8801198801198801
Tonnage of old fish removed,Fishery,-0.03166446784886201,-0.015819675594406002,0.8801198801198801
Tonnage of old fish removed,Fishery,-0.03166446784886201,-0.006918903440759738,0.8801198801198801
Tonnage of old fish removed,Fishery,-0.03166446784886201,-0.0715408048444186,0.8801198801198801
Tonnage of old fish removed,Fishery,-0.03166446784886201,-0.021790755483476865,0.8801198801198801
Tonnage of old fish removed,Fishery,-0.03166446784886201,-0.004308543508192431,0.8801198801198801
Tonnage of old fish removed,Fishery,-0.03166446784886201,0.005469568865188568,0.8801198801198801
Tonnage of old fish removed,Fishery,-0.03166446784886201,-0.007710448701610861,0.8801198801198801
Tonnage of old fish removed,Fishery,-0.03166446784886201,-0.014259926733629191,0.8801198801198801
Tonnage of old fish removed,Fishery,-0.03166446784886201,-0.0011066607719434352,0.8801198801198801
Tonnage of old fish removed,Fishery,-0.03166446784886201,-0.012997462283490302,0.8801198801198801
Tonnage of old fish removed,Fishery,-0.03166446784886201,-0.03698785547868266,0.8801198801198801
Tonnage of old fish removed,Fishery,-0.03166446784886201,-0.05831677958655157,0.8801198801198801
Tonnage of old fish removed,Fishery,-0.03166446784886201,-0.07926774138782533,0.8801198801198801
Tonnage of old fish removed,Fishery,-0.03166446784886201,-0.00445525816828618,0.8801198801198801
Tonnage of old fish removed,Fishery,-0.03166446784886201,-0.003891908653810283,0.8801198801198801
Tonnage of old fish removed,Fishery,-0.03166446784886201,-0.012749758058231642,0.8801198801198801
Tonnage of old fish removed,Fishery,-0.03166446784886201,-0.009990172468048897,0.8801198801198801
Tonnage of old fish removed,Fishery,-0.03166446784886201,4.466881335909445e-4,0.8801198801198801
Tonnage of old fish removed,Fishery,-0.03166446784886201,-0.02794535181402269,0.8801198801198801
Tonnage of old fish removed,Fishery,-0.03166446784886201,-0.02807884279522277,0.8801198801198801
Tonnage of old fish removed,Fishery,-0.03166446784886201,-0.05784592024134749,0.8801198801198801
Tonnage of old fish removed,Fishery,-0.03166446784886201,-0.015364248487961474,0.8801198801198801
Tonnage of old fish removed,Fishery,-0.03166446784886201,-0.00861185624900851,0.8801198801198801
Tonnage of old fish removed,Fishery,-0.03166446784886201,0.04929681317826318,0.8801198801198801
Tonnage of old fish removed,Fishery,-0.03166446784886201,-0.060548611625695026,0.8801198801198801
Tonnage of old fish removed,Fishery,-0.03166446784886201,-0.020615907884867557,0.8801198801198801
Tonnage of old fish removed,Fishery,-0.03166446784886201,-0.015711570292784804,0.8801198801198801
Tonnage of old fish removed,Fishery,-0.03166446784886201,0.02669779655640614,0.8801198801198801
Tonnage of old fish removed,Fishery,-0.03166446784886201,-0.008544551326609806,0.8801198801198801
Tonnage of old fish removed,Fishery,-0.03166446784886201,0.030599072828049856,0.8801198801198801
Tonnage of old fish removed,Fishery,-0.03166446784886201,0.03544167959015987,0.8801198801198801
Tonnage of old fish removed,Fishery,-0.03166446784886201,-0.027103391280515865,0.8801198801198801
Tonnage of old fish removed,Fishery,-0.03166446784886201,-0.04217818772041726,0.8801198801198801
Tonnage of old fish removed,Fishery,-0.03166446784886201,-0.05234528539663574,0.8801198801198801
Tonnage of old fish removed,Fishery,-0.03166446784886201,-0.01561343143747096,0.8801198801198801
Tonnage of old fish removed,Fishery,-0.03166446784886201,-0.012032554799885187,0.8801198801198801
Tonnage of old fish removed,Fishery,-0.03166446784886201,-0.01640751981272559,0.8801198801198801
Tonnage of old fish removed,Fishery,-0.03166446784886201,0.014697568362763036,0.8801198801198801
Tonnage of old fish removed,Fishery,-0.03166446784886201,0.009110058910955732,0.8801198801198801
Tonnage of old fish removed,Fishery,-0.03166446784886201,-0.026535094570605544,0.8801198801198801
Tonnage of old fish removed,Fishery,-0.03166446784886201,-0.016520114676817466,0.8801198801198801
Tonnage of old fish removed,Fishery,-0.03166446784886201,-0.003612197370255643,0.8801198801198801
Tonnage of old fish removed,Fishery,-0.03166446784886201,-0.01633092214164389,0.8801198801198801
Tonnage of old fish removed,Fishery,-0.03166446784886201,0.0040243553310138624,0.8801198801198801
Tonnage of old fish removed,Fishery,-0.03166446784886201,-0.024457255868884253,0.8801198801198801
Tonnage of old fish removed,Fishery,-0.03166446784886201,-0.006013517633201904,0.8801198801198801
Tonnage of old fish removed,Fishery,-0.03166446784886201,-0.031255094926855076,0.8801198801198801
Tonnage of old fish removed,Fishery,-0.03166446784886201,0.008199567258165508,0.8801198801198801
Tonnage of old fish removed,Fishery,-0.03166446784886201,-0.016537560339341395,0.8801198801198801
Tonnage of old fish removed,Fishery,-0.03166446784886201,-0.008623625494567522,0.8801198801198801
Tonnage of old fish removed,Fishery,-0.03166446784886201,0.00556597440079265,0.8801198801198801
Tonnage of old fish removed,Fishery,-0.03166446784886201,-0.016610454457379076,0.8801198801198801
Tonnage of old fish removed,Fishery,-0.03166446784886201,0.028036734000303598,0.8801198801198801
Tonnage of old fish removed,Fishery,-0.03166446784886201,-0.024140545949280057,0.8801198801198801
Tonnage of old fish removed,Fishery,-0.03166446784886201,-0.017296136682262375,0.8801198801198801
Tonnage of old fish removed,Fishery,-0.03166446784886201,-0.01348229617463792,0.8801198801198801
Tonnage of old fish removed,Fishery,-0.03166446784886201,0.0021456158121242463,0.8801198801198801
Tonnage of old fish removed,Fishery,-0.03166446784886201,-0.015654321218342204,0.8801198801198801
Tonnage of old fish removed,Fishery,-0.03166446784886201,-0.015498331294304002,0.8801198801198801
Tonnage of old fish removed,Fishery,-0.03166446784886201,-0.036554129727582874,0.8801198801198801
Tonnage of old fish removed,Fishery,-0.03166446784886201,-0.015534667005339786,0.8801198801198801
Tonnage of old fish removed,Fishery,-0.03166446784886201,-0.012812758340465802,0.8801198801198801
Tonnage of old fish removed,Fishery,-0.03166446784886201,-0.009235809797135675,0.8801198801198801
Tonnage of old fish removed,Fishery,-0.03166446784886201,0.027808445564858175,0.8801198801198801
Tonnage of old fish removed,Fishery,-0.03166446784886201,-0.015539604341141544,0.8801198801198801
Tonnage of old fish removed,Fishery,-0.03166446784886201,-0.016392662716202544,0.8801198801198801
Tonnage of old fish removed,Fishery,-0.03166446784886201,-0.01812919694539694,0.8801198801198801
Tonnage of old fish removed,Fishery,-0.03166446784886201,-0.004865800751924443,0.8801198801198801
Tonnage of old fish removed,Fishery,-0.03166446784886201,-0.042924138834112835,0.8801198801198801
Tonnage of old fish removed,Fishery,-0.03166446784886201,-0.02280742333929142,0.8801198801198801
Tonnage of old fish removed,Fishery,-0.03166446784886201,0.027808445564858175,0.8801198801198801
Tonnage of old fish removed,Fishery,-0.03166446784886201,0.08073977808284527,0.8801198801198801
Tonnage of old fish removed,Fishery,-0.03166446784886201,-0.013980496215012295,0.8801198801198801
Tonnage of old fish removed,Fishery,-0.03166446784886201,-0.02876278490846662,0.8801198801198801
Tonnage of old fish removed,Fishery,-0.03166446784886201,-0.014935314265777544,0.8801198801198801
Tonnage of old fish removed,Fishery,-0.03166446784886201,-0.02876278490846662,0.8801198801198801
Tonnage of old fish removed,Fishery,-0.03166446784886201,0.07881769426461582,0.8801198801198801
Tonnage of old fish removed,Fishery,-0.03166446784886201,-0.03060312992747205,0.8801198801198801
Tonnage of old fish removed,Fishery,-0.03166446784886201,0.02669779655640614,0.8801198801198801
Tonnage of old fish removed,Fishery,-0.03166446784886201,-0.014132261009058844,0.8801198801198801
Tonnage of old fish removed,Fishery,-0.03166446784886201,-0.017620904089883593,0.8801198801198801
Tonnage of old fish removed,Fishery,-0.03166446784886201,-0.015040676833408817,0.8801198801198801
Tonnage of old fish removed,Fishery,-0.03166446784886201,0.005320936410825539,0.8801198801198801
Tonnage of old fish removed,Fishery,-0.03166446784886201,-0.017991300766244667,0.8801198801198801
Tonnage of old fish removed,Fishery,-0.03166446784886201,-0.061107782193514204,0.8801198801198801
Tonnage of old fish removed,Fishery,-0.03166446784886201,-0.01820707094753171,0.8801198801198801
Tonnage of old fish removed,Fishery,-0.03166446784886201,-0.015498331294304002,0.8801198801198801
Tonnage of old fish removed,Fishery,-0.03166446784886201,-0.043514226104914844,0.8801198801198801
Tonnage of old fish removed,Fishery,-0.03166446784886201,-0.014516690283586708,0.8801198801198801
Tonnage of old fish removed,Fishery,-0.03166446784886201,-0.03698785547868266,0.8801198801198801
Tonnage of old fish removed,Fishery,-0.03166446784886201,-0.02701278549362285,0.8801198801198801
Tonnage of old fish removed,Fishery,-0.03166446784886201,-0.01714853988813836,0.8801198801198801
Tonnage of old fish removed,Fishery,-0.03166446784886201,-0.022883007130659383,0.8801198801198801
Tonnage of old fish removed,Fishery,-0.03166446784886201,-0.009958067082515676,0.8801198801198801
Tonnage of old fish removed,Fishery,-0.03166446784886201,-0.007941645054848623,0.8801198801198801
Tonnage of old fish removed,Fishery,-0.03166446784886201,-0.015042469216480558,0.8801198801198801
Tonnage of old fish removed,Fishery,-0.03166446784886201,-0.005924385511620001,0.8801198801198801
Tonnage of old fish removed,Fishery,-0.03166446784886201,-0.02604240294922433,0.8801198801198801
Tonnage of old fish removed,Fishery,-0.03166446784886201,-0.004865800751924443,0.8801198801198801
Tonnage of old fish removed,Fishery,-0.03166446784886201,0.03909808217143107,0.8801198801198801
Tonnage of old fish removed,Fishery,-0.03166446784886201,-0.015923597270762757,0.8801198801198801
Tonnage of old fish removed,Fishery,-0.03166446784886201,-0.023725202929755218,0.8801198801198801
Tonnage of old fish removed,Fishery,-0.03166446784886201,0.052381451177234584,0.8801198801198801
Tonnage of old fish removed,Fishery,-0.03166446784886201,-0.08732167636643728,0.8801198801198801
Tonnage of old fish removed,Fishery,-0.03166446784886201,-0.012452174560980245,0.8801198801198801
Tonnage of old fish removed,Fishery,-0.03166446784886201,-0.004915354961650298,0.8801198801198801
Tonnage of old fish removed,Fishery,-0.03166446784886201,-0.01614297771303952,0.8801198801198801
Tonnage of old fish removed,Fishery,-0.03166446784886201,-0.009692222084456636,0.8801198801198801
Tonnage of old fish removed,Fishery,-0.03166446784886201,-0.008057013197906082,0.8801198801198801
Tonnage of old fish removed,Fishery,-0.03166446784886201,-0.06691232673810865,0.8801198801198801
Tonnage of old fish removed,Fishery,-0.03166446784886201,-0.0025584302006012027,0.8801198801198801
Tonnage of old fish removed,Fishery,-0.03166446784886201,0.004360552943294849,0.8801198801198801
Tonnage of old fish removed,Fishery,-0.03166446784886201,0.02669779655640614,0.8801198801198801
Tonnage of old fish removed,Fishery,-0.03166446784886201,-0.02086637810353964,0.8801198801198801
Tonnage of old fish removed,Fishery,-0.03166446784886201,-0.01583289176671432,0.8801198801198801
Tonnage of old fish removed,Fishery,-0.03166446784886201,0.002481620822334385,0.8801198801198801
Tonnage of old fish removed,Fishery,-0.03166446784886201,-0.01570775497067034,0.8801198801198801
Tonnage of old fish removed,Fishery,-0.03166446784886201,-0.01053118000280251,0.8801198801198801
Tonnage of old fish removed,Fishery,-0.03166446784886201,-0.05395362235802814,0.8801198801198801
Tonnage of old fish removed,Fishery,-0.03166446784886201,0.05489949353357082,0.8801198801198801
Tonnage of old fish removed,Fishery,-0.03166446784886201,-0.0601588524741945,0.8801198801198801
Tonnage of old fish removed,Fishery,-0.03166446784886201,-0.014132261009058844,0.8801198801198801
Tonnage of old fish removed,Fishery,-0.03166446784886201,0.04175407582709123,0.8801198801198801
Tonnage of old fish removed,Fishery,-0.03166446784886201,-0.018180826613981793,0.8801198801198801
Tonnage of old fish removed,Fishery,-0.03166446784886201,-0.02447751386593011,0.8801198801198801
Tonnage of old fish removed,Fishery,-0.03166446784886201,-0.06691232673810865,0.8801198801198801
Tonnage of old fish removed,Fishery,-0.03166446784886201,0.047583340554695486,0.8801198801198801
Tonnage of old fish removed,Fishery,-0.03166446784886201,-0.015621415333505695,0.8801198801198801
Tonnage of old fish removed,Fishery,-0.03166446784886201,-0.004516518688707727,0.8801198801198801
Tonnage of old fish removed,Fishery,-0.03166446784886201,-0.009991686821260615,0.8801198801198801
Tonnage of old fish removed,Fishery,-0.03166446784886201,-0.030477399480685063,0.8801198801198801
Tonnage of old fish removed,Fishery,-0.03166446784886201,-0.019109386387549998,0.8801198801198801
Tonnage of old fish removed,Fishery,-0.03166446784886201,-0.02125063954232642,0.8801198801198801
Tonnage of old fish removed,Fishery,-0.03166446784886201,-0.026180100782427385,0.8801198801198801
Tonnage of old fish removed,Fishery,-0.03166446784886201,-0.016584207403438356,0.8801198801198801
Tonnage of old fish removed,Fishery,-0.03166446784886201,-0.017023133374962418,0.8801198801198801
Tonnage of old fish removed,Fishery,-0.03166446784886201,-0.009702083898219582,0.8801198801198801
Tonnage of old fish removed,Fishery,-0.03166446784886201,-0.015454774732880372,0.8801198801198801
Tonnage of old fish removed,Fishery,-0.03166446784886201,-0.013033743876331494,0.8801198801198801
Tonnage of old fish removed,Fishery,-0.03166446784886201,-0.01535744141958384,0.8801198801198801
Tonnage of old fish removed,Fishery,-0.03166446784886201,-0.007711533185831065,0.8801198801198801
Tonnage of old fish removed,Fishery,-0.03166446784886201,-0.015392262082316366,0.8801198801198801
Tonnage of old fish removed,Fishery,-0.03166446784886201,-0.019454708817378874,0.8801198801198801
Tonnage of old fish removed,Fishery,-0.03166446784886201,-0.01667433362958448,0.8801198801198801
Tonnage of old fish removed,Fishery,-0.03166446784886201,-0.0100696820245747,0.8801198801198801
Tonnage of old fish removed,Fishery,-0.03166446784886201,-0.014867030665684622,0.8801198801198801
Tonnage of old fish removed,Fishery,-0.03166446784886201,-0.031294748377927784,0.8801198801198801
Tonnage of old fish removed,Fishery,-0.03166446784886201,0.08512188339193216,0.8801198801198801
Tonnage of old fish removed,Fishery,-0.03166446784886201,-0.021784424395019597,0.8801198801198801
Tonnage of old fish removed,Fishery,-0.03166446784886201,-0.013095440393814606,0.8801198801198801
Tonnage of old fish removed,Fishery,-0.03166446784886201,-0.0676244211623469,0.8801198801198801
Tonnage of old fish removed,Fishery,-0.03166446784886201,-0.016456054017201405,0.8801198801198801
Tonnage of old fish removed,Fishery,-0.03166446784886201,-0.015278003879932278,0.8801198801198801
Tonnage of old fish removed,Fishery,-0.03166446784886201,-0.021282324758385096,0.8801198801198801
Tonnage of old fish removed,Fishery,-0.03166446784886201,-0.01776537295964653,0.8801198801198801
Tonnage of old fish removed,Fishery,-0.03166446784886201,-0.018558636887687996,0.8801198801198801
Tonnage of old fish removed,Fishery,-0.03166446784886201,-0.011107764412663146,0.8801198801198801
Tonnage of old fish removed,Fishery,-0.03166446784886201,-0.004978703801798101,0.8801198801198801
Tonnage of old fish removed,Fishery,-0.03166446784886201,-0.016537560339341395,0.8801198801198801
Tonnage of old fish removed,Fishery,-0.03166446784886201,-0.051098293170017905,0.8801198801198801
Tonnage of old fish removed,Fishery,-0.03166446784886201,-0.015598916084042846,0.8801198801198801
Tonnage of old fish removed,Fishery,-0.03166446784886201,-0.03956305325232612,0.8801198801198801
Tonnage of old fish removed,Fishery,-0.03166446784886201,-0.02347921277250742,0.8801198801198801
Tonnage of old fish removed,Fishery,-0.03166446784886201,-0.012122106797874732,0.8801198801198801
Tonnage of old fish removed,Fishery,-0.03166446784886201,-0.014324033749810505,0.8801198801198801
Tonnage of old fish removed,Fishery,-0.03166446784886201,0.11414695790377649,0.8801198801198801
Tonnage of old fish removed,Fishery,-0.03166446784886201,0.07798578629701514,0.8801198801198801
Tonnage of old fish removed,Fishery,-0.03166446784886201,0.010501303551298968,0.8801198801198801
Tonnage of old fish removed,Fishery,-0.03166446784886201,0.06837617492604453,0.8801198801198801
Tonnage of old fish removed,Fishery,-0.03166446784886201,-0.009993151012883894,0.8801198801198801
Tonnage of old fish removed,Fishery,-0.03166446784886201,-0.025549781393695126,0.8801198801198801
Tonnage of old fish removed,Fishery,-0.03166446784886201,-0.008092666951731164,0.8801198801198801
Tonnage of old fish removed,Fishery,-0.03166446784886201,-0.027255928461793255,0.8801198801198801
Tonnage of old fish removed,Fishery,-0.03166446784886201,-0.014200574879132954,0.8801198801198801
Tonnage of old fish removed,Fishery,-0.03166446784886201,-0.003891908653810283,0.8801198801198801
Tonnage of old fish removed,Fishery,-0.03166446784886201,-0.02794535181402269,0.8801198801198801
Tonnage of old fish removed,Fishery,-0.03166446784886201,0.008199567258165508,0.8801198801198801
Tonnage of old fish removed,Fishery,-0.03166446784886201,-0.01601114587580965,0.8801198801198801
Tonnage of old fish removed,Fishery,-0.03166446784886201,-0.021601698559807758,0.8801198801198801
Tonnage of old fish removed,Fishery,-0.03166446784886201,-0.016421829744486915,0.8801198801198801
Tonnage of old fish removed,Fishery,-0.03166446784886201,-0.0258356425486439,0.8801198801198801
Tonnage of old fish removed,Fishery,-0.03166446784886201,-0.01610984802133686,0.8801198801198801
Tonnage of old fish removed,Fishery,-0.03166446784886201,-0.01593857075092675,0.8801198801198801
Tonnage of old fish removed,Fishery,-0.03166446784886201,-0.041909931100001296,0.8801198801198801
Tonnage of old fish removed,Fishery,-0.03166446784886201,-0.014933890501000358,0.8801198801198801
Tonnage of old fish removed,Fishery,-0.03166446784886201,-0.007781629752985797,0.8801198801198801
Tonnage of old fish removed,Fishery,-0.03166446784886201,-0.00310426706524658,0.8801198801198801
Tonnage of old fish removed,Fishery,-0.03166446784886201,-0.04868302189940743,0.8801198801198801
Tonnage of old fish removed,Fishery,-0.03166446784886201,-0.03160522005023103,0.8801198801198801
Tonnage of old fish removed,Fishery,-0.03166446784886201,-0.010647943683892436,0.8801198801198801
Tonnage of old fish removed,Fishery,-0.03166446784886201,0.011788218598017375,0.8801198801198801
Tonnage of old fish removed,Fishery,-0.03166446784886201,-0.07926774138782533,0.8801198801198801
Tonnage of old fish removed,Fishery,-0.03166446784886201,-0.015654321218342204,0.8801198801198801
Tonnage of old fish removed,Fishery,-0.03166446784886201,-0.01325299596796281,0.8801198801198801
Tonnage of old fish removed,Fishery,-0.03166446784886201,-0.03166446784886201,0.8801198801198801
Tonnage of old fish removed,Fishery,-0.03166446784886201,-0.024081044913408345,0.8801198801198801
Tonnage of old fish removed,Fishery,-0.03166446784886201,-0.014602811317530717,0.8801198801198801
Tonnage of old fish removed,Fishery,-0.03166446784886201,-0.01844004545835065,0.8801198801198801
Tonnage of old fish removed,Fishery,-0.03166446784886201,-0.016415017277151778,0.8801198801198801
Tonnage of old fish removed,Fishery,-0.03166446784886201,-0.015134739385853413,0.8801198801198801
Tonnage of old fish removed,Fishery,-0.03166446784886201,-0.0224585385444791,0.8801198801198801
Tonnage of old fish removed,Fishery,-0.03166446784886201,-0.023602367492568943,0.8801198801198801
Tonnage of old fish removed,Fishery,-0.03166446784886201,-0.027422373181574144,0.8801198801198801
Tonnage of old fish removed,Fishery,-0.03166446784886201,-0.021193570593270206,0.8801198801198801
Tonnage of old fish removed,Fishery,-0.03166446784886201,-0.017610568643370295,0.8801198801198801
Tonnage of old fish removed,Fishery,-0.03166446784886201,-0.0023233735638039654,0.8801198801198801
Tonnage of old fish removed,Fishery,-0.03166446784886201,-0.02918068104047955,0.8801198801198801
Tonnage of old fish removed,Fishery,-0.03166446784886201,0.050358587897520124,0.8801198801198801
Tonnage of old fish removed,Fishery,-0.03166446784886201,-0.0075781976063056256,0.8801198801198801
Tonnage of old fish removed,Fishery,-0.03166446784886201,0.006361256768650847,0.8801198801198801
Tonnage of old fish removed,Fishery,-0.03166446784886201,-0.013440275220307552,0.8801198801198801
Tonnage of old fish removed,Fishery,-0.03166446784886201,-0.009692222084456636,0.8801198801198801
Tonnage of old fish removed,Fishery,-0.03166446784886201,-0.025549781393695126,0.8801198801198801
Tonnage of old fish removed,Fishery,-0.03166446784886201,-0.022236967803120455,0.8801198801198801
Tonnage of old fish removed,Fishery,-0.03166446784886201,-0.010655015212952756,0.8801198801198801
Tonnage of old fish removed,Fishery,-0.03166446784886201,-0.02447751386593011,0.8801198801198801
Tonnage of old fish removed,Fishery,-0.03166446784886201,-0.024733562736495296,0.8801198801198801
Tonnage of old fish removed,Fishery,-0.03166446784886201,-0.01651759596711244,0.8801198801198801
Tonnage of old fish removed,Fishery,-0.03166446784886201,-0.015386713382680606,0.8801198801198801
Tonnage of old fish removed,Fishery,-0.03166446784886201,-0.01725334138041945,0.8801198801198801
Tonnage of old fish removed,Fishery,-0.03166446784886201,-0.058515056655503495,0.8801198801198801
Tonnage of old fish removed,Fishery,-0.03166446784886201,-0.0019391298224900044,0.8801198801198801
Tonnage of old fish removed,Fishery,-0.03166446784886201,-0.026740746466135334,0.8801198801198801
Tonnage of old fish removed,Fishery,-0.03166446784886201,-0.017991300766244667,0.8801198801198801
Tonnage of old fish removed,Fishery,-0.03166446784886201,-0.013735820869332116,0.8801198801198801
Tonnage of old fish removed,Fishery,-0.03166446784886201,0.023766833535902254,0.8801198801198801
Tonnage of old fish removed,Fishery,-0.03166446784886201,-0.0070977874557183185,0.8801198801198801
Tonnage of old fish removed,Fishery,-0.03166446784886201,-0.02280742333929142,0.8801198801198801
Tonnage of old fish removed,Fishery,-0.03166446784886201,0.01899861701972938,0.8801198801198801
Tonnage of old fish removed,Fishery,-0.03166446784886201,-0.03131543804701953,0.8801198801198801
Tonnage of old fish removed,Fishery,-0.03166446784886201,0.0021475239848089966,0.8801198801198801
Tonnage of old fish removed,Fishery,-0.03166446784886201,-0.016047090303820122,0.8801198801198801
Tonnage of old fish removed,Fishery,-0.03166446784886201,-0.007258875673152865,0.8801198801198801
Tonnage of old fish removed,Fishery,-0.03166446784886201,-0.019946152530018635,0.8801198801198801
Tonnage of old fish removed,Fishery,-0.03166446784886201,-0.020043316946338763,0.8801198801198801
Tonnage of old fish removed,Fishery,-0.03166446784886201,-0.03489684596643894,0.8801198801198801
Tonnage of old fish removed,Fishery,-0.03166446784886201,0.052381451177234584,0.8801198801198801
Tonnage of old fish removed,Fishery,-0.03166446784886201,-0.017280463942926483,0.8801198801198801
Tonnage of old fish removed,Fishery,-0.03166446784886201,-0.004978703801798101,0.8801198801198801
Tonnage of old fish removed,Fishery,-0.03166446784886201,0.06901034652463889,0.8801198801198801
Tonnage of old fish removed,Fishery,-0.03166446784886201,-0.05234528539663574,0.8801198801198801
Tonnage of old fish removed,Fishery,-0.03166446784886201,-0.016801431377202913,0.8801198801198801
Tonnage of old fish removed,Fishery,-0.03166446784886201,-0.012032554799885187,0.8801198801198801
Tonnage of old fish removed,Fishery,-0.03166446784886201,0.0015773327117185598,0.8801198801198801
Tonnage of old fish removed,Fishery,-0.03166446784886201,-0.01517192634762532,0.8801198801198801
Tonnage of old fish removed,Fishery,-0.03166446784886201,-0.016111522941633982,0.8801198801198801
Tonnage of old fish removed,Fishery,-0.03166446784886201,-8.129193292010228e-4,0.8801198801198801
Tonnage of old fish removed,Fishery,-0.03166446784886201,-0.010198796797978416,0.8801198801198801
Tonnage of old fish removed,Fishery,-0.03166446784886201,-0.030152373732822868,0.8801198801198801
Tonnage of old fish removed,Fishery,-0.03166446784886201,0.05399840459919647,0.8801198801198801
Tonnage of old fish removed,Fishery,-0.03166446784886201,-0.03399112829641515,0.8801198801198801
Tonnage of old fish removed,Fishery,-0.03166446784886201,-0.01764424765199668,0.8801198801198801
Tonnage of old fish removed,Fishery,-0.03166446784886201,-0.004110417826750146,0.8801198801198801
Tonnage of old fish removed,Fishery,-0.03166446784886201,-0.019422053292329267,0.8801198801198801
Tonnage of old fish removed,Fishery,-0.03166446784886201,-0.008062647525232114,0.8801198801198801
Tonnage of old fish removed,Fishery,-0.03166446784886201,-0.01325299596796281,0.8801198801198801
Tonnage of old fish removed,Fishery,-0.03166446784886201,-0.047399742864565386,0.8801198801198801
Tonnage of old fish removed,Fishery,-0.03166446784886201,-0.01680360253779023,0.8801198801198801
Tonnage of old fish removed,Fishery,-0.03166446784886201,-0.01890949867507219,0.8801198801198801
Tonnage of old fish removed,Fishery,-0.03166446784886201,-0.01764424765199668,0.8801198801198801
Tonnage of old fish removed,Fishery,-0.03166446784886201,-0.015410199219569432,0.8801198801198801
Tonnage of old fish removed,Fishery,-0.03166446784886201,-0.026047535728846327,0.8801198801198801
Tonnage of old fish removed,Fishery,-0.03166446784886201,-0.012036899018906144,0.8801198801198801
Tonnage of old fish removed,Fishery,-0.03166446784886201,-0.015480481528874046,0.8801198801198801
Tonnage of old fish removed,Fishery,-0.03166446784886201,-0.013397730579122635,0.8801198801198801
Tonnage of old fish removed,Fishery,-0.03166446784886201,-0.0258356425486439,0.8801198801198801
Tonnage of old fish removed,Fishery,-0.03166446784886201,-0.028613757013736807,0.8801198801198801
Tonnage of old fish removed,Fishery,-0.03166446784886201,-0.008062647525232114,0.8801198801198801
Tonnage of old fish removed,Fishery,-0.03166446784886201,-0.00842931224046728,0.8801198801198801
Tonnage of old fish removed,Fishery,-0.03166446784886201,-0.011149062209607985,0.8801198801198801
Tonnage of old fish removed,Fishery,-0.03166446784886201,0.02850794854138461,0.8801198801198801
Tonnage of old fish removed,Fishery,-0.03166446784886201,-0.021790755483476865,0.8801198801198801
Tonnage of old fish removed,Fishery,-0.03166446784886201,-0.022134240032169128,0.8801198801198801
Tonnage of old fish removed,Fishery,-0.03166446784886201,-0.061718439701573535,0.8801198801198801
Tonnage of old fish removed,Fishery,-0.03166446784886201,-0.015484708336781727,0.8801198801198801
Tonnage of old fish removed,Fishery,-0.03166446784886201,0.012435341047165815,0.8801198801198801
Tonnage of old fish removed,Fishery,-0.03166446784886201,-0.010308423514134413,0.8801198801198801
Tonnage of old fish removed,Fishery,-0.03166446784886201,-0.005025322318496173,0.8801198801198801
Tonnage of old fish removed,Fishery,-0.03166446784886201,-0.015102757889316587,0.8801198801198801
Tonnage of old fish removed,Fishery,-0.03166446784886201,-0.030701836259562354,0.8801198801198801
Tonnage of old fish removed,Fishery,-0.03166446784886201,-0.028391136375041537,0.8801198801198801
Tonnage of old fish removed,Fishery,-0.03166446784886201,-0.012355077867597375,0.8801198801198801
Tonnage of old fish removed,Fishery,-0.03166446784886201,-0.0676244211623469,0.8801198801198801
Tonnage of old fish removed,Fishery,-0.03166446784886201,-0.01716823737539186,0.8801198801198801
Tonnage of old fish removed,Fishery,-0.03166446784886201,-0.015621415333505695,0.8801198801198801
Tonnage of old fish removed,Fishery,-0.03166446784886201,-0.005499261496427321,0.8801198801198801
Tonnage of old fish removed,Fishery,-0.03166446784886201,-0.015490170832714423,0.8801198801198801
Tonnage of old fish removed,Fishery,-0.03166446784886201,-0.008416760146560343,0.8801198801198801
Tonnage of old fish removed,Fishery,-0.03166446784886201,0.0014765721202687487,0.8801198801198801
Tonnage of old fish removed,Fishery,-0.03166446784886201,-0.016097270434832556,0.8801198801198801
Tonnage of old fish removed,Fishery,-0.03166446784886201,-0.01172989083097975,0.8801198801198801
Tonnage of old fish removed,Fishery,-0.03166446784886201,0.07101821950993026,0.8801198801198801
Tonnage of old fish removed,Fishery,-0.03166446784886201,7.851525839461804e-4,0.8801198801198801
Tonnage of old fish removed,Fishery,-0.03166446784886201,-0.009957492454238492,0.8801198801198801
Tonnage of old fish removed,Fishery,-0.03166446784886201,-0.06424029971016498,0.8801198801198801
Tonnage of old fish removed,Fishery,-0.03166446784886201,-0.026131860153574937,0.8801198801198801
Tonnage of old fish removed,Fishery,-0.03166446784886201,-0.05015402148618997,0.8801198801198801
Tonnage of old fish removed,Fishery,-0.03166446784886201,-0.01567909350930008,0.8801198801198801
Tonnage of old fish removed,Fishery,-0.03166446784886201,0.008994528012743808,0.8801198801198801
Tonnage of old fish removed,Fishery,-0.03166446784886201,-0.012225523442346953,0.8801198801198801
Tonnage of old fish removed,Fishery,-0.03166446784886201,-0.08732167636643728,0.8801198801198801
Tonnage of old fish removed,Fishery,-0.03166446784886201,0.06837617492604453,0.8801198801198801
Tonnage of old fish removed,Fishery,-0.03166446784886201,0.0047123653204651506,0.8801198801198801
Tonnage of old fish removed,Fishery,-0.03166446784886201,-0.015482528318037092,0.8801198801198801
Tonnage of old fish removed,Fishery,-0.03166446784886201,-0.017842035257060518,0.8801198801198801
Tonnage of old fish removed,Fishery,-0.03166446784886201,-0.01589205353569012,0.8801198801198801
Tonnage of old fish removed,Fishery,-0.03166446784886201,-0.02311120931595334,0.8801198801198801
Tonnage of old fish removed,Fishery,-0.03166446784886201,0.0022793648772428954,0.8801198801198801
Tonnage of old fish removed,Fishery,-0.03166446784886201,-0.0031576994134057124,0.8801198801198801
Tonnage of old fish removed,Fishery,-0.03166446784886201,-0.12842065615182463,0.8801198801198801
Tonnage of old fish removed,Fishery,-0.03166446784886201,-0.014742497321570402,0.8801198801198801
Tonnage of old fish removed,Fishery,-0.03166446784886201,-0.015040676833408817,0.8801198801198801
Tonnage of old fish removed,Fishery,-0.03166446784886201,-0.012484144900590355,0.8801198801198801
Tonnage of old fish removed,Fishery,-0.03166446784886201,-0.02468493674182426,0.8801198801198801
Tonnage of old fish removed,Fishery,-0.03166446784886201,-0.031895625082907,0.8801198801198801
Tonnage of old fish removed,Fishery,-0.03166446784886201,-0.001568046998716488,0.8801198801198801
Tonnage of old fish removed,Fishery,-0.03166446784886201,0.015331610194383227,0.8801198801198801
Tonnage of old fish removed,Fishery,-0.03166446784886201,-0.02222477221996777,0.8801198801198801
Tonnage of old fish removed,Fishery,-0.03166446784886201,-0.016004317841988636,0.8801198801198801
Tonnage of old fish removed,Fishery,-0.03166446784886201,-0.015560716384587225,0.8801198801198801
Tonnage of old fish removed,Fishery,-0.03166446784886201,0.08379200127762265,0.8801198801198801
Tonnage of old fish removed,Fishery,-0.03166446784886201,-0.0075781976063056256,0.8801198801198801
Tonnage of old fish removed,Fishery,-0.03166446784886201,-0.019277544362783505,0.8801198801198801
Tonnage of old fish removed,Fishery,-0.03166446784886201,-0.05332951124358054,0.8801198801198801
Tonnage of old fish removed,Fishery,-0.03166446784886201,-0.012452174560980245,0.8801198801198801
Tonnage of old fish removed,Fishery,-0.03166446784886201,-0.019523396371176505,0.8801198801198801
Tonnage of old fish removed,Fishery,-0.03166446784886201,-0.03956305325232612,0.8801198801198801
Tonnage of old fish removed,Fishery,-0.03166446784886201,-0.0231741922789388,0.8801198801198801
Tonnage of old fish removed,Fishery,-0.03166446784886201,0.1337636279960196,0.8801198801198801
Tonnage of old fish removed,Fishery,-0.03166446784886201,-0.011476002534975605,0.8801198801198801
Tonnage of old fish removed,Fishery,-0.03166446784886201,-0.01535744141958384,0.8801198801198801
Tonnage of old fish removed,Fishery,-0.03166446784886201,-0.003891908653810283,0.8801198801198801
Tonnage of old fish removed,Fishery,-0.03166446784886201,0.005084934057842605,0.8801198801198801
Tonnage of old fish removed,Fishery,-0.03166446784886201,-0.008623625494567522,0.8801198801198801
Tonnage of old fish removed,Fishery,-0.03166446784886201,-0.02222477221996777,0.8801198801198801
Tonnage of old fish removed,Fishery,-0.03166446784886201,-0.006380264449211692,0.8801198801198801
Tonnage of old fish removed,Fishery,-0.03166446784886201,-0.021370036420707228,0.8801198801198801
Tonnage of old fish removed,Fishery,-0.03166446784886201,-0.05234528539663574,0.8801198801198801
Tonnage of old fish removed,Fishery,-0.03166446784886201,-0.015957470388137107,0.8801198801198801
Tonnage of old fish removed,Fishery,-0.03166446784886201,-0.027063101607974094,0.8801198801198801
Tonnage of old fish removed,Fishery,-0.03166446784886201,-0.011900906742605688,0.8801198801198801
Tonnage of old fish removed,Fishery,-0.03166446784886201,0.014697568362763036,0.8801198801198801
Tonnage of old fish removed,Fishery,-0.03166446784886201,-0.0031576994134057124,0.8801198801198801
Tonnage of old fish removed,Fishery,-0.03166446784886201,-0.12842065615182463,0.8801198801198801
Tonnage of old fish removed,Fishery,-0.03166446784886201,-0.011486899687816798,0.8801198801198801
Tonnage of old fish removed,Fishery,-0.03166446784886201,0.05399840459919647,0.8801198801198801
Tonnage of old fish removed,Fishery,-0.03166446784886201,0.02669779655640614,0.8801198801198801
Tonnage of old fish removed,Fishery,-0.03166446784886201,-0.05303968323905961,0.8801198801198801
Tonnage of old fish removed,Fishery,-0.03166446784886201,-0.01518211170410022,0.8801198801198801
Tonnage of old fish removed,Fishery,-0.03166446784886201,-0.03160522005023103,0.8801198801198801
Tonnage of old fish removed,Fishery,-0.03166446784886201,-0.026047535728846327,0.8801198801198801
Tonnage of old fish removed,Fishery,-0.03166446784886201,-0.07108725450380504,0.8801198801198801
Tonnage of old fish removed,Fishery,-0.03166446784886201,-0.015560716384587225,0.8801198801198801
Tonnage of old fish removed,Fishery,-0.03166446784886201,0.011788218598017375,0.8801198801198801
Tonnage of old fish removed,Fishery,-0.03166446784886201,-0.014935314265777544,0.8801198801198801
Tonnage of old fish removed,Fishery,-0.03166446784886201,-0.007250816547435868,0.8801198801198801
Tonnage of old fish removed,Fishery,-0.03166446784886201,-0.011730918735984641,0.8801198801198801
Tonnage of old fish removed,Fishery,-0.03166446784886201,-0.016584207403438356,0.8801198801198801
Tonnage of old fish removed,Fishery,-0.03166446784886201,0.09485172808934228,0.8801198801198801
Tonnage of old fish removed,Fishery,-0.03166446784886201,-0.05373736199541379,0.8801198801198801
Tonnage of old fish removed,Fishery,-0.03166446784886201,-0.010244379285989202,0.8801198801198801
Tonnage of old fish removed,Fishery,-0.03166446784886201,-0.01903940188464004,0.8801198801198801
Tonnage of old fish removed,Fishery,-0.03166446784886201,-0.027255928461793255,0.8801198801198801
Tonnage of old fish removed,Fishery,-0.03166446784886201,-0.012452174560980245,0.8801198801198801
Tonnage of old fish removed,Fishery,-0.03166446784886201,-0.06424029971016498,0.8801198801198801
Tonnage of old fish removed,Fishery,-0.03166446784886201,-0.029422776999253886,0.8801198801198801
Tonnage of old fish removed,Fishery,-0.03166446784886201,-0.061718439701573535,0.8801198801198801
Tonnage of old fish removed,Fishery,-0.03166446784886201,-0.04057506249479803,0.8801198801198801
Tonnage of old fish removed,Fishery,-0.03166446784886201,-0.020581024004975967,0.8801198801198801
Tonnage of old fish removed,Fishery,-0.03166446784886201,0.06964283995337428,0.8801198801198801
Tonnage of old fish removed,Fishery,-0.03166446784886201,-0.016230880750965015,0.8801198801198801
Tonnage of old fish removed,Fishery,-0.03166446784886201,-0.017654553335276768,0.8801198801198801
Tonnage of old fish removed,Fishery,-0.03166446784886201,-0.014933890501000358,0.8801198801198801
Tonnage of old fish removed,Fishery,-0.03166446784886201,-0.029989331486771853,0.8801198801198801
Tonnage of old fish removed,Fishery,-0.03166446784886201,-0.006916215211369758,0.8801198801198801
Tonnage of old fish removed,Fishery,-0.03166446784886201,-0.05845577963211701,0.8801198801198801
Tonnage of old fish removed,Fishery,-0.03166446784886201,-9.99051890698377e-4,0.8801198801198801
Tonnage of old fish removed,Fishery,-0.03166446784886201,-0.015840088988427814,0.8801198801198801
Tonnage of old fish removed,Fishery,-0.03166446784886201,-0.014259926733629191,0.8801198801198801
Tonnage of old fish removed,Fishery,-0.03166446784886201,-0.019270846239875405,0.8801198801198801
Tonnage of old fish removed,Fishery,-0.03166446784886201,-0.013033743876331494,0.8801198801198801
Tonnage of old fish removed,Fishery,-0.03166446784886201,-0.01714853988813836,0.8801198801198801
Tonnage of old fish removed,Fishery,-0.03166446784886201,-0.013038685448257814,0.8801198801198801
Tonnage of old fish removed,Fishery,-0.03166446784886201,-0.05914369876199199,0.8801198801198801
Tonnage of old fish removed,Fishery,-0.03166446784886201,-0.010331866741345452,0.8801198801198801
Tonnage of old fish removed,Fishery,-0.03166446784886201,-0.021250979014102,0.8801198801198801
Tonnage of old fish removed,Fishery,-0.03166446784886201,-0.06691232673810865,0.8801198801198801
Tonnage of old fish removed,Fishery,-0.03166446784886201,0.0022793648772428954,0.8801198801198801
Tonnage of old fish removed,Fishery,-0.03166446784886201,0.005469568865188568,0.8801198801198801
Tonnage of old fish removed,Fishery,-0.03166446784886201,-0.026159753876957126,0.8801198801198801
Tonnage of old fish removed,Fishery,-0.03166446784886201,3.463317421736889e-4,0.8801198801198801
Tonnage of old fish removed,Fishery,-0.03166446784886201,0.007963348365453315,0.8801198801198801
Tonnage of old fish removed,Fishery,-0.03166446784886201,-0.020029815654176275,0.8801198801198801
Tonnage of old fish removed,Fishery,-0.03166446784886201,-0.019255674096757547,0.8801198801198801
Tonnage of old fish removed,Fishery,-0.03166446784886201,-0.00842931224046728,0.8801198801198801
Tonnage of old fish removed,Fishery,-0.03166446784886201,-0.014935314265777544,0.8801198801198801
Tonnage of old fish removed,Fishery,-0.03166446784886201,-0.007010223412194705,0.8801198801198801
Tonnage of old fish removed,Fishery,-0.03166446784886201,0.0040243553310138624,0.8801198801198801
Tonnage of old fish removed,Fishery,-0.03166446784886201,-0.006679076223138347,0.8801198801198801
Tonnage of old fish removed,Fishery,-0.03166446784886201,0.06098088060405171,0.8801198801198801
Tonnage of old fish removed,Fishery,-0.03166446784886201,-0.0018453947616416944,0.8801198801198801
Tonnage of old fish removed,Fishery,-0.03166446784886201,-0.02945958488462197,0.8801198801198801
Tonnage of old fish removed,Fishery,-0.03166446784886201,-9.582803711476462e-4,0.8801198801198801
Tonnage of old fish removed,Fishery,-0.03166446784886201,-0.016421829744486915,0.8801198801198801
Tonnage of old fish removed,Fishery,-0.03166446784886201,-0.015481841583007139,0.8801198801198801
Tonnage of old fish removed,Fishery,-0.03166446784886201,-0.014547401120510228,0.8801198801198801
Tonnage of old fish removed,Fishery,-0.03166446784886201,-0.012452174560980245,0.8801198801198801
Tonnage of old fish removed,Fishery,-0.03166446784886201,-0.016415017277151778,0.8801198801198801
Tonnage of old fish removed,Fishery,-0.03166446784886201,-0.015560716384587225,0.8801198801198801
Tonnage of old fish removed,Fishery,-0.03166446784886201,-0.007685034192492779,0.8801198801198801
Population fraction of old fish removed,Fishery,-0.03641849250141882,-0.04570609850960072,0.8841158841158842
Population fraction of old fish removed,Fishery,-0.03641849250141882,0.017393232935660086,0.8841158841158842
Population fraction of old fish removed,Fishery,-0.03641849250141882,-0.012225601412628295,0.8841158841158842
Population fraction of old fish removed,Fishery,-0.03641849250141882,0.07154691809602465,0.8841158841158842
Population fraction of old fish removed,Fishery,-0.03641849250141882,-0.02179703054839144,0.8841158841158842
Population fraction of old fish removed,Fishery,-0.03641849250141882,-0.046551073960472644,0.8841158841158842
Population fraction of old fish removed,Fishery,-0.03641849250141882,-0.015618613348309607,0.8841158841158842
Population fraction of old fish removed,Fishery,-0.03641849250141882,0.004285115467952738,0.8841158841158842
Population fraction of old fish removed,Fishery,-0.03641849250141882,-0.11205092438613073,0.8841158841158842
Population fraction of old fish removed,Fishery,-0.03641849250141882,0.06427416912349482,0.8841158841158842
Population fraction of old fish removed,Fishery,-0.03641849250141882,-0.01593375252221252,0.8841158841158842
Population fraction of old fish removed,Fishery,-0.03641849250141882,-0.026224254026919747,0.8841158841158842
Population fraction of old fish removed,Fishery,-0.03641849250141882,-0.01640421467446007,0.8841158841158842
Population fraction of old fish removed,Fishery,-0.03641849250141882,-0.014492821131175448,0.8841158841158842
Population fraction of old fish removed,Fishery,-0.03641849250141882,-0.03916602508427003,0.8841158841158842
Population fraction of old fish removed,Fishery,-0.03641849250141882,-0.011673566414888592,0.8841158841158842
Population fraction of old fish removed,Fishery,-0.03641849250141882,-0.011129613064732924,0.8841158841158842
Population fraction of old fish removed,Fishery,-0.03641849250141882,-7.80974908137777e-4,0.8841158841158842
Population fraction of old fish removed,Fishery,-0.03641849250141882,-0.07530811607241517,0.8841158841158842
Population fraction of old fish removed,Fishery,-0.03641849250141882,-0.022598935834398093,0.8841158841158842
Population fraction of old fish removed,Fishery,-0.03641849250141882,-0.012858725187091302,0.8841158841158842
Population fraction of old fish removed,Fishery,-0.03641849250141882,-0.0095853667594743,0.8841158841158842
Population fraction of old fish removed,Fishery,-0.03641849250141882,-0.008428690182171517,0.8841158841158842
Population fraction of old fish removed,Fishery,-0.03641849250141882,-0.02362424347089198,0.8841158841158842
Population fraction of old fish removed,Fishery,-0.03641849250141882,-0.024951596792789354,0.8841158841158842
Population fraction of old fish removed,Fishery,-0.03641849250141882,0.07676132751726739,0.8841158841158842
Population fraction of old fish removed,Fishery,-0.03641849250141882,-0.014714917263016991,0.8841158841158842
Population fraction of old fish removed,Fishery,-0.03641849250141882,-0.011618369265552486,0.8841158841158842
Population fraction of old fish removed,Fishery,-0.03641849250141882,0.014909893864894053,0.8841158841158842
Population fraction of old fish removed,Fishery,-0.03641849250141882,-0.01640421467446007,0.8841158841158842
Population fraction of old fish removed,Fishery,-0.03641849250141882,-0.04122649961271918,0.8841158841158842
Population fraction of old fish removed,Fishery,-0.03641849250141882,-0.051574492191643895,0.8841158841158842
Population fraction of old fish removed,Fishery,-0.03641849250141882,-0.016280907021242186,0.8841158841158842
Population fraction of old fish removed,Fishery,-0.03641849250141882,-0.006387193218392095,0.8841158841158842
Population fraction of old fish removed,Fishery,-0.03641849250141882,-0.02037709718631775,0.8841158841158842
Population fraction of old fish removed,Fishery,-0.03641849250141882,-0.015787293512370848,0.8841158841158842
Population fraction of old fish removed,Fishery,-0.03641849250141882,-0.014197300942419666,0.8841158841158842
Population fraction of old fish removed,Fishery,-0.03641849250141882,-0.006475918717349538,0.8841158841158842
Population fraction of old fish removed,Fishery,-0.03641849250141882,-0.002408274163955948,0.8841158841158842
Population fraction of old fish removed,Fishery,-0.03641849250141882,0.03676655334836687,0.8841158841158842
Population fraction of old fish removed,Fishery,-0.03641849250141882,-0.017539695985981707,0.8841158841158842
Population fraction of old fish removed,Fishery,-0.03641849250141882,-0.03275965065487174,0.8841158841158842
Population fraction of old fish removed,Fishery,-0.03641849250141882,-0.009371101264503245,0.8841158841158842
Population fraction of old fish removed,Fishery,-0.03641849250141882,0.010025193947287292,0.8841158841158842
Population fraction of old fish removed,Fishery,-0.03641849250141882,-0.04241448519502522,0.8841158841158842
Population fraction of old fish removed,Fishery,-0.03641849250141882,-0.017572881589114964,0.8841158841158842
Population fraction of old fish removed,Fishery,-0.03641849250141882,-0.01897024405276926,0.8841158841158842
Population fraction of old fish removed,Fishery,-0.03641849250141882,-0.016771752522588557,0.8841158841158842
Population fraction of old fish removed,Fishery,-0.03641849250141882,-0.0427498605201444,0.8841158841158842
Population fraction of old fish removed,Fishery,-0.03641849250141882,0.0015989625214294367,0.8841158841158842
Population fraction of old fish removed,Fishery,-0.03641849250141882,-0.009260314630946898,0.8841158841158842
Population fraction of old fish removed,Fishery,-0.03641849250141882,-0.004227186342362632,0.8841158841158842
Population fraction of old fish removed,Fishery,-0.03641849250141882,-0.0059112155095280006,0.8841158841158842
Population fraction of old fish removed,Fishery,-0.03641849250141882,-0.01567551378257037,0.8841158841158842
Population fraction of old fish removed,Fishery,-0.03641849250141882,-0.016764668302254426,0.8841158841158842
Population fraction of old fish removed,Fishery,-0.03641849250141882,-0.029650963939906072,0.8841158841158842
Population fraction of old fish removed,Fishery,-0.03641849250141882,-0.0022054781626659192,0.8841158841158842
Population fraction of old fish removed,Fishery,-0.03641849250141882,-0.014244626671393146,0.8841158841158842
Population fraction of old fish removed,Fishery,-0.03641849250141882,-0.015942538213377544,0.8841158841158842
Population fraction of old fish removed,Fishery,-0.03641849250141882,-0.016032483161736222,0.8841158841158842
Population fraction of old fish removed,Fishery,-0.03641849250141882,-0.022559075598892475,0.8841158841158842
Population fraction of old fish removed,Fishery,-0.03641849250141882,-0.004227186342362632,0.8841158841158842
Population fraction of old fish removed,Fishery,-0.03641849250141882,-0.016032483161736222,0.8841158841158842
Population fraction of old fish removed,Fishery,-0.03641849250141882,-0.01372259040997581,0.8841158841158842
Population fraction of old fish removed,Fishery,-0.03641849250141882,7.019910261721884e-4,0.8841158841158842
Population fraction of old fish removed,Fishery,-0.03641849250141882,0.010988441475759947,0.8841158841158842
Population fraction of old fish removed,Fishery,-0.03641849250141882,-0.006881347388944636,0.8841158841158842
Population fraction of old fish removed,Fishery,-0.03641849250141882,0.022013234142873372,0.8841158841158842
Population fraction of old fish removed,Fishery,-0.03641849250141882,-0.08682297517822724,0.8841158841158842
Population fraction of old fish removed,Fishery,-0.03641849250141882,-0.01444303057507601,0.8841158841158842
Population fraction of old fish removed,Fishery,-0.03641849250141882,-0.02116829720379587,0.8841158841158842
Population fraction of old fish removed,Fishery,-0.03641849250141882,-0.025307888488691255,0.8841158841158842
Population fraction of old fish removed,Fishery,-0.03641849250141882,-0.016948013552755548,0.8841158841158842
Population fraction of old fish removed,Fishery,-0.03641849250141882,-0.014590354539967043,0.8841158841158842
Population fraction of old fish removed,Fishery,-0.03641849250141882,-0.02343082672401886,0.8841158841158842
Population fraction of old fish removed,Fishery,-0.03641849250141882,-0.06398566258273775,0.8841158841158842
Population fraction of old fish removed,Fishery,-0.03641849250141882,0.07676132751726739,0.8841158841158842
Population fraction of old fish removed,Fishery,-0.03641849250141882,-0.05683602409313049,0.8841158841158842
Population fraction of old fish removed,Fishery,-0.03641849250141882,-0.005689909857206521,0.8841158841158842
Population fraction of old fish removed,Fishery,-0.03641849250141882,-0.012177374279456865,0.8841158841158842
Population fraction of old fish removed,Fishery,-0.03641849250141882,-0.013220415715002432,0.8841158841158842
Population fraction of old fish removed,Fishery,-0.03641849250141882,-0.010228598325901173,0.8841158841158842
Population fraction of old fish removed,Fishery,-0.03641849250141882,-0.015787293512370848,0.8841158841158842
Population fraction of old fish removed,Fishery,-0.03641849250141882,-0.051548990604378675,0.8841158841158842
Population fraction of old fish removed,Fishery,-0.03641849250141882,-0.015378523509640418,0.8841158841158842
Population fraction of old fish removed,Fishery,-0.03641849250141882,-0.008677133888434163,0.8841158841158842
Population fraction of old fish removed,Fishery,-0.03641849250141882,0.05951052085088948,0.8841158841158842
Population fraction of old fish removed,Fishery,-0.03641849250141882,0.006820512445506188,0.8841158841158842
Population fraction of old fish removed,Fishery,-0.03641849250141882,-0.018121188604412364,0.8841158841158842
Population fraction of old fish removed,Fishery,-0.03641849250141882,-0.030980328600296758,0.8841158841158842
Population fraction of old fish removed,Fishery,-0.03641849250141882,0.00918896744572395,0.8841158841158842
Population fraction of old fish removed,Fishery,-0.03641849250141882,-0.02454994521598275,0.8841158841158842
Population fraction of old fish removed,Fishery,-0.03641849250141882,0.05840748088327363,0.8841158841158842
Population fraction of old fish removed,Fishery,-0.03641849250141882,-0.014197300942419666,0.8841158841158842
Population fraction of old fish removed,Fishery,-0.03641849250141882,-0.0011295508342663574,0.8841158841158842
Population fraction of old fish removed,Fishery,-0.03641849250141882,-0.013282025418560162,0.8841158841158842
Population fraction of old fish removed,Fishery,-0.03641849250141882,-0.004233195984752802,0.8841158841158842
Population fraction of old fish removed,Fishery,-0.03641849250141882,0.002384841363434531,0.8841158841158842
Population fraction of old fish removed,Fishery,-0.03641849250141882,-0.014588368896484072,0.8841158841158842
Population fraction of old fish removed,Fishery,-0.03641849250141882,-0.015237756265588986,0.8841158841158842
Population fraction of old fish removed,Fishery,-0.03641849250141882,-0.021929020361020735,0.8841158841158842
Population fraction of old fish removed,Fishery,-0.03641849250141882,-0.017539695985981707,0.8841158841158842
Population fraction of old fish removed,Fishery,-0.03641849250141882,-0.008762296828747962,0.8841158841158842
Population fraction of old fish removed,Fishery,-0.03641849250141882,-0.0428364333979967,0.8841158841158842
Population fraction of old fish removed,Fishery,-0.03641849250141882,-0.006861254994352972,0.8841158841158842
Population fraction of old fish removed,Fishery,-0.03641849250141882,-0.019721431981303494,0.8841158841158842
Population fraction of old fish removed,Fishery,-0.03641849250141882,-0.021398319640254515,0.8841158841158842
Population fraction of old fish removed,Fishery,-0.03641849250141882,-0.007866056249859588,0.8841158841158842
Population fraction of old fish removed,Fishery,-0.03641849250141882,-0.005627644717425051,0.8841158841158842
Population fraction of old fish removed,Fishery,-0.03641849250141882,0.07914993845232299,0.8841158841158842
Population fraction of old fish removed,Fishery,-0.03641849250141882,-0.027740122040647464,0.8841158841158842
Population fraction of old fish removed,Fishery,-0.03641849250141882,-0.014148793875997656,0.8841158841158842
Population fraction of old fish removed,Fishery,-0.03641849250141882,-0.003952232461619687,0.8841158841158842
Population fraction of old fish removed,Fishery,-0.03641849250141882,-0.015851632953241213,0.8841158841158842
Population fraction of old fish removed,Fishery,-0.03641849250141882,-0.008657010308438462,0.8841158841158842
Population fraction of old fish removed,Fishery,-0.03641849250141882,-0.04835457950802513,0.8841158841158842
Population fraction of old fish removed,Fishery,-0.03641849250141882,-0.014464305394828791,0.8841158841158842
Population fraction of old fish removed,Fishery,-0.03641849250141882,-0.003164898724384191,0.8841158841158842
Population fraction of old fish removed,Fishery,-0.03641849250141882,-0.010995995715809892,0.8841158841158842
Population fraction of old fish removed,Fishery,-0.03641849250141882,0.005281469501519753,0.8841158841158842
Population fraction of old fish removed,Fishery,-0.03641849250141882,-0.01761428232945228,0.8841158841158842
Population fraction of old fish removed,Fishery,-0.03641849250141882,-0.01593375252221252,0.8841158841158842
Population fraction of old fish removed,Fishery,-0.03641849250141882,-0.017099471918786247,0.8841158841158842
Population fraction of old fish removed,Fishery,-0.03641849250141882,-0.07164538217653371,0.8841158841158842
Population fraction of old fish removed,Fishery,-0.03641849250141882,-0.04847111927187764,0.8841158841158842
Population fraction of old fish removed,Fishery,-0.03641849250141882,-0.013596737143870108,0.8841158841158842
Population fraction of old fish removed,Fishery,-0.03641849250141882,-0.024166720099136674,0.8841158841158842
Population fraction of old fish removed,Fishery,-0.03641849250141882,0.006820512445506188,0.8841158841158842
Population fraction of old fish removed,Fishery,-0.03641849250141882,-0.0031138707233899776,0.8841158841158842
Population fraction of old fish removed,Fishery,-0.03641849250141882,-0.023318101100789468,0.8841158841158842
Population fraction of old fish removed,Fishery,-0.03641849250141882,-0.02327867659434335,0.8841158841158842
Population fraction of old fish removed,Fishery,-0.03641849250141882,-0.011322823629068335,0.8841158841158842
Population fraction of old fish removed,Fishery,-0.03641849250141882,-0.011158147199490376,0.8841158841158842
Population fraction of old fish removed,Fishery,-0.03641849250141882,-0.012858725187091302,0.8841158841158842
Population fraction of old fish removed,Fishery,-0.03641849250141882,-0.01529767097771928,0.8841158841158842
Population fraction of old fish removed,Fishery,-0.03641849250141882,-0.04559170263544243,0.8841158841158842
Population fraction of old fish removed,Fishery,-0.03641849250141882,-0.015836245548319194,0.8841158841158842
Population fraction of old fish removed,Fishery,-0.03641849250141882,-0.01603159113785746,0.8841158841158842
Population fraction of old fish removed,Fishery,-0.03641849250141882,-0.003275247190994035,0.8841158841158842
Population fraction of old fish removed,Fishery,-0.03641849250141882,-0.017134455903263346,0.8841158841158842
Population fraction of old fish removed,Fishery,-0.03641849250141882,-0.005689909857206521,0.8841158841158842
Population fraction of old fish removed,Fishery,-0.03641849250141882,-0.008204816724252773,0.8841158841158842
Population fraction of old fish removed,Fishery,-0.03641849250141882,-0.01425155975819492,0.8841158841158842
Population fraction of old fish removed,Fishery,-0.03641849250141882,-0.0136610668036794,0.8841158841158842
Population fraction of old fish removed,Fishery,-0.03641849250141882,-0.01635974461072842,0.8841158841158842
Population fraction of old fish removed,Fishery,-0.03641849250141882,-0.01994293195241026,0.8841158841158842
Population fraction of old fish removed,Fishery,-0.03641849250141882,-0.015088552361169016,0.8841158841158842
Population fraction of old fish removed,Fishery,-0.03641849250141882,-0.006115100441770549,0.8841158841158842
Population fraction of old fish removed,Fishery,-0.03641849250141882,-0.008762296828747962,0.8841158841158842
Population fraction of old fish removed,Fishery,-0.03641849250141882,-0.015468480637785165,0.8841158841158842
Population fraction of old fish removed,Fishery,-0.03641849250141882,0.006820512445506188,0.8841158841158842
Population fraction of old fish removed,Fishery,-0.03641849250141882,-0.030980328600296758,0.8841158841158842
Population fraction of old fish removed,Fishery,-0.03641849250141882,0.07778216780592206,0.8841158841158842
Population fraction of old fish removed,Fishery,-0.03641849250141882,-0.009435726180308635,0.8841158841158842
Population fraction of old fish removed,Fishery,-0.03641849250141882,-0.06194812483903456,0.8841158841158842
Population fraction of old fish removed,Fishery,-0.03641849250141882,-0.04814609200454201,0.8841158841158842
Population fraction of old fish removed,Fishery,-0.03641849250141882,-0.01507605900271991,0.8841158841158842
Population fraction of old fish removed,Fishery,-0.03641849250141882,-0.004408875197155826,0.8841158841158842
Population fraction of old fish removed,Fishery,-0.03641849250141882,-0.017879675758710523,0.8841158841158842
Population fraction of old fish removed,Fishery,-0.03641849250141882,-0.02344696091255738,0.8841158841158842
Population fraction of old fish removed,Fishery,-0.03641849250141882,-0.012031773892471342,0.8841158841158842
Population fraction of old fish removed,Fishery,-0.03641849250141882,-0.02037709718631775,0.8841158841158842
Population fraction of old fish removed,Fishery,-0.03641849250141882,-0.014464305394828791,0.8841158841158842
Population fraction of old fish removed,Fishery,-0.03641849250141882,-0.03520710716313946,0.8841158841158842
Population fraction of old fish removed,Fishery,-0.03641849250141882,-0.0019104255264876802,0.8841158841158842
Population fraction of old fish removed,Fishery,-0.03641849250141882,-0.012511463386355892,0.8841158841158842
Population fraction of old fish removed,Fishery,-0.03641849250141882,-0.015186383268538606,0.8841158841158842
Population fraction of old fish removed,Fishery,-0.03641849250141882,-0.011158147199490376,0.8841158841158842
Population fraction of old fish removed,Fishery,-0.03641849250141882,-0.01765597397899965,0.8841158841158842
Population fraction of old fish removed,Fishery,-0.03641849250141882,-0.06287025773171107,0.8841158841158842
Population fraction of old fish removed,Fishery,-0.03641849250141882,0.007366989557060832,0.8841158841158842
Population fraction of old fish removed,Fishery,-0.03641849250141882,-0.031059383699082233,0.8841158841158842
Population fraction of old fish removed,Fishery,-0.03641849250141882,-0.008416435495532282,0.8841158841158842
Population fraction of old fish removed,Fishery,-0.03641849250141882,-0.011608776502763485,0.8841158841158842
Population fraction of old fish removed,Fishery,-0.03641849250141882,-0.01605280869290704,0.8841158841158842
Population fraction of old fish removed,Fishery,-0.03641849250141882,-0.014745905005203896,0.8841158841158842
Population fraction of old fish removed,Fishery,-0.03641849250141882,0.07342371208902043,0.8841158841158842
Population fraction of old fish removed,Fishery,-0.03641849250141882,-0.01571436155821271,0.8841158841158842
Population fraction of old fish removed,Fishery,-0.03641849250141882,7.019910261721884e-4,0.8841158841158842
Population fraction of old fish removed,Fishery,-0.03641849250141882,-0.015281104972448167,0.8841158841158842
Population fraction of old fish removed,Fishery,-0.03641849250141882,-0.015282811257795625,0.8841158841158842
Population fraction of old fish removed,Fishery,-0.03641849250141882,-0.07758551526539725,0.8841158841158842
Population fraction of old fish removed,Fishery,-0.03641849250141882,-0.07164538217653371,0.8841158841158842
Population fraction of old fish removed,Fishery,-0.03641849250141882,-0.008587435875029747,0.8841158841158842
Population fraction of old fish removed,Fishery,-0.03641849250141882,-0.014942795441506895,0.8841158841158842
Population fraction of old fish removed,Fishery,-0.03641849250141882,-0.013275201994165098,0.8841158841158842
Population fraction of old fish removed,Fishery,-0.03641849250141882,-0.007145181303994663,0.8841158841158842
Population fraction of old fish removed,Fishery,-0.03641849250141882,0.015400706540100173,0.8841158841158842
Population fraction of old fish removed,Fishery,-0.03641849250141882,-0.01700207515611285,0.8841158841158842
Population fraction of old fish removed,Fishery,-0.03641849250141882,-0.015237756265588986,0.8841158841158842
Population fraction of old fish removed,Fishery,-0.03641849250141882,0.01344937049163697,0.8841158841158842
Population fraction of old fish removed,Fishery,-0.03641849250141882,-0.010403640873208886,0.8841158841158842
Population fraction of old fish removed,Fishery,-0.03641849250141882,-0.010028294221407386,0.8841158841158842
Population fraction of old fish removed,Fishery,-0.03641849250141882,-0.014176885773287795,0.8841158841158842
Population fraction of old fish removed,Fishery,-0.03641849250141882,-0.015836245548319194,0.8841158841158842
Population fraction of old fish removed,Fishery,-0.03641849250141882,-0.0057288976382923185,0.8841158841158842
Population fraction of old fish removed,Fishery,-0.03641849250141882,-0.029418507981150865,0.8841158841158842
Population fraction of old fish removed,Fishery,-0.03641849250141882,-0.008582565101890927,0.8841158841158842
Population fraction of old fish removed,Fishery,-0.03641849250141882,-0.022463738191615956,0.8841158841158842
Population fraction of old fish removed,Fishery,-0.03641849250141882,0.003031751000056926,0.8841158841158842
Population fraction of old fish removed,Fishery,-0.03641849250141882,0.062320104596694015,0.8841158841158842
Population fraction of old fish removed,Fishery,-0.03641849250141882,-0.010314939613855323,0.8841158841158842
Population fraction of old fish removed,Fishery,-0.03641849250141882,-0.08647895879144407,0.8841158841158842
Population fraction of old fish removed,Fishery,-0.03641849250141882,-0.011813306567336701,0.8841158841158842
Population fraction of old fish removed,Fishery,-0.03641849250141882,-0.025203969010893612,0.8841158841158842
Population fraction of old fish removed,Fishery,-0.03641849250141882,-0.016136294805381812,0.8841158841158842
Population fraction of old fish removed,Fishery,-0.03641849250141882,0.044981810445045345,0.8841158841158842
Population fraction of old fish removed,Fishery,-0.03641849250141882,-0.07837242757931229,0.8841158841158842
Population fraction of old fish removed,Fishery,-0.03641849250141882,-0.04902728737755857,0.8841158841158842
Population fraction of old fish removed,Fishery,-0.03641849250141882,-0.01687328853579917,0.8841158841158842
Population fraction of old fish removed,Fishery,-0.03641849250141882,-0.028354748330160273,0.8841158841158842
Population fraction of old fish removed,Fishery,-0.03641849250141882,0.002063916011325162,0.8841158841158842
Population fraction of old fish removed,Fishery,-0.03641849250141882,-0.017443990723867264,0.8841158841158842
Population fraction of old fish removed,Fishery,-0.03641849250141882,-0.006207182800525235,0.8841158841158842
Population fraction of old fish removed,Fishery,-0.03641849250141882,-0.009666640171213325,0.8841158841158842
Population fraction of old fish removed,Fishery,-0.03641849250141882,-0.014330160691082616,0.8841158841158842
Population fraction of old fish removed,Fishery,-0.03641849250141882,-0.009260314630946898,0.8841158841158842
Population fraction of old fish removed,Fishery,-0.03641849250141882,-0.07126697863605314,0.8841158841158842
Population fraction of old fish removed,Fishery,-0.03641849250141882,-0.0662219234711443,0.8841158841158842
Population fraction of old fish removed,Fishery,-0.03641849250141882,-0.013896176374150304,0.8841158841158842
Population fraction of old fish removed,Fishery,-0.03641849250141882,-0.01605280869290704,0.8841158841158842
Population fraction of old fish removed,Fishery,-0.03641849250141882,-0.004489160734390207,0.8841158841158842
Population fraction of old fish removed,Fishery,-0.03641849250141882,-0.016226367815707077,0.8841158841158842
Population fraction of old fish removed,Fishery,-0.03641849250141882,-0.02179703054839144,0.8841158841158842
Population fraction of old fish removed,Fishery,-0.03641849250141882,-0.022559075598892475,0.8841158841158842
Population fraction of old fish removed,Fishery,-0.03641849250141882,-0.007738392013464823,0.8841158841158842
Population fraction of old fish removed,Fishery,-0.03641849250141882,-0.013369263145247112,0.8841158841158842
Population fraction of old fish removed,Fishery,-0.03641849250141882,-0.027996433408930654,0.8841158841158842
Population fraction of old fish removed,Fishery,-0.03641849250141882,-0.014492854587089266,0.8841158841158842
Population fraction of old fish removed,Fishery,-0.03641849250141882,-0.014394052751542485,0.8841158841158842
Population fraction of old fish removed,Fishery,-0.03641849250141882,-0.0019067819273725917,0.8841158841158842
Population fraction of old fish removed,Fishery,-0.03641849250141882,-0.008077607999859904,0.8841158841158842
Population fraction of old fish removed,Fishery,-0.03641849250141882,-0.014394052751542485,0.8841158841158842
Population fraction of old fish removed,Fishery,-0.03641849250141882,-0.012746793253361588,0.8841158841158842
Population fraction of old fish removed,Fishery,-0.03641849250141882,-0.013677008595065265,0.8841158841158842
Population fraction of old fish removed,Fishery,-0.03641849250141882,-0.027919435702886908,0.8841158841158842
Population fraction of old fish removed,Fishery,-0.03641849250141882,-0.013596737143870108,0.8841158841158842
Population fraction of old fish removed,Fishery,-0.03641849250141882,-0.015916529768218446,0.8841158841158842
Population fraction of old fish removed,Fishery,-0.03641849250141882,-0.015250347600829217,0.8841158841158842
Population fraction of old fish removed,Fishery,-0.03641849250141882,-0.014745905005203896,0.8841158841158842
Population fraction of old fish removed,Fishery,-0.03641849250141882,0.10526699417359109,0.8841158841158842
Population fraction of old fish removed,Fishery,-0.03641849250141882,-0.016178949767724937,0.8841158841158842
Population fraction of old fish removed,Fishery,-0.03641849250141882,-0.011883053439774027,0.8841158841158842
Population fraction of old fish removed,Fishery,-0.03641849250141882,-0.0077689572775139215,0.8841158841158842
Population fraction of old fish removed,Fishery,-0.03641849250141882,-0.029650963939906072,0.8841158841158842
Population fraction of old fish removed,Fishery,-0.03641849250141882,-0.015448886113115456,0.8841158841158842
Population fraction of old fish removed,Fishery,-0.03641849250141882,0.023296458002664888,0.8841158841158842
Population fraction of old fish removed,Fishery,-0.03641849250141882,-0.013282025418560162,0.8841158841158842
Population fraction of old fish removed,Fishery,-0.03641849250141882,-0.06339396856984081,0.8841158841158842
Population fraction of old fish removed,Fishery,-0.03641849250141882,-0.010403640873208886,0.8841158841158842
Population fraction of old fish removed,Fishery,-0.03641849250141882,-0.0013247847936617152,0.8841158841158842
Population fraction of old fish removed,Fishery,-0.03641849250141882,0.014909893864894053,0.8841158841158842
Population fraction of old fish removed,Fishery,-0.03641849250141882,-0.003030423870918675,0.8841158841158842
Population fraction of old fish removed,Fishery,-0.03641849250141882,-0.014772185785827174,0.8841158841158842
Population fraction of old fish removed,Fishery,-0.03641849250141882,-0.012494140349945448,0.8841158841158842
Population fraction of old fish removed,Fishery,-0.03641849250141882,0.04279573317573604,0.8841158841158842
Population fraction of old fish removed,Fishery,-0.03641849250141882,-0.01595721890748636,0.8841158841158842
Population fraction of old fish removed,Fishery,-0.03641849250141882,-0.04835457950802513,0.8841158841158842
Population fraction of old fish removed,Fishery,-0.03641849250141882,-0.017879675758710523,0.8841158841158842
Population fraction of old fish removed,Fishery,-0.03641849250141882,-0.0019671118326793913,0.8841158841158842
Population fraction of old fish removed,Fishery,-0.03641849250141882,-0.025203969010893612,0.8841158841158842
Population fraction of old fish removed,Fishery,-0.03641849250141882,-0.017099471918786247,0.8841158841158842
Population fraction of old fish removed,Fishery,-0.03641849250141882,-0.03759012678517348,0.8841158841158842
Population fraction of old fish removed,Fishery,-0.03641849250141882,-0.09277839220625084,0.8841158841158842
Population fraction of old fish removed,Fishery,-0.03641849250141882,-0.007145181303994663,0.8841158841158842
Population fraction of old fish removed,Fishery,-0.03641849250141882,-0.010668147845422249,0.8841158841158842
Population fraction of old fish removed,Fishery,-0.03641849250141882,0.00764566507324882,0.8841158841158842
Population fraction of old fish removed,Fishery,-0.03641849250141882,-0.08647895879144407,0.8841158841158842
Population fraction of old fish removed,Fishery,-0.03641849250141882,0.05605397701674142,0.8841158841158842
Population fraction of old fish removed,Fishery,-0.03641849250141882,-0.0015458299703177136,0.8841158841158842
Population fraction of old fish removed,Fishery,-0.03641849250141882,-0.014567230313215607,0.8841158841158842
Population fraction of old fish removed,Fishery,-0.03641849250141882,-0.028354748330160273,0.8841158841158842
Population fraction of old fish removed,Fishery,-0.03641849250141882,-0.015238594308071729,0.8841158841158842
Population fraction of old fish removed,Fishery,-0.03641849250141882,-0.011667927865836925,0.8841158841158842
Population fraction of old fish removed,Fishery,-0.03641849250141882,-0.015250347600829217,0.8841158841158842
Population fraction of old fish removed,Fishery,-0.03641849250141882,-0.03666334861151821,0.8841158841158842
Population fraction of old fish removed,Fishery,-0.03641849250141882,-0.03381342484897987,0.8841158841158842
Population fraction of old fish removed,Fishery,-0.03641849250141882,-0.014829658364582166,0.8841158841158842
Population fraction of old fish removed,Fishery,-0.03641849250141882,-0.07126697863605314,0.8841158841158842
Population fraction of old fish removed,Fishery,-0.03641849250141882,0.02684282303837826,0.8841158841158842
Population fraction of old fish removed,Fishery,-0.03641849250141882,-0.012986166533441867,0.8841158841158842
Population fraction of old fish removed,Fishery,-0.03641849250141882,-0.003308135057176864,0.8841158841158842
Population fraction of old fish removed,Fishery,-0.03641849250141882,0.04108513144146464,0.8841158841158842
Population fraction of old fish removed,Fishery,-0.03641849250141882,0.05614478173884874,0.8841158841158842
Population fraction of old fish removed,Fishery,-0.03641849250141882,-0.01425155975819492,0.8841158841158842
Population fraction of old fish removed,Fishery,-0.03641849250141882,-0.020467928284012116,0.8841158841158842
Population fraction of old fish removed,Fishery,-0.03641849250141882,-0.047082110938954536,0.8841158841158842
Population fraction of old fish removed,Fishery,-0.03641849250141882,-0.015257016916633503,0.8841158841158842
Population fraction of old fish removed,Fishery,-0.03641849250141882,0.004225302673344644,0.8841158841158842
Population fraction of old fish removed,Fishery,-0.03641849250141882,-0.017820614289575154,0.8841158841158842
Population fraction of old fish removed,Fishery,-0.03641849250141882,-0.003275247190994035,0.8841158841158842
Population fraction of old fish removed,Fishery,-0.03641849250141882,0.006914714369600228,0.8841158841158842
Population fraction of old fish removed,Fishery,-0.03641849250141882,0.030260412731618946,0.8841158841158842
Population fraction of old fish removed,Fishery,-0.03641849250141882,-0.012408622882103426,0.8841158841158842
Population fraction of old fish removed,Fishery,-0.03641849250141882,-0.01640421467446007,0.8841158841158842
Population fraction of old fish removed,Fishery,-0.03641849250141882,-0.05062505137269824,0.8841158841158842
Population fraction of old fish removed,Fishery,-0.03641849250141882,-0.014887078866072212,0.8841158841158842
Population fraction of old fish removed,Fishery,-0.03641849250141882,-0.014464305394828791,0.8841158841158842
Population fraction of old fish removed,Fishery,-0.03641849250141882,0.02935169507321167,0.8841158841158842
Population fraction of old fish removed,Fishery,-0.03641849250141882,-0.03733962569798477,0.8841158841158842
Population fraction of old fish removed,Fishery,-0.03641849250141882,-0.014149474399792306,0.8841158841158842
Population fraction of old fish removed,Fishery,-0.03641849250141882,-0.006363516106050904,0.8841158841158842
Population fraction of old fish removed,Fishery,-0.03641849250141882,-0.013275201994165098,0.8841158841158842
Population fraction of old fish removed,Fishery,-0.03641849250141882,-0.015786934263672725,0.8841158841158842
Population fraction of old fish removed,Fishery,-0.03641849250141882,-0.016178949767724937,0.8841158841158842
Population fraction of old fish removed,Fishery,-0.03641849250141882,0.05605397701674142,0.8841158841158842
Population fraction of old fish removed,Fishery,-0.03641849250141882,-0.023172923156988823,0.8841158841158842
Population fraction of old fish removed,Fishery,-0.03641849250141882,-0.013941479759017827,0.8841158841158842
Population fraction of old fish removed,Fishery,-0.03641849250141882,-0.018815805647841355,0.8841158841158842
Population fraction of old fish removed,Fishery,-0.03641849250141882,-0.047245983349578635,0.8841158841158842
Population fraction of old fish removed,Fishery,-0.03641849250141882,-0.014203093961539848,0.8841158841158842
Population fraction of old fish removed,Fishery,-0.03641849250141882,-0.01728470983332575,0.8841158841158842
Population fraction of old fish removed,Fishery,-0.03641849250141882,0.078698767689931,0.8841158841158842
Population fraction of old fish removed,Fishery,-0.03641849250141882,-0.015390566414340778,0.8841158841158842
Population fraction of old fish removed,Fishery,-0.03641849250141882,-0.014788867683848128,0.8841158841158842
Population fraction of old fish removed,Fishery,-0.03641849250141882,-0.01809874516817822,0.8841158841158842
Population fraction of old fish removed,Fishery,-0.03641849250141882,-0.014492854587089266,0.8841158841158842
Population fraction of old fish removed,Fishery,-0.03641849250141882,-0.046551073960472644,0.8841158841158842
Population fraction of old fish removed,Fishery,-0.03641849250141882,-0.01524960129220232,0.8841158841158842
Population fraction of old fish removed,Fishery,-0.03641849250141882,-0.013784426159847207,0.8841158841158842
Population fraction of old fish removed,Fishery,-0.03641849250141882,-0.00891652259057607,0.8841158841158842
Population fraction of old fish removed,Fishery,-0.03641849250141882,-0.015916529768218446,0.8841158841158842
Population fraction of old fish removed,Fishery,-0.03641849250141882,-0.02116829720379587,0.8841158841158842
Population fraction of old fish removed,Fishery,-0.03641849250141882,-0.011923060497446958,0.8841158841158842
Population fraction of old fish removed,Fishery,-0.03641849250141882,-0.012176300424254327,0.8841158841158842
Population fraction of old fish removed,Fishery,-0.03641849250141882,0.004921378155791412,0.8841158841158842
Population fraction of old fish removed,Fishery,-0.03641849250141882,-0.020876882391576146,0.8841158841158842
Population fraction of old fish removed,Fishery,-0.03641849250141882,-0.016578343698001152,0.8841158841158842
Population fraction of old fish removed,Fishery,-0.03641849250141882,0.0013615385283165526,0.8841158841158842
Population fraction of old fish removed,Fishery,-0.03641849250141882,0.009477006059750548,0.8841158841158842
Population fraction of old fish removed,Fishery,-0.03641849250141882,-0.006354624456363478,0.8841158841158842
Population fraction of old fish removed,Fishery,-0.03641849250141882,-0.016354390544660813,0.8841158841158842
Population fraction of old fish removed,Fishery,-0.03641849250141882,-0.012294842125330385,0.8841158841158842
Population fraction of old fish removed,Fishery,-0.03641849250141882,-0.015492442587500488,0.8841158841158842
Population fraction of old fish removed,Fishery,-0.03641849250141882,0.040679226425056836,0.8841158841158842
Population fraction of old fish removed,Fishery,-0.03641849250141882,-0.018446138675541457,0.8841158841158842
Population fraction of old fish removed,Fishery,-0.03641849250141882,-0.022816557487076672,0.8841158841158842
Population fraction of old fish removed,Fishery,-0.03641849250141882,-0.013174697330803342,0.8841158841158842
Population fraction of old fish removed,Fishery,-0.03641849250141882,-0.004743918135604819,0.8841158841158842
Population fraction of old fish removed,Fishery,-0.03641849250141882,-0.019028363744205468,0.8841158841158842
Population fraction of old fish removed,Fishery,-0.03641849250141882,-0.027996433408930654,0.8841158841158842
Population fraction of old fish removed,Fishery,-0.03641849250141882,-0.017441714229085692,0.8841158841158842
Population fraction of old fish removed,Fishery,-0.03641849250141882,-0.01142096892143063,0.8841158841158842
Population fraction of old fish removed,Fishery,-0.03641849250141882,0.006122126746650025,0.8841158841158842
Population fraction of old fish removed,Fishery,-0.03641849250141882,0.06018307886790486,0.8841158841158842
Population fraction of old fish removed,Fishery,-0.03641849250141882,-0.013941479759017827,0.8841158841158842
Population fraction of old fish removed,Fishery,-0.03641849250141882,-0.08028835732749307,0.8841158841158842
Population fraction of old fish removed,Fishery,-0.03641849250141882,0.06018307886790486,0.8841158841158842
Population fraction of old fish removed,Fishery,-0.03641849250141882,-0.007022302708893147,0.8841158841158842
Population fraction of old fish removed,Fishery,-0.03641849250141882,-0.013741315365672246,0.8841158841158842
Population fraction of old fish removed,Fishery,-0.03641849250141882,-0.015386833658863841,0.8841158841158842
Population fraction of old fish removed,Fishery,-0.03641849250141882,-0.016517115130014526,0.8841158841158842
Population fraction of old fish removed,Fishery,-0.03641849250141882,-0.016354390544660813,0.8841158841158842
Population fraction of old fish removed,Fishery,-0.03641849250141882,-0.004233195984752802,0.8841158841158842
Population fraction of old fish removed,Fishery,-0.03641849250141882,-0.015491343614724595,0.8841158841158842
Population fraction of old fish removed,Fishery,-0.03641849250141882,-0.01760270693672128,0.8841158841158842
Population fraction of old fish removed,Fishery,-0.03641849250141882,-0.00942529205685938,0.8841158841158842
Population fraction of old fish removed,Fishery,-0.03641849250141882,-0.009371101264503245,0.8841158841158842
Population fraction of old fish removed,Fishery,-0.03641849250141882,-0.015208277214823429,0.8841158841158842
Population fraction of old fish removed,Fishery,-0.03641849250141882,-0.011667927865836925,0.8841158841158842
Population fraction of old fish removed,Fishery,-0.03641849250141882,-0.011159662358824818,0.8841158841158842
Population fraction of old fish removed,Fishery,-0.03641849250141882,-0.015787293512370848,0.8841158841158842
Population fraction of old fish removed,Fishery,-0.03641849250141882,-0.022559075598892475,0.8841158841158842
Population fraction of old fish removed,Fishery,-0.03641849250141882,-0.0137395085064842,0.8841158841158842
Population fraction of old fish removed,Fishery,-0.03641849250141882,-0.010718924593551282,0.8841158841158842
Population fraction of old fish removed,Fishery,-0.03641849250141882,-0.010421693690694456,0.8841158841158842
Population fraction of old fish removed,Fishery,-0.03641849250141882,-0.012202266675022333,0.8841158841158842
Population fraction of old fish removed,Fishery,-0.03641849250141882,-0.027797621908356218,0.8841158841158842
Population fraction of old fish removed,Fishery,-0.03641849250141882,-0.00666242626139546,0.8841158841158842
Population fraction of old fish removed,Fishery,-0.03641849250141882,-0.06384205535218412,0.8841158841158842
Population fraction of old fish removed,Fishery,-0.03641849250141882,0.03477597920091391,0.8841158841158842
Population fraction of old fish removed,Fishery,-0.03641849250141882,-0.028156977799488114,0.8841158841158842
Population fraction of old fish removed,Fishery,-0.03641849250141882,-0.01811293755909582,0.8841158841158842
Population fraction of old fish removed,Fishery,-0.03641849250141882,-0.016169829557811433,0.8841158841158842
Population fraction of old fish removed,Fishery,-0.03641849250141882,0.011781379675812498,0.8841158841158842
Population fraction of old fish removed,Fishery,-0.03641849250141882,0.021475512183145695,0.8841158841158842
Population fraction of old fish removed,Fishery,-0.03641849250141882,-0.01211086855732768,0.8841158841158842
Population fraction of old fish removed,Fishery,-0.03641849250141882,-0.041538903048604636,0.8841158841158842
Population fraction of old fish removed,Fishery,-0.03641849250141882,-0.05850272573060167,0.8841158841158842
Population fraction of old fish removed,Fishery,-0.03641849250141882,-0.015997442980413945,0.8841158841158842
Population fraction of old fish removed,Fishery,-0.03641849250141882,-0.07758551526539725,0.8841158841158842
Population fraction of old fish removed,Fishery,-0.03641849250141882,-0.010506764912655564,0.8841158841158842
Population fraction of old fish removed,Fishery,-0.03641849250141882,-0.021776910694694784,0.8841158841158842
Population fraction of old fish removed,Fishery,-0.03641849250141882,-0.006207182800525235,0.8841158841158842
Population fraction of old fish removed,Fishery,-0.03641849250141882,0.030902770985314354,0.8841158841158842
Population fraction of old fish removed,Fishery,-0.03641849250141882,-0.008840674530351533,0.8841158841158842
Population fraction of old fish removed,Fishery,-0.03641849250141882,-0.008117580728119078,0.8841158841158842
Population fraction of old fish removed,Fishery,-0.03641849250141882,-0.012039959897714114,0.8841158841158842
Population fraction of old fish removed,Fishery,-0.03641849250141882,0.03083788628975037,0.8841158841158842
Population fraction of old fish removed,Fishery,-0.03641849250141882,-0.007658640225737923,0.8841158841158842
Population fraction of old fish removed,Fishery,-0.03641849250141882,0.06136318665473195,0.8841158841158842
Population fraction of old fish removed,Fishery,-0.03641849250141882,-0.0249285183227963,0.8841158841158842
Population fraction of old fish removed,Fishery,-0.03641849250141882,0.014429227551970403,0.8841158841158842
Population fraction of old fish removed,Fishery,-0.03641849250141882,-0.09277839220625084,0.8841158841158842
Population fraction of old fish removed,Fishery,-0.03641849250141882,0.021128966853038,0.8841158841158842
Population fraction of old fish removed,Fishery,-0.03641849250141882,-0.01635974461072842,0.8841158841158842
Population fraction of old fish removed,Fishery,-0.03641849250141882,-0.021836549490044987,0.8841158841158842
Population fraction of old fish removed,Fishery,-0.03641849250141882,0.017393232935660086,0.8841158841158842
Population fraction of old fish removed,Fishery,-0.03641849250141882,-0.014024185722522509,0.8841158841158842
Population fraction of old fish removed,Fishery,-0.03641849250141882,0.030902770985314354,0.8841158841158842
Population fraction of old fish removed,Fishery,-0.03641849250141882,-0.0019104255264876802,0.8841158841158842
Population fraction of old fish removed,Fishery,-0.03641849250141882,0.03083788628975037,0.8841158841158842
Population fraction of old fish removed,Fishery,-0.03641849250141882,0.058490588749032346,0.8841158841158842
Population fraction of old fish removed,Fishery,-0.03641849250141882,-0.08552369850254671,0.8841158841158842
Population fraction of old fish removed,Fishery,-0.03641849250141882,-0.04649448670028322,0.8841158841158842
Population fraction of old fish removed,Fishery,-0.03641849250141882,-0.046479285764705836,0.8841158841158842
Population fraction of old fish removed,Fishery,-0.03641849250141882,-0.03995525007806955,0.8841158841158842
Population fraction of old fish removed,Fishery,-0.03641849250141882,-0.01529767097771928,0.8841158841158842
Population fraction of old fish removed,Fishery,-0.03641849250141882,-0.015459271276759168,0.8841158841158842
Population fraction of old fish removed,Fishery,-0.03641849250141882,-0.01793144535849467,0.8841158841158842
Population fraction of old fish removed,Fishery,-0.03641849250141882,-0.023124842031063686,0.8841158841158842
Population fraction of old fish removed,Fishery,-0.03641849250141882,-0.015490649260467837,0.8841158841158842
Population fraction of old fish removed,Fishery,-0.03641849250141882,-0.11205092438613073,0.8841158841158842
Population fraction of old fish removed,Fishery,-0.03641849250141882,-0.0056578394673929555,0.8841158841158842
Population fraction of old fish removed,Fishery,-0.03641849250141882,-0.0354309379515696,0.8841158841158842
Population fraction of old fish removed,Fishery,-0.03641849250141882,-0.02406218244211389,0.8841158841158842
Population fraction of old fish removed,Fishery,-0.03641849250141882,0.07995316939851904,0.8841158841158842
Population fraction of old fish removed,Fishery,-0.03641849250141882,-0.01457765522997101,0.8841158841158842
Population fraction of old fish removed,Fishery,-0.03641849250141882,0.002063916011325162,0.8841158841158842
Population fraction of old fish removed,Fishery,-0.03641849250141882,-0.01603159113785746,0.8841158841158842
Population fraction of old fish removed,Fishery,-0.03641849250141882,-0.009389759506248652,0.8841158841158842
Population fraction of old fish removed,Fishery,-0.03641849250141882,-0.008261898483221675,0.8841158841158842
Population fraction of old fish removed,Fishery,-0.03641849250141882,-0.02126185374522982,0.8841158841158842
Population fraction of old fish removed,Fishery,-0.03641849250141882,-0.00292829577591891,0.8841158841158842
Population fraction of old fish removed,Fishery,-0.03641849250141882,-0.009960037152991097,0.8841158841158842
Population fraction of old fish removed,Fishery,-0.03641849250141882,-0.012622309841530566,0.8841158841158842
Population fraction of old fish removed,Fishery,-0.03641849250141882,-0.0044213471854568365,0.8841158841158842
Population fraction of old fish removed,Fishery,-0.03641849250141882,-0.0101258161409572,0.8841158841158842
Population fraction of old fish removed,Fishery,-0.03641849250141882,-0.013406149774789489,0.8841158841158842
Population fraction of old fish removed,Fishery,-0.03641849250141882,0.011601003547944688,0.8841158841158842
Population fraction of old fish removed,Fishery,-0.03641849250141882,-0.015468480637785165,0.8841158841158842
Population fraction of old fish removed,Fishery,-0.03641849250141882,-0.011781528634600136,0.8841158841158842
Population fraction of old fish removed,Fishery,-0.03641849250141882,-0.01560274970772979,0.8841158841158842
Population fraction of old fish removed,Fishery,-0.03641849250141882,0.0055355257299923855,0.8841158841158842
Population fraction of old fish removed,Fishery,-0.03641849250141882,-0.005580454609774188,0.8841158841158842
Population fraction of old fish removed,Fishery,-0.03641849250141882,-0.009260314630946898,0.8841158841158842
Population fraction of old fish removed,Fishery,-0.03641849250141882,-0.017089831527113963,0.8841158841158842
Population fraction of old fish removed,Fishery,-0.03641849250141882,-0.006280144584899672,0.8841158841158842
Population fraction of old fish removed,Fishery,-0.03641849250141882,-0.015468587368446807,0.8841158841158842
Population fraction of old fish removed,Fishery,-0.03641849250141882,-0.01484616639507541,0.8841158841158842
Population fraction of old fish removed,Fishery,-0.03641849250141882,-0.01767047445533665,0.8841158841158842
Population fraction of old fish removed,Fishery,-0.03641849250141882,-0.06398566258273775,0.8841158841158842
Population fraction of old fish removed,Fishery,-0.03641849250141882,-0.08081451903199999,0.8841158841158842
Population fraction of old fish removed,Fishery,-0.03641849250141882,-0.013188741861425157,0.8841158841158842
Population fraction of old fish removed,Fishery,-0.03641849250141882,-0.018522233634521212,0.8841158841158842
Population fraction of old fish removed,Fishery,-0.03641849250141882,-5.36049079377765e-4,0.8841158841158842
Population fraction of old fish removed,Fishery,-0.03641849250141882,-0.061847845950052216,0.8841158841158842
Population fraction of old fish removed,Fishery,-0.03641849250141882,-0.01560274970772979,0.8841158841158842
Population fraction of old fish removed,Fishery,-0.03641849250141882,-0.004743918135604819,0.8841158841158842
Population fraction of old fish removed,Fishery,-0.03641849250141882,-0.006363516106050904,0.8841158841158842
Population fraction of old fish removed,Fishery,-0.03641849250141882,-0.01560274970772979,0.8841158841158842
Population fraction of old fish removed,Fishery,-0.03641849250141882,-0.008700976219624623,0.8841158841158842
Population fraction of old fish removed,Fishery,-0.03641849250141882,0.10036445823673934,0.8841158841158842
Population fraction of old fish removed,Fishery,-0.03641849250141882,-0.01809874516817822,0.8841158841158842
Population fraction of old fish removed,Fishery,-0.03641849250141882,-0.026577574739064858,0.8841158841158842
Population fraction of old fish removed,Fishery,-0.03641849250141882,-0.011748266595346557,0.8841158841158842
Population fraction of old fish removed,Fishery,-0.03641849250141882,-0.013468971426274123,0.8841158841158842
Population fraction of old fish removed,Fishery,-0.03641849250141882,-0.01643933247510332,0.8841158841158842
Population fraction of old fish removed,Fishery,-0.03641849250141882,-0.01505735015477705,0.8841158841158842
Population fraction of old fish removed,Fishery,-0.03641849250141882,0.014078108903302744,0.8841158841158842
Population fraction of old fish removed,Fishery,-0.03641849250141882,-0.028156977799488114,0.8841158841158842
Population fraction of old fish removed,Fishery,-0.03641849250141882,-0.01663265317579321,0.8841158841158842
Population fraction of old fish removed,Fishery,-0.03641849250141882,-0.01795518661699691,0.8841158841158842
Population fraction of old fish removed,Fishery,-0.03641849250141882,-0.022832544551163236,0.8841158841158842
Population fraction of old fish removed,Fishery,-0.03641849250141882,-0.015369469106820466,0.8841158841158842
Population fraction of old fish removed,Fishery,-0.03641849250141882,-0.014492821131175448,0.8841158841158842
Population fraction of old fish removed,Fishery,-0.03641849250141882,-0.019429085726840656,0.8841158841158842
Population fraction of old fish removed,Fishery,-0.03641849250141882,0.06520035249561884,0.8841158841158842
Population fraction of old fish removed,Fishery,-0.03641849250141882,-7.80974908137777e-4,0.8841158841158842
Population fraction of old fish removed,Fishery,-0.03641849250141882,-0.019880283902053097,0.8841158841158842
Population fraction of old fish removed,Fishery,-0.03641849250141882,-0.016764668302254426,0.8841158841158842
Population fraction of old fish removed,Fishery,-0.03641849250141882,-0.015944741399619877,0.8841158841158842
Population fraction of old fish removed,Fishery,-0.03641849250141882,-0.02791584330023955,0.8841158841158842
Population fraction of old fish removed,Fishery,-0.03641849250141882,-0.020709256110753582,0.8841158841158842
Population fraction of old fish removed,Fishery,-0.03641849250141882,-0.017745267911771778,0.8841158841158842
Population fraction of old fish removed,Fishery,-0.03641849250141882,-0.029830432335552715,0.8841158841158842
Population fraction of old fish removed,Fishery,-0.03641849250141882,-0.0020213844951695314,0.8841158841158842
Population fraction of old fish removed,Fishery,-0.03641849250141882,-0.012193086106000228,0.8841158841158842
Population fraction of old fish removed,Fishery,-0.03641849250141882,-0.01948994583279262,0.8841158841158842
Population fraction of old fish removed,Fishery,-0.03641849250141882,0.023296458002664888,0.8841158841158842
Population fraction of old fish removed,Fishery,-0.03641849250141882,-0.01500723258910397,0.8841158841158842
Population fraction of old fish removed,Fishery,-0.03641849250141882,0.001183080085457422,0.8841158841158842
Population fraction of old fish removed,Fishery,-0.03641849250141882,-0.01505735015477705,0.8841158841158842
Population fraction of old fish removed,Fishery,-0.03641849250141882,0.02324660060877548,0.8841158841158842
Population fraction of old fish removed,Fishery,-0.03641849250141882,-0.019660628008057568,0.8841158841158842
Population fraction of old fish removed,Fishery,-0.03641849250141882,-0.015100310170502507,0.8841158841158842
Population fraction of old fish removed,Fishery,-0.03641849250141882,0.05993427649052774,0.8841158841158842
Population fraction of old fish removed,Fishery,-0.03641849250141882,0.006820512445506188,0.8841158841158842
Population fraction of old fish removed,Fishery,-0.03641849250141882,-0.05076779604174342,0.8841158841158842
Population fraction of old fish removed,Fishery,-0.03641849250141882,-0.015257016916633503,0.8841158841158842
Population fraction of old fish removed,Fishery,-0.03641849250141882,-0.008261898483221675,0.8841158841158842
Population fraction of old fish removed,Fishery,-0.03641849250141882,0.025380163642791387,0.8841158841158842
Population fraction of old fish removed,Fishery,-0.03641849250141882,-0.006423275219554991,0.8841158841158842
Population fraction of old fish removed,Fishery,-0.03641849250141882,-0.008468699100833588,0.8841158841158842
Population fraction of old fish removed,Fishery,-0.03641849250141882,0.0016039076677044628,0.8841158841158842
Population fraction of old fish removed,Fishery,-0.03641849250141882,-0.08552369850254671,0.8841158841158842
Population fraction of old fish removed,Fishery,-0.03641849250141882,-0.015143158816700586,0.8841158841158842
Population fraction of old fish removed,Fishery,-0.03641849250141882,0.06520035249561884,0.8841158841158842
Population fraction of old fish removed,Fishery,-0.03641849250141882,-0.017089831527113963,0.8841158841158842
Population fraction of old fish removed,Fishery,-0.03641849250141882,-0.014728317015491932,0.8841158841158842
Population fraction of old fish removed,Fishery,-0.03641849250141882,-0.014340085301169925,0.8841158841158842
Population fraction of old fish removed,Fishery,-0.03641849250141882,-0.019880283902053097,0.8841158841158842
Population fraction of old fish removed,Fishery,-0.03641849250141882,-0.0249285183227963,0.8841158841158842
Population fraction of old fish removed,Fishery,-0.03641849250141882,-0.03238121554825857,0.8841158841158842
Population fraction of old fish removed,Fishery,-0.03641849250141882,0.10189203112516554,0.8841158841158842
Population fraction of old fish removed,Fishery,-0.03641849250141882,-0.02266199864769214,0.8841158841158842
Population fraction of old fish removed,Fishery,-0.03641849250141882,-0.06384205535218412,0.8841158841158842
Population fraction of old fish removed,Fishery,-0.03641849250141882,-0.013604579445001486,0.8841158841158842
Population fraction of old fish removed,Fishery,-0.03641849250141882,-0.006115100441770549,0.8841158841158842
Population fraction of old fish removed,Fishery,-0.03641849250141882,-0.014170569031187297,0.8841158841158842
Population fraction of old fish removed,Fishery,-0.03641849250141882,-0.0137395085064842,0.8841158841158842
Population fraction of old fish removed,Fishery,-0.03641849250141882,-0.005558421549256787,0.8841158841158842
Population fraction of old fish removed,Fishery,-0.03641849250141882,-0.014244626671393146,0.8841158841158842
Population fraction of old fish removed,Fishery,-0.03641849250141882,0.07011018970881089,0.8841158841158842
Population fraction of old fish removed,Fishery,-0.03641849250141882,-0.009371101264503245,0.8841158841158842
Population fraction of old fish removed,Fishery,-0.03641849250141882,-0.008468699100833588,0.8841158841158842
Population fraction of old fish removed,Fishery,-0.03641849250141882,-0.01444303057507601,0.8841158841158842
Population fraction of old fish removed,Fishery,-0.03641849250141882,-0.014464305394828791,0.8841158841158842
Population fraction of old fish removed,Fishery,-0.03641849250141882,0.004921378155791412,0.8841158841158842
Population fraction of old fish removed,Fishery,-0.03641849250141882,-0.009197092941466423,0.8841158841158842
Population fraction of old fish removed,Fishery,-0.03641849250141882,-0.004590688109382013,0.8841158841158842
Population fraction of old fish removed,Fishery,-0.03641849250141882,0.05220922822493135,0.8841158841158842
Population fraction of old fish removed,Fishery,-0.03641849250141882,-0.007064234415755433,0.8841158841158842
Population fraction of old fish removed,Fishery,-0.03641849250141882,-0.014714917263016991,0.8841158841158842
Population fraction of old fish removed,Fishery,-0.03641849250141882,-0.005580454609774188,0.8841158841158842
Population fraction of old fish removed,Fishery,-0.03641849250141882,-0.014779320210646985,0.8841158841158842
Population fraction of old fish removed,Fishery,-0.03641849250141882,-0.01663396749479884,0.8841158841158842
Population fraction of old fish removed,Fishery,-0.03641849250141882,-0.008416435495532282,0.8841158841158842
Population fraction of old fish removed,Fishery,-0.03641849250141882,-0.015186383268538606,0.8841158841158842
Population fraction of old fish removed,Fishery,-0.03641849250141882,-0.010467877239807688,0.8841158841158842
Population fraction of old fish removed,Fishery,-0.03641849250141882,-0.023289823953077216,0.8841158841158842
Population fraction of old fish removed,Fishery,-0.03641849250141882,-0.01811293755909582,0.8841158841158842
Population fraction of old fish removed,Fishery,-0.03641849250141882,-0.01663265317579321,0.8841158841158842
Population fraction of old fish removed,Fishery,-0.03641849250141882,-0.012418161984117937,0.8841158841158842
Population fraction of old fish removed,Fishery,-0.03641849250141882,-0.050144802274173284,0.8841158841158842
Population fraction of old fish removed,Fishery,-0.03641849250141882,-0.0354309379515696,0.8841158841158842
Population fraction of old fish removed,Fishery,-0.03641849250141882,-0.03781401587764277,0.8841158841158842
Population fraction of old fish removed,Fishery,-0.03641849250141882,-0.08552369850254671,0.8841158841158842
Population fraction of old fish removed,Fishery,-0.03641849250141882,-0.014149474399792306,0.8841158841158842
Population fraction of old fish removed,Fishery,-0.03641849250141882,-0.0025321087077387894,0.8841158841158842
Population fraction of old fish removed,Fishery,-0.03641849250141882,-0.01640421467446007,0.8841158841158842
Population fraction of old fish removed,Fishery,-0.03641849250141882,-0.013585326496887706,0.8841158841158842
Population fraction of old fish removed,Fishery,-0.03641849250141882,-0.011618369265552486,0.8841158841158842
Population fraction of old fish removed,Fishery,-0.03641849250141882,-0.0394234189931113,0.8841158841158842
Population fraction of old fish removed,Fishery,-0.03641849250141882,-0.007324095140895048,0.8841158841158842
Population fraction of old fish removed,Fishery,-0.03641849250141882,-0.0056578394673929555,0.8841158841158842
Population fraction of old fish removed,Fishery,-0.03641849250141882,-0.011608776502763485,0.8841158841158842
Population fraction of old fish removed,Fishery,-0.03641849250141882,-0.04902728737755857,0.8841158841158842
Population fraction of old fish removed,Fishery,-0.03641849250141882,-0.015005271601376435,0.8841158841158842
Population fraction of old fish removed,Fishery,-0.03641849250141882,-0.015257016916633503,0.8841158841158842
Population fraction of old fish removed,Fishery,-0.03641849250141882,-0.00971722358702154,0.8841158841158842
Population fraction of old fish removed,Fishery,-0.03641849250141882,-0.020215675051630466,0.8841158841158842
Population fraction of old fish removed,Fishery,-0.03641849250141882,-0.011156789472710482,0.8841158841158842
Population fraction of old fish removed,Fishery,-0.03641849250141882,-0.011160622834978762,0.8841158841158842
Population fraction of old fish removed,Fishery,-0.03641849250141882,0.010025193947287292,0.8841158841158842
Population fraction of old fish removed,Fishery,-0.03641849250141882,-0.006363516106050904,0.8841158841158842
Population fraction of old fish removed,Fishery,-0.03641849250141882,-0.026594675270994905,0.8841158841158842
Population fraction of old fish removed,Fishery,-0.03641849250141882,0.007366989557060832,0.8841158841158842
Population fraction of old fish removed,Fishery,-0.03641849250141882,-0.010363232708612058,0.8841158841158842
Population fraction of old fish removed,Fishery,-0.03641849250141882,-0.009435726180308635,0.8841158841158842
Population fraction of old fish removed,Fishery,-0.03641849250141882,-0.05850272573060167,0.8841158841158842
Population fraction of old fish removed,Fishery,-0.03641849250141882,-0.028354748330160273,0.8841158841158842
Population fraction of old fish removed,Fishery,-0.03641849250141882,-0.02454994521598275,0.8841158841158842
Population fraction of old fish removed,Fishery,-0.03641849250141882,0.07011018970881089,0.8841158841158842
Population fraction of old fish removed,Fishery,-0.03641849250141882,0.025380163642791387,0.8841158841158842
Population fraction of old fish removed,Fishery,-0.03641849250141882,-0.02366448511823216,0.8841158841158842
Population fraction of old fish removed,Fishery,-0.03641849250141882,-0.0819881639537805,0.8841158841158842
Population fraction of old fish removed,Fishery,-0.03641849250141882,-0.004408875197155826,0.8841158841158842
Population fraction of old fish removed,Fishery,-0.03641849250141882,-0.021892783856702458,0.8841158841158842
Population fraction of old fish removed,Fishery,-0.03641849250141882,-0.013952320975283428,0.8841158841158842
Population fraction of old fish removed,Fishery,-0.03641849250141882,-0.05683602409313049,0.8841158841158842
Population fraction of old fish removed,Fishery,-0.03641849250141882,-0.013964040831743851,0.8841158841158842
Population fraction of old fish removed,Fishery,-0.03641849250141882,-0.015373761613877601,0.8841158841158842
Population fraction of old fish removed,Fishery,-0.03641849250141882,-0.018049543360334486,0.8841158841158842
Population fraction of old fish removed,Fishery,-0.03641849250141882,-0.014772185785827174,0.8841158841158842
Population fraction of old fish removed,Fishery,-0.03641849250141882,-0.005627644717425051,0.8841158841158842
Population fraction of old fish removed,Fishery,-0.03641849250141882,-0.06226591014460725,0.8841158841158842
Population fraction of old fish removed,Fishery,-0.03641849250141882,-0.010143726714363144,0.8841158841158842
Population fraction of old fish removed,Fishery,-0.03641849250141882,-0.0077689572775139215,0.8841158841158842
Population fraction of old fish removed,Fishery,-0.03641849250141882,-0.009371101264503245,0.8841158841158842
Population fraction of old fish removed,Fishery,-0.03641849250141882,-0.015390566414340778,0.8841158841158842
Population fraction of old fish removed,Fishery,-0.03641849250141882,-0.014197300942419666,0.8841158841158842
Population fraction of old fish removed,Fishery,-0.03641849250141882,-0.02078435280893598,0.8841158841158842
Population fraction of old fish removed,Fishery,-0.03641849250141882,-0.012096571598333217,0.8841158841158842
Population fraction of old fish removed,Fishery,-0.03641849250141882,-0.01778765437250729,0.8841158841158842
Population fraction of old fish removed,Fishery,-0.03641849250141882,-0.015030028047934962,0.8841158841158842
Population fraction of old fish removed,Fishery,-0.03641849250141882,-0.04847111927187764,0.8841158841158842
Population fraction of old fish removed,Fishery,-0.03641849250141882,-0.012177374279456865,0.8841158841158842
Population fraction of old fish removed,Fishery,-0.03641849250141882,-0.008308815625315935,0.8841158841158842
Population fraction of old fish removed,Fishery,-0.03641849250141882,0.025380163642791387,0.8841158841158842
Population fraction of old fish removed,Fishery,-0.03641849250141882,-0.021025721847106826,0.8841158841158842
Population fraction of old fish removed,Fishery,-0.03641849250141882,-0.007145181303994663,0.8841158841158842
Population fraction of old fish removed,Fishery,-0.03641849250141882,-0.024029056799834914,0.8841158841158842
Population fraction of old fish removed,Fishery,-0.03641849250141882,0.015400706540100173,0.8841158841158842
Population fraction of old fish removed,Fishery,-0.03641849250141882,-0.0027703676717443226,0.8841158841158842
Population fraction of old fish removed,Fishery,-0.03641849250141882,-0.016301464402380672,0.8841158841158842
Population fraction of old fish removed,Fishery,-0.03641849250141882,-0.008204816724252773,0.8841158841158842
Population fraction of old fish removed,Fishery,-0.03641849250141882,-0.009198177850215483,0.8841158841158842
Population fraction of old fish removed,Fishery,-0.03641849250141882,-0.0019671118326793913,0.8841158841158842
Population fraction of old fish removed,Fishery,-0.03641849250141882,-0.01778765437250729,0.8841158841158842
Population fraction of old fish removed,Fishery,-0.03641849250141882,-0.02364801945771755,0.8841158841158842
Population fraction of old fish removed,Fishery,-0.03641849250141882,-0.025374396569640245,0.8841158841158842
Population fraction of old fish removed,Fishery,-0.03641849250141882,-0.056711444116055,0.8841158841158842
Population fraction of old fish removed,Fishery,-0.03641849250141882,-0.0249285183227963,0.8841158841158842
Population fraction of old fish removed,Fishery,-0.03641849250141882,-0.008587435875029747,0.8841158841158842
Population fraction of old fish removed,Fishery,-0.03641849250141882,-0.015243350362567742,0.8841158841158842
Population fraction of old fish removed,Fishery,-0.03641849250141882,-0.021929020361020735,0.8841158841158842
Population fraction of old fish removed,Fishery,-0.03641849250141882,-0.026378656296818903,0.8841158841158842
Population fraction of old fish removed,Fishery,-0.03641849250141882,-0.010879485600175265,0.8841158841158842
Population fraction of old fish removed,Fishery,-0.03641849250141882,-0.013596737143870108,0.8841158841158842
Population fraction of old fish removed,Fishery,-0.03641849250141882,-0.015538934329126564,0.8841158841158842
Population fraction of old fish removed,Fishery,-0.03641849250141882,-0.015867863192043696,0.8841158841158842
Population fraction of old fish removed,Fishery,-0.03641849250141882,-0.01761428232945228,0.8841158841158842
Population fraction of old fish removed,Fishery,-0.03641849250141882,-0.0011932566031862546,0.8841158841158842
Population fraction of old fish removed,Fishery,-0.03641849250141882,-0.013952320975283428,0.8841158841158842
Population fraction of old fish removed,Fishery,-0.03641849250141882,1.2747433025828148e-4,0.8841158841158842
Population fraction of old fish removed,Fishery,-0.03641849250141882,-0.003532972187133776,0.8841158841158842
Population fraction of old fish removed,Fishery,-0.03641849250141882,-0.017539695985981707,0.8841158841158842
Population fraction of old fish removed,Fishery,-0.03641849250141882,-0.020339428405245386,0.8841158841158842
Population fraction of old fish removed,Fishery,-0.03641849250141882,-0.020215675051630466,0.8841158841158842
Population fraction of old fish removed,Fishery,-0.03641849250141882,-0.010403640873208886,0.8841158841158842
Population fraction of old fish removed,Fishery,-0.03641849250141882,-0.031042184908132597,0.8841158841158842
Population fraction of old fish removed,Fishery,-0.03641849250141882,-0.014060089090021544,0.8841158841158842
Population fraction of old fish removed,Fishery,-0.03641849250141882,-0.019880283902053097,0.8841158841158842
Population fraction of old fish removed,Fishery,-0.03641849250141882,-0.045532601766343106,0.8841158841158842
Population fraction of old fish removed,Fishery,-0.03641849250141882,0.0945482156435391,0.8841158841158842
Population fraction of old fish removed,Fishery,-0.03641849250141882,-0.017461787348982405,0.8841158841158842
Population fraction of old fish removed,Fishery,-0.03641849250141882,-0.01553918549630362,0.8841158841158842
Population fraction of old fish removed,Fishery,-0.03641849250141882,-0.015199452090625343,0.8841158841158842
Population fraction of old fish removed,Fishery,-0.03641849250141882,7.019910261721884e-4,0.8841158841158842
Population fraction of old fish removed,Fishery,-0.03641849250141882,0.0042810243539422865,0.8841158841158842
Population fraction of old fish removed,Fishery,-0.03641849250141882,-0.012287826927718681,0.8841158841158842
Population fraction of old fish removed,Fishery,-0.03641849250141882,0.0251455859782862,0.8841158841158842
Population fraction of old fish removed,Fishery,-0.03641849250141882,0.00764566507324882,0.8841158841158842
Population fraction of old fish removed,Fishery,-0.03641849250141882,-0.01948994583279262,0.8841158841158842
Population fraction of old fish removed,Fishery,-0.03641849250141882,-0.015199452090625343,0.8841158841158842
Population fraction of old fish removed,Fishery,-0.03641849250141882,-0.024520349704782785,0.8841158841158842
Population fraction of old fish removed,Fishery,-0.03641849250141882,-0.01433802928511918,0.8841158841158842
Population fraction of old fish removed,Fishery,-0.03641849250141882,-0.012254765178272065,0.8841158841158842
Population fraction of old fish removed,Fishery,-0.03641849250141882,-0.00942529205685938,0.8841158841158842
Population fraction of old fish removed,Fishery,-0.03641849250141882,-0.013486624653291868,0.8841158841158842
Population fraction of old fish removed,Fishery,-0.03641849250141882,-0.019820506167222307,0.8841158841158842
Population fraction of old fish removed,Fishery,-0.03641849250141882,0.009477006059750548,0.8841158841158842
Population fraction of old fish removed,Fishery,-0.03641849250141882,-0.01399853101620585,0.8841158841158842
Population fraction of old fish removed,Fishery,-0.03641849250141882,-0.015387374141384358,0.8841158841158842
Population fraction of old fish removed,Fishery,-0.03641849250141882,-0.024827537044908254,0.8841158841158842
Population fraction of old fish removed,Fishery,-0.03641849250141882,0.018126507766156208,0.8841158841158842
Population fraction of old fish removed,Fishery,-0.03641849250141882,-0.003532972187133776,0.8841158841158842
Population fraction of old fish removed,Fishery,-0.03641849250141882,-0.020904544223614208,0.8841158841158842
Population fraction of old fish removed,Fishery,-0.03641849250141882,-0.023157138829920987,0.8841158841158842
Population fraction of old fish removed,Fishery,-0.03641849250141882,-0.025307888488691255,0.8841158841158842
Population fraction of old fish removed,Fishery,-0.03641849250141882,-0.02414916392184918,0.8841158841158842
Population fraction of old fish removed,Fishery,-0.03641849250141882,-0.056711444116055,0.8841158841158842
Population fraction of old fish removed,Fishery,-0.03641849250141882,-0.011806738509869241,0.8841158841158842
Population fraction of old fish removed,Fishery,-0.03641849250141882,-0.03995525007806955,0.8841158841158842
Population fraction of old fish removed,Fishery,-0.03641849250141882,-0.007495572455719524,0.8841158841158842
Population fraction of old fish removed,Fishery,-0.03641849250141882,-0.014464305394828791,0.8841158841158842
Population fraction of old fish removed,Fishery,-0.03641849250141882,-0.005580454609774188,0.8841158841158842
Population fraction of old fish removed,Fishery,-0.03641849250141882,-0.026577574739064858,0.8841158841158842
Population fraction of old fish removed,Fishery,-0.03641849250141882,-0.014944259421129313,0.8841158841158842
Population fraction of old fish removed,Fishery,-0.03641849250141882,0.04764797651563002,0.8841158841158842
Population fraction of old fish removed,Fishery,-0.03641849250141882,-0.013585326496887706,0.8841158841158842
Population fraction of old fish removed,Fishery,-0.03641849250141882,-0.005689909857206521,0.8841158841158842
Population fraction of old fish removed,Fishery,-0.03641849250141882,-0.008582565101890927,0.8841158841158842
Population fraction of old fish removed,Fishery,-0.03641849250141882,0.01654039895743198,0.8841158841158842
Population fraction of old fish removed,Fishery,-0.03641849250141882,-0.015387374141384358,0.8841158841158842
Population fraction of old fish removed,Fishery,-0.03641849250141882,-0.08842235688605671,0.8841158841158842
Population fraction of old fish removed,Fishery,-0.03641849250141882,-0.017721534230383806,0.8841158841158842
Population fraction of old fish removed,Fishery,-0.03641849250141882,-0.017650736662572886,0.8841158841158842
Population fraction of old fish removed,Fishery,-0.03641849250141882,-0.020876882391576146,0.8841158841158842
Population fraction of old fish removed,Fishery,-0.03641849250141882,0.006914714369600228,0.8841158841158842
Population fraction of old fish removed,Fishery,-0.03641849250141882,-0.014567230313215607,0.8841158841158842
Population fraction of old fish removed,Fishery,-0.03641849250141882,-0.006207182800525235,0.8841158841158842
Population fraction of old fish removed,Fishery,-0.03641849250141882,0.031084557653424105,0.8841158841158842
Population fraction of old fish removed,Fishery,-0.03641849250141882,-0.014740568967075207,0.8841158841158842
Population fraction of old fish removed,Fishery,-0.03641849250141882,-0.011197217323814401,0.8841158841158842
Population fraction of old fish removed,Fishery,-0.03641849250141882,-0.0602631990028859,0.8841158841158842
Population fraction of old fish removed,Fishery,-0.03641849250141882,-0.015468587368446807,0.8841158841158842
Population fraction of old fish removed,Fishery,-0.03641849250141882,-0.036943402403213144,0.8841158841158842
Population fraction of old fish removed,Fishery,-0.03641849250141882,-0.009801818679260998,0.8841158841158842
Population fraction of old fish removed,Fishery,-0.03641849250141882,-0.030980328600296758,0.8841158841158842
Population fraction of old fish removed,Fishery,-0.03641849250141882,0.030902770985314354,0.8841158841158842
Population fraction of old fish removed,Fishery,-0.03641849250141882,-0.0546394268876762,0.8841158841158842
Population fraction of old fish removed,Fishery,-0.03641849250141882,-0.015390566414340778,0.8841158841158842
Population fraction of old fish removed,Fishery,-0.03641849250141882,0.0945482156435391,0.8841158841158842
Population fraction of old fish removed,Fishery,-0.03641849250141882,0.010988441475759947,0.8841158841158842
Population fraction of old fish removed,Fishery,-0.03641849250141882,-0.023124842031063686,0.8841158841158842
Population fraction of old fish removed,Fishery,-0.03641849250141882,-0.004408875197155826,0.8841158841158842
Population fraction of old fish removed,Fishery,-0.03641849250141882,-0.015942538213377544,0.8841158841158842
Population fraction of old fish removed,Fishery,-0.03641849250141882,-0.017745267911771778,0.8841158841158842
Population fraction of old fish removed,Fishery,-0.03641849250141882,-0.010766727598576331,0.8841158841158842
Population fraction of old fish removed,Fishery,-0.03641849250141882,0.0489950953733409,0.8841158841158842
Population fraction of old fish removed,Fishery,-0.03641849250141882,-0.02851821532770704,0.8841158841158842
Population fraction of old fish removed,Fishery,-0.03641849250141882,-0.015100432050155987,0.8841158841158842
Population fraction of old fish removed,Fishery,-0.03641849250141882,-0.04098113400684311,0.8841158841158842
Population fraction of old fish removed,Fishery,-0.03641849250141882,-0.013486624653291868,0.8841158841158842
Population fraction of old fish removed,Fishery,-0.03641849250141882,-0.009196987933929757,0.8841158841158842
Population fraction of old fish removed,Fishery,-0.03641849250141882,-0.03938250142718225,0.8841158841158842
Population fraction of old fish removed,Fishery,-0.03641849250141882,-0.007866056249859588,0.8841158841158842
Population fraction of old fish removed,Fishery,-0.03641849250141882,-0.022598935834398093,0.8841158841158842
Population fraction of old fish removed,Fishery,-0.03641849250141882,-0.007863248375577836,0.8841158841158842
Population fraction of old fish removed,Fishery,-0.03641849250141882,-0.011906366924142375,0.8841158841158842
Population fraction of old fish removed,Fishery,-0.03641849250141882,-0.04559485153321208,0.8841158841158842
Population fraction of old fish removed,Fishery,-0.03641849250141882,-0.012511463386355892,0.8841158841158842
Population fraction of old fish removed,Fishery,-0.03641849250141882,0.0034637815922186066,0.8841158841158842
Population fraction of old fish removed,Fishery,-0.03641849250141882,-0.06075671370138713,0.8841158841158842
Population fraction of old fish removed,Fishery,-0.03641849250141882,-0.014442631129094607,0.8841158841158842
Population fraction of old fish removed,Fishery,-0.03641849250141882,-0.008380240543724105,0.8841158841158842
Population fraction of old fish removed,Fishery,-0.03641849250141882,-0.007866056249859588,0.8841158841158842
Population fraction of old fish removed,Fishery,-0.03641849250141882,0.025380163642791387,0.8841158841158842
Population fraction of old fish removed,Fishery,-0.03641849250141882,0.05518672199594332,0.8841158841158842
Population fraction of old fish removed,Fishery,-0.03641849250141882,-0.020904544223614208,0.8841158841158842
Population fraction of old fish removed,Fishery,-0.03641849250141882,-0.01717653566137045,0.8841158841158842
Population fraction of old fish removed,Fishery,-0.03641849250141882,-0.02481207387251283,0.8841158841158842
Population fraction of old fish removed,Fishery,-0.03641849250141882,-0.021053114141962537,0.8841158841158842
Population fraction of old fish removed,Fishery,-0.03641849250141882,-0.0428364333979967,0.8841158841158842
Population fraction of old fish removed,Fishery,-0.03641849250141882,-0.012294842125330385,0.8841158841158842
Population fraction of old fish removed,Fishery,-0.03641849250141882,-0.012665123675298595,0.8841158841158842
Population fraction of old fish removed,Fishery,-0.03641849250141882,-0.006354624456363478,0.8841158841158842
Population fraction of old fish removed,Fishery,-0.03641849250141882,-8.07665317048567e-6,0.8841158841158842
Population fraction of old fish removed,Fishery,-0.03641849250141882,-0.047245983349578635,0.8841158841158842
Population fraction of old fish removed,Fishery,-0.03641849250141882,-0.009956674574836955,0.8841158841158842
Population fraction of old fish removed,Fishery,-0.03641849250141882,-0.026224254026919747,0.8841158841158842
Population fraction of old fish removed,Fishery,-0.03641849250141882,-0.052329853443864094,0.8841158841158842
Population fraction of old fish removed,Fishery,-0.03641849250141882,-0.011923060497446958,0.8841158841158842
Population fraction of old fish removed,Fishery,-0.03641849250141882,-0.025081485568388073,0.8841158841158842
Population fraction of old fish removed,Fishery,-0.03641849250141882,0.00764566507324882,0.8841158841158842
Population fraction of old fish removed,Fishery,-0.03641849250141882,0.07154691809602465,0.8841158841158842
Population fraction of old fish removed,Fishery,-0.03641849250141882,-0.02344696091255738,0.8841158841158842
Population fraction of old fish removed,Fishery,-0.03641849250141882,-0.02362424347089198,0.8841158841158842
Population fraction of old fish removed,Fishery,-0.03641849250141882,-0.016354390544660813,0.8841158841158842
Population fraction of old fish removed,Fishery,-0.03641849250141882,-0.014097383275230913,0.8841158841158842
Population fraction of old fish removed,Fishery,-0.03641849250141882,-0.012825100662664513,0.8841158841158842
Population fraction of old fish removed,Fishery,-0.03641849250141882,-0.017099471918786247,0.8841158841158842
Population fraction of old fish removed,Fishery,-0.03641849250141882,-0.01330381689470439,0.8841158841158842
Population fraction of old fish removed,Fishery,-0.03641849250141882,-0.010467877239807688,0.8841158841158842
Population fraction of old fish removed,Fishery,-0.03641849250141882,-0.016136294805381812,0.8841158841158842
Population fraction of old fish removed,Fishery,-0.03641849250141882,-0.008204816724252773,0.8841158841158842
Population fraction of old fish removed,Fishery,-0.03641849250141882,-0.015867863192043696,0.8841158841158842
Population fraction of old fish removed,Fishery,-0.03641849250141882,0.03477597920091391,0.8841158841158842
Population fraction of old fish removed,Fishery,-0.03641849250141882,-0.017820614289575154,0.8841158841158842
Population fraction of old fish removed,Fishery,-0.03641849250141882,0.012373999410391523,0.8841158841158842
Population fraction of old fish removed,Fishery,-0.03641849250141882,-0.015143158816700586,0.8841158841158842
Population fraction of old fish removed,Fishery,-0.03641849250141882,0.0034637815922186066,0.8841158841158842
Population fraction of old fish removed,Fishery,-0.03641849250141882,0.05518672199594332,0.8841158841158842
Population fraction of old fish removed,Fishery,-0.03641849250141882,-0.003308135057176864,0.8841158841158842
Population fraction of old fish removed,Fishery,-0.03641849250141882,-0.015915655522634298,0.8841158841158842
Population fraction of old fish removed,Fishery,-0.03641849250141882,-0.013265759144850175,0.8841158841158842
Population fraction of old fish removed,Fishery,-0.03641849250141882,-0.011322823629068335,0.8841158841158842
Population fraction of old fish removed,Fishery,-0.03641849250141882,-0.011160622834978762,0.8841158841158842
Population fraction of old fish removed,Fishery,-0.03641849250141882,-0.047082110938954536,0.8841158841158842
Population fraction of old fish removed,Fishery,-0.03641849250141882,-0.006029927734362506,0.8841158841158842
Population fraction of old fish removed,Fishery,-0.03641849250141882,-0.017170831602058012,0.8841158841158842
Population fraction of old fish removed,Fishery,-0.03641849250141882,-0.012254765178272065,0.8841158841158842
Population fraction of old fish removed,Fishery,-0.03641849250141882,-0.025346020718532092,0.8841158841158842
Population fraction of old fish removed,Fishery,-0.03641849250141882,0.0014440353915429194,0.8841158841158842
Population fraction of old fish removed,Fishery,-0.03641849250141882,-0.009956674574836955,0.8841158841158842
Population fraction of old fish removed,Fishery,-0.03641849250141882,-0.005656827888433469,0.8841158841158842
Population fraction of old fish removed,Fishery,-0.03641849250141882,-0.012039959897714114,0.8841158841158842
Population fraction of old fish removed,Fishery,-0.03641849250141882,-0.0394234189931113,0.8841158841158842
Population fraction of old fish removed,Fishery,-0.03641849250141882,-0.014620418224805753,0.8841158841158842
Population fraction of old fish removed,Fishery,-0.03641849250141882,-0.01550962609224249,0.8841158841158842
Population fraction of old fish removed,Fishery,-0.03641849250141882,-0.010533733331732353,0.8841158841158842
Population fraction of old fish removed,Fishery,-0.03641849250141882,-0.004543351588657707,0.8841158841158842
Population fraction of old fish removed,Fishery,-0.03641849250141882,-0.015088552361169016,0.8841158841158842
Population fraction of old fish removed,Fishery,-0.03641849250141882,-0.020817082177125412,0.8841158841158842
Population fraction of old fish removed,Fishery,-0.03641849250141882,-0.014340085301169925,0.8841158841158842
Population fraction of old fish removed,Fishery,-0.03641849250141882,-7.80974908137777e-4,0.8841158841158842
Population fraction of old fish removed,Fishery,-0.03641849250141882,0.07778216780592206,0.8841158841158842
Population fraction of old fish removed,Fishery,-0.03641849250141882,-0.02690317719982871,0.8841158841158842
Population fraction of old fish removed,Fishery,-0.03641849250141882,-0.018134271413603686,0.8841158841158842
Population fraction of old fish removed,Fishery,-0.03641849250141882,-0.011091096673050416,0.8841158841158842
Population fraction of old fish removed,Fishery,-0.03641849250141882,-0.04649448670028322,0.8841158841158842
Population fraction of old fish removed,Fishery,-0.03641849250141882,-0.012858725187091302,0.8841158841158842
Population fraction of old fish removed,Fishery,-0.03641849250141882,-0.009986137002157225,0.8841158841158842
Population fraction of old fish removed,Fishery,-0.03641849250141882,9.179994812307246e-4,0.8841158841158842
Population fraction of old fish removed,Fishery,-0.03641849250141882,-0.017650736662572886,0.8841158841158842
Population fraction of old fish removed,Fishery,-0.03641849250141882,-0.047245983349578635,0.8841158841158842
Population fraction of old fish removed,Fishery,-0.03641849250141882,-0.008260311743358617,0.8841158841158842
Population fraction of old fish removed,Fishery,-0.03641849250141882,-0.013941479759017827,0.8841158841158842
Population fraction of old fish removed,Fishery,-0.03641849250141882,0.060239707375201235,0.8841158841158842
Population fraction of old fish removed,Fishery,-0.03641849250141882,-0.010995995715809892,0.8841158841158842
Population fraction of old fish removed,Fishery,-0.03641849250141882,-0.02495374320566479,0.8841158841158842
Population fraction of old fish removed,Fishery,-0.03641849250141882,-0.0019104255264876802,0.8841158841158842
Population fraction of old fish removed,Fishery,-0.03641849250141882,-0.015549203377694942,0.8841158841158842
Population fraction of old fish removed,Fishery,-0.03641849250141882,0.0034637815922186066,0.8841158841158842
Population fraction of old fish removed,Fishery,-0.03641849250141882,-0.012471563971246713,0.8841158841158842
Population fraction of old fish removed,Fishery,-0.03641849250141882,0.006820512445506188,0.8841158841158842
Population fraction of old fish removed,Fishery,-0.03641849250141882,-0.023157138829920987,0.8841158841158842
Population fraction of old fish removed,Fishery,-0.03641849250141882,-0.019516100504711753,0.8841158841158842
Population fraction of old fish removed,Fishery,-0.03641849250141882,0.02762863822902606,0.8841158841158842
Population fraction of old fish removed,Fishery,-0.03641849250141882,-0.017170831602058012,0.8841158841158842
Population fraction of old fish removed,Fishery,-0.03641849250141882,-0.02364801945771755,0.8841158841158842
Population fraction of old fish removed,Fishery,-0.03641849250141882,-0.09666529257499246,0.8841158841158842
Population fraction of old fish removed,Fishery,-0.03641849250141882,-0.018049543360334486,0.8841158841158842
Population fraction of old fish removed,Fishery,-0.03641849250141882,-0.051548990604378675,0.8841158841158842
Population fraction of old fish removed,Fishery,-0.03641849250141882,-0.023124842031063686,0.8841158841158842
Population fraction of old fish removed,Fishery,-0.03641849250141882,-0.010642065596752293,0.8841158841158842
Population fraction of old fish removed,Fishery,-0.03641849250141882,-0.015832404163963254,0.8841158841158842
Population fraction of old fish removed,Fishery,-0.03641849250141882,0.010025193947287292,0.8841158841158842
Population fraction of old fish removed,Fishery,-0.03641849250141882,-0.009435726180308635,0.8841158841158842
Population fraction of old fish removed,Fishery,-0.03641849250141882,-0.047082110938954536,0.8841158841158842
Population fraction of old fish removed,Fishery,-0.03641849250141882,-0.0029072886449428292,0.8841158841158842
Population fraction of old fish removed,Fishery,-0.03641849250141882,-0.05683602409313049,0.8841158841158842
Population fraction of old fish removed,Fishery,-0.03641849250141882,-0.08682297517822724,0.8841158841158842
Population fraction of old fish removed,Fishery,-0.03641849250141882,-0.011156789472710482,0.8841158841158842
Population fraction of old fish removed,Fishery,-0.03641849250141882,-0.014887078866072212,0.8841158841158842
Population fraction of old fish removed,Fishery,-0.03641849250141882,-0.01802895057404119,0.8841158841158842
Population fraction of old fish removed,Fishery,-0.03641849250141882,0.00627289028069955,0.8841158841158842
Population fraction of old fish removed,Fishery,-0.03641849250141882,-0.014244626671393146,0.8841158841158842
Population fraction of old fish removed,Fishery,-0.03641849250141882,0.057212767440903756,0.8841158841158842
Population fraction of old fish removed,Fishery,-0.03641849250141882,-0.01372259040997581,0.8841158841158842
Population fraction of old fish removed,Fishery,-0.03641849250141882,-0.009399769806947678,0.8841158841158842
Population fraction of old fish removed,Fishery,-0.03641849250141882,-0.015257016916633503,0.8841158841158842
Population fraction of old fish removed,Fishery,-0.03641849250141882,-0.014492854587089266,0.8841158841158842
Population fraction of old fish removed,Fishery,-0.03641849250141882,-0.002961054280803177,0.8841158841158842
Population fraction of old fish removed,Fishery,-0.03641849250141882,-0.0182292296151223,0.8841158841158842
Population fraction of old fish removed,Fishery,-0.03641849250141882,-0.036943402403213144,0.8841158841158842
Population fraction of old fish removed,Fishery,-0.03641849250141882,-0.004791230075100739,0.8841158841158842
Population fraction of old fish removed,Fishery,-0.03641849250141882,-0.005893538604794024,0.8841158841158842
Population fraction of old fish removed,Fishery,-0.03641849250141882,-0.061847845950052216,0.8841158841158842
Population fraction of old fish removed,Fishery,-0.03641849250141882,-0.016548422412342,0.8841158841158842
Population fraction of old fish removed,Fishery,-0.03641849250141882,0.001366135657279055,0.8841158841158842
Population fraction of old fish removed,Fishery,-0.03641849250141882,-0.018121188604412364,0.8841158841158842
Population fraction of old fish removed,Fishery,-0.03641849250141882,-0.08028835732749307,0.8841158841158842
Population fraction of old fish removed,Fishery,-0.03641849250141882,-0.010314939613855323,0.8841158841158842
Population fraction of old fish removed,Fishery,-0.03641849250141882,-0.03938250142718225,0.8841158841158842
Population fraction of old fish removed,Fishery,-0.03641849250141882,-0.002408274163955948,0.8841158841158842
Population fraction of old fish removed,Fishery,-0.03641849250141882,-0.014340085301169925,0.8841158841158842
Population fraction of old fish removed,Fishery,-0.03641849250141882,-0.01328254346518909,0.8841158841158842
Population fraction of old fish removed,Fishery,-0.03641849250141882,-0.013445402522239691,0.8841158841158842
Population fraction of old fish removed,Fishery,-0.03641849250141882,-0.007738392013464823,0.8841158841158842
Population fraction of old fish removed,Fishery,-0.03641849250141882,0.014078108903302744,0.8841158841158842
Population fraction of old fish removed,Fishery,-0.03641849250141882,0.06380913940854083,0.8841158841158842
Population fraction of old fish removed,Fishery,-0.03641849250141882,-0.015584565293841335,0.8841158841158842
Population fraction of old fish removed,Fishery,-0.03641849250141882,-0.01567551378257037,0.8841158841158842
Population fraction of old fish removed,Fishery,-0.03641849250141882,-0.050144802274173284,0.8841158841158842
Population fraction of old fish removed,Fishery,-0.03641849250141882,1.2747433025828148e-4,0.8841158841158842
Population fraction of old fish removed,Fishery,-0.03641849250141882,-0.01643933247510332,0.8841158841158842
Population fraction of old fish removed,Fishery,-0.03641849250141882,-0.009399769806947678,0.8841158841158842
Population fraction of old fish removed,Fishery,-0.03641849250141882,-0.02851821532770704,0.8841158841158842
Population fraction of old fish removed,Fishery,-0.03641849250141882,-0.030691140766040625,0.8841158841158842
Population fraction of old fish removed,Fishery,-0.03641849250141882,-0.016578343698001152,0.8841158841158842
Population fraction of old fish removed,Fishery,-0.03641849250141882,-0.013941479759017827,0.8841158841158842
Population fraction of old fish removed,Fishery,-0.03641849250141882,-0.01378918383701655,0.8841158841158842
Population fraction of old fish removed,Fishery,-0.03641849250141882,-0.006333086604937366,0.8841158841158842
Population fraction of old fish removed,Fishery,-0.03641849250141882,-0.02343082672401886,0.8841158841158842
Population fraction of old fish removed,Fishery,-0.03641849250141882,-0.02266199864769214,0.8841158841158842
Population fraction of old fish removed,Fishery,-0.03641849250141882,1.8131069034033054e-5,0.8841158841158842
Population fraction of old fish removed,Fishery,-0.03641849250141882,-0.015030028047934962,0.8841158841158842
Population fraction of old fish removed,Fishery,-0.03641849250141882,-0.026594675270994905,0.8841158841158842
Population fraction of old fish removed,Fishery,-0.03641849250141882,-0.0556365136475625,0.8841158841158842
Population fraction of old fish removed,Fishery,-0.03641849250141882,-0.018662010656623762,0.8841158841158842
Population fraction of old fish removed,Fishery,-0.03641849250141882,-0.018446138675541457,0.8841158841158842
Population fraction of old fish removed,Fishery,-0.03641849250141882,-0.015797752078257066,0.8841158841158842
Population fraction of old fish removed,Fishery,-0.03641849250141882,-0.008428690182171517,0.8841158841158842
Population fraction of old fish removed,Fishery,-0.03641849250141882,-0.01728470983332575,0.8841158841158842
Population fraction of old fish removed,Fishery,-0.03641849250141882,-0.015459271276759168,0.8841158841158842
Population fraction of old fish removed,Fishery,-0.03641849250141882,-0.02366448511823216,0.8841158841158842
Population fraction of old fish removed,Fishery,-0.03641849250141882,-0.01435398533992216,0.8841158841158842
Population fraction of old fish removed,Fishery,-0.03641849250141882,-0.046484573480465086,0.8841158841158842
Population fraction of old fish removed,Fishery,-0.03641849250141882,0.012049771410380994,0.8841158841158842
Population fraction of old fish removed,Fishery,-0.03641849250141882,0.022013234142873372,0.8841158841158842
Population fraction of old fish removed,Fishery,-0.03641849250141882,-0.007232542062618252,0.8841158841158842
Population fraction of old fish removed,Fishery,-0.03641849250141882,-0.01765597397899965,0.8841158841158842
Population fraction of old fish removed,Fishery,-0.03641849250141882,0.001531254996174125,0.8841158841158842
Population fraction of old fish removed,Fishery,-0.03641849250141882,-0.015951451458300347,0.8841158841158842
Population fraction of old fish removed,Fishery,-0.03641849250141882,-0.017461787348982405,0.8841158841158842
Population fraction of old fish removed,Fishery,-0.03641849250141882,-0.0046747684779888665,0.8841158841158842
Population fraction of old fish removed,Fishery,-0.03641849250141882,-0.007817550677618579,0.8841158841158842
Population fraction of old fish removed,Fishery,-0.03641849250141882,0.010025193947287292,0.8841158841158842
Population fraction of old fish removed,Fishery,-0.03641849250141882,-0.012254765178272065,0.8841158841158842
Population fraction of old fish removed,Fishery,-0.03641849250141882,-0.01757211856108909,0.8841158841158842
Population fraction of old fish removed,Fishery,-0.03641849250141882,0.02935169507321167,0.8841158841158842
Population fraction of old fish removed,Fishery,-0.03641849250141882,-0.009260314630946898,0.8841158841158842
Population fraction of old fish removed,Fishery,-0.03641849250141882,-0.006475918717349538,0.8841158841158842
Population fraction of old fish removed,Fishery,-0.03641849250141882,-0.015436336312270704,0.8841158841158842
Population fraction of old fish removed,Fishery,-0.03641849250141882,-0.01567551378257037,0.8841158841158842
Population fraction of old fish removed,Fishery,-0.03641849250141882,-0.01425155975819492,0.8841158841158842
Population fraction of old fish removed,Fishery,-0.03641849250141882,-0.041529406615869124,0.8841158841158842
Population fraction of old fish removed,Fishery,-0.03641849250141882,0.07574401801360997,0.8841158841158842
Population fraction of old fish removed,Fishery,-0.03641849250141882,-0.016761882419952023,0.8841158841158842
Population fraction of old fish removed,Fishery,-0.03641849250141882,-0.009666640171213325,0.8841158841158842
Population fraction of old fish removed,Fishery,-0.03641849250141882,-0.024951596792789354,0.8841158841158842
Population fraction of old fish removed,Fishery,-0.03641849250141882,-0.01435398533992216,0.8841158841158842
Population fraction of old fish removed,Fishery,-0.03641849250141882,0.0452755864946508,0.8841158841158842
Population fraction of old fish removed,Fishery,-0.03641849250141882,-0.015836245548319194,0.8841158841158842
Population fraction of old fish removed,Fishery,-0.03641849250141882,0.04279573317573604,0.8841158841158842
Population fraction of old fish removed,Fishery,-0.03641849250141882,-0.003308135057176864,0.8841158841158842
Population fraction of old fish removed,Fishery,-0.03641849250141882,-0.04209770615505426,0.8841158841158842
Population fraction of old fish removed,Fishery,-0.03641849250141882,0.02684282303837826,0.8841158841158842
Population fraction of old fish removed,Fishery,-0.03641849250141882,-0.016236207161879568,0.8841158841158842
Population fraction of old fish removed,Fishery,-0.03641849250141882,0.007366989557060832,0.8841158841158842
Population fraction of old fish removed,Fishery,-0.03641849250141882,-0.01408413092506322,0.8841158841158842
Population fraction of old fish removed,Fishery,-0.03641849250141882,0.02374271319243426,0.8841158841158842
Population fraction of old fish removed,Fishery,-0.03641849250141882,-0.02578722303000136,0.8841158841158842
Population fraction of old fish removed,Fishery,-0.03641849250141882,-0.015490649260467837,0.8841158841158842
Population fraction of old fish removed,Fishery,-0.03641849250141882,0.030260412731618946,0.8841158841158842
Population fraction of old fish removed,Fishery,-0.03641849250141882,-0.006881347388944636,0.8841158841158842
Population fraction of old fish removed,Fishery,-0.03641849250141882,-0.004543351588657707,0.8841158841158842
Population fraction of old fish removed,Fishery,-0.03641849250141882,-0.017147837431735757,0.8841158841158842
Population fraction of old fish removed,Fishery,-0.03641849250141882,0.07011018970881089,0.8841158841158842
Population fraction of old fish removed,Fishery,-0.03641849250141882,-0.003164898724384191,0.8841158841158842
Population fraction of old fish removed,Fishery,-0.03641849250141882,-0.015786934263672725,0.8841158841158842
Population fraction of old fish removed,Fishery,-0.03641849250141882,-0.006115100441770549,0.8841158841158842
Population fraction of old fish removed,Fishery,-0.03641849250141882,-0.009878400803497778,0.8841158841158842
Population fraction of old fish removed,Fishery,-0.03641849250141882,-0.01636420229427804,0.8841158841158842
Population fraction of old fish removed,Fishery,-0.03641849250141882,-0.023052129461866633,0.8841158841158842
Population fraction of old fish removed,Fishery,-0.03641849250141882,-0.02481207387251283,0.8841158841158842
Population fraction of old fish removed,Fishery,-0.03641849250141882,-0.014256170900648346,0.8841158841158842
Population fraction of old fish removed,Fishery,-0.03641849250141882,-0.01656399928329444,0.8841158841158842
Population fraction of old fish removed,Fishery,-0.03641849250141882,-0.014834591228620964,0.8841158841158842
Population fraction of old fish removed,Fishery,-0.03641849250141882,-0.06384205535218412,0.8841158841158842
Population fraction of old fish removed,Fishery,-0.03641849250141882,-0.0373631599167592,0.8841158841158842
Population fraction of old fish removed,Fishery,-0.03641849250141882,0.05840748088327363,0.8841158841158842
Population fraction of old fish removed,Fishery,-0.03641849250141882,-0.015584565293841335,0.8841158841158842
Population fraction of old fish removed,Fishery,-0.03641849250141882,-0.02481207387251283,0.8841158841158842
Population fraction of old fish removed,Fishery,-0.03641849250141882,-0.0057288976382923185,0.8841158841158842
Population fraction of old fish removed,Fishery,-0.03641849250141882,-0.008077607999859904,0.8841158841158842
Population fraction of old fish removed,Fishery,-0.03641849250141882,-0.015867863192043696,0.8841158841158842
Population fraction of old fish removed,Fishery,-0.03641849250141882,-0.05062505137269824,0.8841158841158842
Population fraction of old fish removed,Fishery,-0.03641849250141882,-0.020339428405245386,0.8841158841158842
Population fraction of old fish removed,Fishery,-0.03641849250141882,-0.016548422412342,0.8841158841158842
Population fraction of old fish removed,Fishery,-0.03641849250141882,-0.005621817893186165,0.8841158841158842
Population fraction of old fish removed,Fishery,-0.03641849250141882,0.0016039076677044628,0.8841158841158842
Population fraction of old fish removed,Fishery,-0.03641849250141882,-0.01553392839161516,0.8841158841158842
Population fraction of old fish removed,Fishery,-0.03641849250141882,0.0035857355900156263,0.8841158841158842
Population fraction of old fish removed,Fishery,-0.03641849250141882,0.012049771410380994,0.8841158841158842
Population fraction of old fish removed,Fishery,-0.03641849250141882,0.010988441475759947,0.8841158841158842
Population fraction of old fish removed,Fishery,-0.03641849250141882,-0.07530811607241517,0.8841158841158842
Population fraction of old fish removed,Fishery,-0.03641849250141882,0.07366011731886835,0.8841158841158842
Population fraction of old fish removed,Fishery,-0.03641849250141882,-0.022816557487076672,0.8841158841158842
Population fraction of old fish removed,Fishery,-0.03641849250141882,0.023296458002664888,0.8841158841158842
Population fraction of old fish removed,Fishery,-0.03641849250141882,0.006122126746650025,0.8841158841158842
Population fraction of old fish removed,Fishery,-0.03641849250141882,-0.015525255390182569,0.8841158841158842
Population fraction of old fish removed,Fishery,-0.03641849250141882,-0.026594675270994905,0.8841158841158842
Population fraction of old fish removed,Fishery,-0.03641849250141882,-0.014486655347727417,0.8841158841158842
Population fraction of old fish removed,Fishery,-0.03641849250141882,-0.04209770615505426,0.8841158841158842
Population fraction of old fish removed,Fishery,-0.03641849250141882,-0.003308135057176864,0.8841158841158842
Population fraction of old fish removed,Fishery,-0.03641849250141882,-0.01553392839161516,0.8841158841158842
Population fraction of old fish removed,Fishery,-0.03641849250141882,-0.013445402522239691,0.8841158841158842
Population fraction of old fish removed,Fishery,-0.03641849250141882,-0.08842235688605671,0.8841158841158842
Population fraction of old fish removed,Fishery,-0.03641849250141882,-0.022037679781695463,0.8841158841158842
Population fraction of old fish removed,Fishery,-0.03641849250141882,-0.01767047445533665,0.8841158841158842
Population fraction of old fish removed,Fishery,-0.03641849250141882,-0.014608982701008077,0.8841158841158842
Population fraction of old fish removed,Fishery,-0.03641849250141882,0.0489950953733409,0.8841158841158842
Population fraction of old fish removed,Fishery,-0.03641849250141882,-0.07126697863605314,0.8841158841158842
Population fraction of old fish removed,Fishery,-0.03641849250141882,-0.00292829577591891,0.8841158841158842
Population fraction of old fish removed,Fishery,-0.03641849250141882,-0.006310602980969193,0.8841158841158842
Population fraction of old fish removed,Fishery,-0.03641849250141882,-0.02266199864769214,0.8841158841158842
Population fraction of old fish removed,Fishery,-0.03641849250141882,-0.01663265317579321,0.8841158841158842
Population fraction of old fish removed,Fishery,-0.03641849250141882,-0.018815805647841355,0.8841158841158842
Population fraction of old fish removed,Fishery,-0.03641849250141882,0.021702504477524087,0.8841158841158842
Population fraction of old fish removed,Fishery,-0.03641849250141882,-0.0819881639537805,0.8841158841158842
Population fraction of old fish removed,Fishery,-0.03641849250141882,-0.007006645051050198,0.8841158841158842
Population fraction of old fish removed,Fishery,-0.03641849250141882,-0.012225601412628295,0.8841158841158842
Population fraction of old fish removed,Fishery,-0.03641849250141882,-0.02454994521598275,0.8841158841158842
Population fraction of old fish removed,Fishery,-0.03641849250141882,0.07154691809602465,0.8841158841158842
Population fraction of old fish removed,Fishery,-0.03641849250141882,-0.01647741076938236,0.8841158841158842
Population fraction of old fish removed,Fishery,-0.03641849250141882,0.021637650250123985,0.8841158841158842
Population fraction of old fish removed,Fishery,-0.03641849250141882,-0.024951596792789354,0.8841158841158842
Population fraction of old fish removed,Fishery,-0.03641849250141882,-0.02178859145480283,0.8841158841158842
Population fraction of old fish removed,Fishery,-0.03641849250141882,-0.020215675051630466,0.8841158841158842
Population fraction of old fish removed,Fishery,-0.03641849250141882,0.0309155827291987,0.8841158841158842
Population fraction of old fish removed,Fishery,-0.03641849250141882,-0.013604579445001486,0.8841158841158842
Population fraction of old fish removed,Fishery,-0.03641849250141882,-0.005558421549256787,0.8841158841158842
Population fraction of old fish removed,Fishery,-0.03641849250141882,-0.0044213471854568365,0.8841158841158842
Population fraction of old fish removed,Fishery,-0.03641849250141882,-0.014779320210646985,0.8841158841158842
Population fraction of old fish removed,Fishery,-0.03641849250141882,-0.01444303057507601,0.8841158841158842
Population fraction of old fish removed,Fishery,-0.03641849250141882,0.05951052085088948,0.8841158841158842
Population fraction of old fish removed,Fishery,-0.03641849250141882,0.07098009152712625,0.8841158841158842
Population fraction of old fish removed,Fishery,-0.03641849250141882,-0.08028835732749307,0.8841158841158842
Population fraction of old fish removed,Fishery,-0.03641849250141882,-0.015459271276759168,0.8841158841158842
Population fraction of old fish removed,Fishery,-0.03641849250141882,-0.012838458904600447,0.8841158841158842
Population fraction of old fish removed,Fishery,-0.03641849250141882,-0.046172460090615486,0.8841158841158842
Population fraction of old fish removed,Fishery,-0.03641849250141882,-0.003952232461619687,0.8841158841158842
Population fraction of old fish removed,Fishery,-0.03641849250141882,-0.08882475648608557,0.8841158841158842
Population fraction of old fish removed,Fishery,-0.03641849250141882,-0.011813306567336701,0.8841158841158842
Population fraction of old fish removed,Fishery,-0.03641849250141882,-0.006861254994352972,0.8841158841158842
Population fraction of old fish removed,Fishery,-0.03641849250141882,-0.005689909857206521,0.8841158841158842
Population fraction of old fish removed,Fishery,-0.03641849250141882,-0.04649448670028322,0.8841158841158842
Population fraction of old fish removed,Fishery,-0.03641849250141882,0.07154691809602465,0.8841158841158842
Population fraction of old fish removed,Fishery,-0.03641849250141882,-0.033940173786624284,0.8841158841158842
Population fraction of old fish removed,Fishery,-0.03641849250141882,-0.014394052751542485,0.8841158841158842
Population fraction of old fish removed,Fishery,-0.03641849250141882,-0.004233195984752802,0.8841158841158842
Population fraction of old fish removed,Fishery,-0.03641849250141882,-0.036131194628645114,0.8841158841158842
Population fraction of old fish removed,Fishery,-0.03641849250141882,-0.016262906591685722,0.8841158841158842
Population fraction of old fish removed,Fishery,-0.03641849250141882,-0.0602631990028859,0.8841158841158842
Population fraction of old fish removed,Fishery,-0.03641849250141882,-0.011322823629068335,0.8841158841158842
Population fraction of old fish removed,Fishery,-0.03641849250141882,-0.014014143778191324,0.8841158841158842
Population fraction of old fish removed,Fishery,-0.03641849250141882,-0.01395429115948632,0.8841158841158842
Population fraction of old fish removed,Fishery,-0.03641849250141882,-0.03733962569798477,0.8841158841158842
Population fraction of old fish removed,Fishery,-0.03641849250141882,-0.01767047445533665,0.8841158841158842
Population fraction of old fish removed,Fishery,-0.03641849250141882,-0.014170569031187297,0.8841158841158842
Population fraction of old fish removed,Fishery,-0.03641849250141882,-0.021551438263283096,0.8841158841158842
Population fraction of old fish removed,Fishery,-0.03641849250141882,-0.032129388429863015,0.8841158841158842
Population fraction of old fish removed,Fishery,-0.03641849250141882,-0.045532601766343106,0.8841158841158842
Population fraction of old fish removed,Fishery,-0.03641849250141882,-0.018134271413603686,0.8841158841158842
Population fraction of old fish removed,Fishery,-0.03641849250141882,-0.037312467764731405,0.8841158841158842
Population fraction of old fish removed,Fishery,-0.03641849250141882,-0.015386833658863841,0.8841158841158842
