StatisticalArea,Section,LocationCode,Year,spawn_bio_sum,spawn_bio,n_records
13,132,760,1959,22.833184304006995,22.833184304006995,1
13,132,761,1956,103.809887108928,103.809887108928,1
13,132,761,1958,25.64553622176,25.64553622176,1
13,132,761,1962,945.0924526268818,945.0924526268818,1
13,132,761,1971,295.429242060162,166.63792279264197,2
13,132,761,1974,667.1598587720009,667.1598587720009,1
13,132,762,1983,47.66866807499999,47.66866807499999,1
13,132,766,1951,77.21842774464,77.21842774464,1
13,132,766,1953,33.449218078815,33.449218078815,1
13,132,766,1955,69.331106563362,55.343251730403,2
13,132,766,1956,564.7656307091399,261.51206861618994,6
13,132,766,1957,152.650067959683,152.650067959683,1
13,132,766,1958,562.7219142363209,284.78932038143995,2
13,132,766,1963,304.986623299974,194.61363245856,4
13,132,766,1974,604.9636732485359,444.5705166475229,5
13,132,766,1976,1271.260226581443,333.27584558528395,7
13,132,766,1977,194.61363245855998,166.63792279264197,2
13,132,766,1982,505.69154684999995,236.9562174,5
13,132,766,1983,1330.4013307199998,1330.4013307199998,1
13,132,766,1984,80.10474085899935,40.79625209648819,3
13,132,766,1985,74.20569975,74.20569975,1
13,132,766,1986,23.24676942,16.599265199999998,2
13,132,766,1987,77.67636912,77.67636912,1
13,132,766,1991,10.27463535,6.8497569,2
13,132,766,1992,121.48629884999998,121.48629884999998,1
13,132,766,1996,153.53466974999998,123.10552799999998,2
13,132,766,1999,20.7490815,20.7490815,1
13,132,766,2000,7.1851161375,7.1851161375,1
13,132,766,2004,190.5177336042401,62.77877527962347,6
13,132,798,1951,625.409491937454,492.1083724963141,6
13,132,798,1960,10.947016825794,10.947016825794,1
13,132,798,1968,55.343251730403,55.343251730403,1
13,132,798,1975,2185.4393496193234,984.2167449926282,3
13,132,798,1976,1751.812630089417,1279.2664037759762,2
13,132,798,1977,894.2137767235258,555.8651877097619,4
13,132,798,1978,7.60911514272,7.60911514272,1
13,132,799,1964,3358.096459259661,1968.4334899852563,2
13,132,799,1967,1507.230185400891,1111.730375419524,4
13,132,799,1969,263.85505698799795,76.668010884738,5
13,132,799,1971,5492.074771899703,4923.023443377228,5
13,132,799,1978,111.294671062239,111.294671062239,1
13,132,800,1951,24.51825990432,15.5000493648,2
13,132,800,1952,2032.9660468667337,2032.9660468667337,1
13,132,800,1953,2049.2988972418625,1181.2754587055942,2
13,132,800,1954,267.26841433744204,172.29177155232003,3
13,132,800,1955,9.691412149818,9.691412149818,1
13,132,800,1959,1127.542733056782,1127.542733056782,1
13,132,800,1964,444.5705166475229,444.5705166475229,1
13,132,800,1966,103.14578304576,103.14578304576,1
13,132,800,1971,111.294671062239,111.294671062239,1
13,132,800,1972,19.382824299636003,19.382824299636003,1
13,132,800,1976,8.514346420062,8.514346420062,1
13,132,800,1977,787.1580312796622,787.1580312796622,1
13,132,800,1979,254.43320615999994,227.40993323999996,3
13,132,800,1980,177.36744808125002,172.27892784375,2
13,132,1660,1982,133.82730899999993,133.82730899999993,1
13,135,771,1971,119.30042804992,119.30042804992,1
13,135,771,2020,1080.4861821672782,1080.4861821672782,1
13,135,789,1976,76.52854085617601,76.52854085617601,1
13,135,791,1954,514.902364607952,514.902364607952,1
13,135,791,1955,85.50385981628399,85.50385981628399,1
13,135,791,1956,35.276665697195995,35.276665697195995,1
13,135,791,1981,283.04125647800004,154.183085526,3
13,135,791,1982,2709.437997,2709.437997,1
13,135,791,1983,4025.33117243,4025.33117243,1
13,135,791,1993,520.1839113462713,520.1839113462713,1
13,135,795,1969,85.50385981628399,85.50385981628399,1
13,135,795,2015,1483.2229691748998,1483.2229691748998,1
13,135,796,1965,9427.983500694554,9427.983500694554,1
13,135,796,2015,9300.987810005272,7849.196820576512,2
13,135,802,1961,6269.030249387328,3435.1880383333437,3
13,135,802,1962,30.04280852352,30.04280852352,1
13,135,802,1972,601.34582727936,343.894644975384,2
13,135,803,1954,124.02757687636799,85.50385981628399,3
13,135,803,1955,1301.559429752332,429.398504791668,8
13,135,803,1956,171.947322487692,171.947322487692,1
13,135,803,1959,1256.7270525456638,1256.7270525456638,1
13,135,803,1960,8845.421278137334,8845.421278137334,1
13,135,803,1964,5281.507648652003,5152.782057500015,2
13,135,803,1965,1202.69165455872,773.293149767052,2
13,135,803,1966,198.97918109056005,198.97918109056005,1
13,135,803,1968,44.144024287748,44.144024287748,1
13,135,803,1969,210.47103954777592,210.47103954777592,1
13,135,803,1978,696.644835328,696.644835328,1
13,135,803,1979,1280.85214102,1280.85214102,1
13,135,803,1980,3895.6170190999997,2983.948028032,2
13,135,803,1981,324.99979322599995,273.25393653,3
13,135,803,1982,3696.223810824,3696.223810824,1
13,135,803,1983,2253.9126461,1165.4738496000002,4
13,135,803,1993,520.1839113462713,520.1839113462713,1
13,135,803,2015,2424.380348430491,2424.380348430491,1
13,135,804,1951,449.28030357070406,151.393417780696,5
13,135,804,1960,4466.825754125345,2736.727167574121,6
13,135,804,1961,772.94531360268,455.84391727374407,3
13,135,804,1962,282.820459392324,257.451182303976,2
13,135,804,1963,86.44346267140799,43.22173133570399,2
13,135,804,1964,646.9531187889801,397.9583621811201,3
13,135,804,1965,429.398504791668,429.398504791668,1
13,135,804,1966,254.79072883267594,215.16905382339596,2
13,135,804,1967,17.541948516092,17.541948516092,1
13,135,804,1969,66.72010632159999,43.22173133570399,3
13,135,804,1970,370.920833537728,251.620405487808,2
13,135,804,1971,4222.867470437336,2061.488664142056,4
13,135,804,1972,4977.718325910604,3345.628166560217,3
13,135,804,1973,1460.142836862696,1460.142836862696,1
13,135,804,1974,125.12553482556399,85.50385981628399,2
13,135,804,1975,1306.738254567848,807.6726059583999,4
13,135,804,1976,923.54768948184,304.4504994930481,7
13,135,804,1977,2217.416803993412,1373.6993741912877,9
13,135,804,1978,611.464834489996,240.53833091174397,3
13,135,804,1979,32.277214259999994,32.277214259999994,1
13,135,804,1980,28.950136038000004,11.54044152,4
13,135,804,1982,711.5607209279999,231.90815200000003,7
13,135,805,1952,17.541948516092,17.541948516092,1
13,135,805,1960,3497.0215843409123,3497.0215843409123,1
13,135,805,1961,1116.2481918873118,858.7970095833359,2
13,135,805,1962,16.109911816959997,16.109911816959997,1
13,135,805,1965,1288.1955143750038,1288.1955143750038,1
13,135,805,1966,20.02853901568,20.02853901568,1
13,135,805,1969,64.83259700355599,64.83259700355599,1
13,135,805,1971,43.09151097949599,39.62167500928,2
13,135,805,1972,429.398504791668,429.398504791668,1
13,135,805,1975,476.403492021264,476.403492021264,1
13,135,805,1978,469.79986082432,469.79986082432,1
13,135,805,1979,511.0762149199999,410.32680959999993,4
13,135,805,1980,3566.6188475360004,1166.3409424319998,9
13,135,805,1981,260.56685408,174.02822736,2
13,135,806,1961,159.35750608128,159.35750608128,1
13,135,806,1969,176.190559820968,176.190559820968,1
13,135,806,1971,79.67875304064,79.67875304064,1
13,135,806,1972,601.3458272793599,601.3458272793599,1
13,135,806,1975,1717.5940191666718,1717.5940191666718,1
13,135,806,1980,111.914381852,111.914381852,1
13,135,806,1983,7077.6928664,6690.154058,2
13,135,806,2016,57.56625331455601,57.56625331455601,1
13,135,807,1968,99.70729205632,99.70729205632,1
13,135,807,1969,514.902364607952,514.902364607952,1
13,135,808,1971,171.947322487692,171.947322487692,1
13,135,1470,1976,20.02853901568,20.02853901568,1
13,135,1470,1978,318.27960914048,318.27960914048,1
13,135,1470,1979,359.29346736,260.56685408,5
13,135,1470,1980,54.50754291,37.196880629999995,2
13,135,1801,1987,3989.0304520055997,3366.4476768,3
13,135,1831,2002,1253.3384366400003,218.7240016,13
13,135,1991,2002,5891.300367028229,1570.9891004142291,10
13,135,3095,2015,594.0740168627578,594.0740168627578,1
14,141,815,1955,6844.141162155024,6844.141162155024,1
14,141,815,1959,403.66035244288,403.66035244288,1
14,141,815,1983,1311.2614476,1311.2614476,1
14,141,815,1989,55.31779581250001,55.31779581250001,1
14,141,815,1990,1072.457963843891,1072.457963843891,1
14,141,815,1999,9476.027473830827,9476.027473830827,1
14,141,815,2000,54.78780258454902,54.78780258454902,1
14,141,815,2001,8981.64204402122,8981.64204402122,1
14,141,815,2002,9559.788306240976,9559.788306240976,1
14,141,815,2004,3374.94806831767,3374.94806831767,1
14,141,815,2005,587.4795948524566,587.4795948524566,2
14,141,815,2008,386.9470027612479,386.9470027612479,1
14,141,815,2011,32.403113133939414,26.897728403403097,2
14,141,815,2012,3118.349746017277,3118.349746017277,1
14,141,815,2013,4642.313234975112,4642.313234975112,1
14,141,815,2014,11058.423410029813,11058.423410029813,1
14,141,815,2015,7074.500982180955,7074.500982180955,1
14,141,815,2016,5489.380872958978,5489.380872958978,1
14,141,815,2017,4327.105533925424,4327.105533925424,1
14,141,815,2018,1253.2687277689138,1253.2687277689138,1
14,141,815,2019,888.2031971828627,888.2031971828627,1
14,141,815,2020,4042.555042202643,4042.555042202643,1
14,141,815,2021,4986.316714623711,4986.316714623711,1
14,141,815,2022,9585.510594710402,9585.510594710402,1
14,141,815,2023,8293.776066483251,8293.776066483251,1
14,141,815,2024,184.46253465234668,184.46253465234668,1
14,141,815,2025,2395.8419266368937,2395.8419266368937,1
14,141,821,2002,1341.191957166924,1341.191957166924,1
14,141,821,2015,2308.147919941441,2308.147919941441,1
14,141,821,2020,2503.5049452243184,2503.5049452243184,1
14,141,1627,1990,900.0339810009984,900.0339810009984,1
14,141,1627,1992,3601.4074179854265,3601.4074179854265,1
14,141,1627,1994,2230.0411302027865,2230.0411302027865,1
14,141,1627,2001,8399.338608461678,8399.338608461678,1
14,141,1627,2002,10409.96616265803,10409.96616265803,1
14,141,1627,2010,96.5740520497344,96.5740520497344,1
14,141,1627,2012,1252.0951126461955,1252.0951126461955,1
14,141,1627,2014,12670.625544340865,12670.625544340865,1
14,141,1627,2015,10654.06168102868,10654.06168102868,1
14,141,1627,2016,3967.3559276582023,3967.3559276582023,1
14,141,1627,2017,8562.139673540638,8562.139673540638,1
14,141,1627,2020,5041.33322240888,5041.33322240888,1
14,141,1627,2021,6230.0334888737125,6230.0334888737125,1
14,141,1627,2022,1118.6071184265638,1118.6071184265638,1
14,141,1627,2023,4285.724402807907,4285.724402807907,1
14,141,1627,2025,3862.331819241924,3862.331819241924,1
14,141,1712,1983,222.860505,222.860505,1
14,141,1712,2002,3415.2617390827486,3415.2617390827486,1
14,141,1712,2020,1879.5579423351169,1879.5579423351169,1
14,141,1712,2021,393.4848196850811,393.4848196850811,1
14,141,1854,1990,2371.878464440598,2371.878464440598,1
14,141,1854,1999,681.1385225753811,681.1385225753811,1
14,141,1854,2000,0.00317578088050924,0.00317578088050924,1
14,141,1854,2001,1843.9555901556605,1843.9555901556605,1
14,141,1854,2002,1880.122901697152,1880.122901697152,1
14,141,1854,2010,3.452765768317703,3.452765768317703,1
14,141,1854,2012,55.66755173987001,55.66755173987001,1
14,141,1854,2014,1863.6804998120201,1814.7560742625628,2
14,141,1854,2015,3120.4055848220937,3120.4055848220937,1
14,141,1854,2016,2101.9935592821553,2101.9935592821553,1
14,141,1854,2017,2850.2285355948848,2850.2285355948848,1
14,141,1854,2018,60.39152419272063,60.39152419272063,1
14,141,1854,2019,0.1305520731931614,0.1305520731931614,1
14,141,1854,2020,60.158239084410134,38.704445879963714,2
14,141,1854,2021,2262.9841201530635,2262.9841201530635,1
14,141,1854,2022,2553.193128736005,2198.6081706933724,2
14,141,1854,2023,2667.9321593084737,2667.9321593084737,1
14,141,1854,2025,2077.438277539384,2077.438277539384,1
14,141,1975,2000,157.30064802715268,157.30064802715268,1
14,141,1975,2001,1568.251450826663,1568.251450826663,1
14,141,1990,2002,2696.0601422152113,2696.0601422152113,1
14,141,1990,2015,16.40242860915872,16.40242860915872,1
14,141,1990,2020,25.05914258846154,25.05914258846154,1
14,142,811,1951,5061.686117104944,5061.686117104944,1
14,142,811,1953,10560.687515024256,10560.687515024256,1
14,142,811,1954,1526.603628054564,1240.938617552892,2
14,142,811,1955,660.042969689016,660.042969689016,1
14,142,811,1958,476.4558751797959,476.4558751797959,1
14,142,811,1959,1994.2341719012636,1905.8235007191836,2
14,142,811,1977,2285.886907857816,1519.2442284381364,2
14,142,811,1979,3760.2487376172,3760.2487376172,1
14,142,811,1980,6371.59110336,6371.59110336,1
14,142,811,1981,5758.922201435999,3374.331720623999,5
14,142,812,1978,494.19248797926,494.19248797926,1
14,142,812,1981,339.56535690000004,221.246634,3
14,142,812,1984,1531.8042199232682,1531.8042199232682,1
14,142,812,1987,6841.4402051909055,6841.4402051909055,1
14,142,812,1988,2584.9070018966636,2584.9070018966636,1
14,142,812,1989,804.3886176284468,804.3886176284468,1
14,142,812,1991,2726.1443406659387,2726.1443406659387,1
14,142,812,1992,2963.505645563188,2199.1207168173964,2
14,142,812,1993,35.890762936482844,35.890762936482844,1
14,142,812,1995,803.8922041940706,803.8922041940706,1
14,142,812,1996,1954.9432580324235,1954.9432580324235,1
14,142,812,1997,1683.9078473261116,1683.9078473261116,1
14,142,812,1998,869.9034811917401,869.9034811917401,1
14,142,812,1999,529.5795641230768,529.5795641230768,1
14,142,812,2000,1878.443870808728,1878.443870808728,1
14,142,812,2003,1555.5198082884408,1555.5198082884408,1
14,142,812,2004,1592.824233183941,1592.824233183941,1
14,142,812,2005,1915.9303279993048,1915.9303279993048,1
14,142,812,2006,720.9569719159999,720.9569719159999,1
14,142,812,2007,526.334990689553,526.334990689553,1
14,142,812,2008,1228.9143961118814,1228.9143961118814,1
14,142,812,2010,1348.8569099243005,1348.8569099243005,1
14,142,812,2011,343.53277616872725,343.53277616872725,1
14,142,812,2013,516.7413767518377,516.7413767518377,1
14,142,812,2014,1145.0745340524854,1145.0745340524854,1
14,142,812,2016,945.3692882334144,945.3692882334144,1
14,142,812,2018,102.45893557695187,102.45893557695187,1
14,142,813,1951,6748.914822806593,6748.914822806593,1
14,142,813,1965,1238.576760861264,1238.576760861264,1
14,142,813,1975,9400.889131954558,6972.252825767038,3
14,142,813,1977,618.3915798528,618.3915798528,1
14,142,813,1979,33.45195672,33.45195672,1
14,142,813,1981,2068.6346110517024,976.5965491199998,6
14,142,813,1982,4544.161181244,2722.834320444,4
14,142,814,1954,22015.17028917909,22015.17028917909,1
14,142,814,1959,12476.868938506308,12476.868938506308,1
14,142,814,1982,26610.82046873652,11076.677328196,8
14,142,814,1983,1124.2753897500002,1124.2753897500002,1
14,142,814,1988,4856.538062640992,4856.538062640992,1
14,142,814,1989,1329.7316785664902,1329.7316785664902,1
14,142,814,1990,10656.85840274892,10656.85840274892,1
14,142,814,1991,12379.466615609306,12379.466615609306,1
14,142,814,1992,13406.787343472151,13406.787343472151,1
14,142,814,1993,1797.8607424786835,1797.8607424786835,1
14,142,814,1994,12064.97933965707,12064.97933965707,1
14,142,814,1999,6476.94601066212,6476.94601066212,1
14,142,814,2000,1495.6077852977396,1495.6077852977396,1
14,142,814,2001,11388.46801492627,11388.46801492627,1
14,142,814,2002,34729.13427583634,34729.13427583634,1
14,142,814,2003,10000.586417171398,10000.586417171398,1
14,142,814,2004,7935.784341907999,7935.784341907999,1
14,142,814,2008,178.85105471502422,178.85105471502422,1
14,142,814,2011,2690.932923756916,2690.932923756916,1
14,142,814,2012,9886.30252730327,9886.30252730327,1
14,142,814,2013,6328.171970271433,6328.171970271433,1
14,142,814,2014,21461.89232273295,21461.89232273295,1
14,142,814,2015,14836.875687184694,14836.875687184694,1
14,142,814,2016,4149.686934698989,4149.686934698989,1
14,142,814,2017,6502.198674005624,6502.198674005624,1
14,142,814,2018,1294.879614860051,1294.879614860051,1
14,142,814,2019,5531.2315274340835,5531.2315274340835,1
14,142,814,2020,5093.618549178739,5093.618549178739,1
14,142,814,2021,6404.629371020242,6404.629371020242,1
14,142,814,2022,20532.22828537076,20532.22828537076,1
14,142,814,2023,5622.753591027881,5622.753591027881,1
14,142,814,2024,467.6745954971139,467.6745954971139,1
14,142,814,2025,5125.2527556422165,5125.2527556422165,1
14,142,817,1954,56.42765639539199,56.42765639539199,1
14,142,817,1955,1282.676907030528,1282.676907030528,1
14,142,817,1956,112.85531279078398,112.85531279078398,1
14,142,817,1957,677.955638151936,677.955638151936,1
14,142,817,1958,27.040426434559997,27.040426434559997,1
14,142,817,1959,87.22375061504002,87.22375061504002,1
14,142,817,1960,34.927672565760005,34.927672565760005,1
14,142,817,1962,356.43310947072,333.27974433612803,2
14,142,817,1967,376.45896310502394,376.45896310502394,1
14,142,817,1974,452.39867076608004,365.17492015104006,2
14,142,817,1975,1999.678466016768,1999.678466016768,1
14,142,817,1977,296.59892441088,296.59892441088,1
14,142,817,1979,552.142755902734,376.2055839057201,2
14,142,817,1980,1303.47031008,1184.44816864,2
14,142,817,1982,331.61087999999995,331.61087999999995,1
14,142,818,1951,567.8032924786319,567.8032924786319,1
14,142,818,1952,525.349056270024,525.349056270024,1
14,142,818,1953,4591.7804125896355,4591.7804125896355,1
14,142,818,1954,87.86492629824001,87.86492629824001,1
14,142,818,1955,22.086265626880003,22.086265626880003,1
14,142,818,2001,2463.095753926769,2463.095753926769,1
14,142,818,2004,947.0671592495976,947.0671592495976,1
14,142,818,2009,522.7987964136231,522.7987964136231,1
14,142,818,2013,2884.7552989615597,2884.7552989615597,1
14,142,818,2015,185.32575769788417,185.32575769788417,1
14,142,818,2019,576.6110597154182,576.6110597154182,1
14,142,818,2020,536.5431332912949,536.5431332912949,1
14,142,818,2022,2912.106125484358,2912.106125484358,1
14,142,820,1952,1027.0544629248002,1027.0544629248002,1
14,142,820,1953,741.3852665087999,741.3852665087999,1
14,142,820,1954,766.66900879584,619.5862892822399,2
14,142,820,1955,3817.5516105386405,2250.0484927725606,4
14,142,820,1956,1811.34706108032,1549.3895168371198,3
14,142,820,1959,1929.1227014235599,1874.69856189072,2
14,142,820,1960,3493.778068422719,3493.778068422719,1
14,142,820,1961,1075.411490769,651.6637144063201,5
14,142,820,1962,1945.2374888616,741.3852665087999,8
14,142,820,1963,1877.6653264908002,634.8111344481599,6
14,142,820,1964,5977.6139435349605,3176.3725011986403,5
14,142,820,1965,1890.69174259596,1270.78068337524,4
14,142,820,1966,325.83185720316,217.22123813544,2
14,142,820,1967,1471.9007916288,1471.9007916288,1
14,142,820,1977,195.59417832107997,195.59417832107997,1
14,142,820,1978,6561.444966617521,6561.444966617521,1
14,142,820,1979,3267.927579798,3267.927579798,1
14,142,820,1981,535.4898276105828,394.4757855698006,2
14,142,820,1982,362.22379515251976,199.23019473222257,3
14,142,826,1951,5624.0956856721605,5624.0956856721605,1
14,142,826,1952,293.67338549256,293.67338549256,1
14,142,826,1953,43.49177962668,43.49177962668,1
14,142,826,1955,464.47782014592,232.23891007296,2
14,142,826,1956,108.61061906772,108.61061906772,1
14,142,826,1960,3936.04654296312,3936.04654296312,1
14,142,826,1961,6748.0943857992015,6748.0943857992015,1
14,142,826,1962,6561.444966617521,6561.444966617521,1
14,142,826,1964,8052.84972926316,3749.39712378144,4
14,142,826,1965,8383.199727537,2117.58166746576,5
14,142,826,1976,14.4935526528,14.4935526528,1
14,142,826,1977,3917.75776770744,3917.75776770744,1
14,142,826,1978,8436.14352850824,8436.14352850824,1
14,142,826,1980,2713.02107013,1646.68483413,2
14,142,826,1981,6784.56135684,4164.69283704,2
14,142,826,1988,2269.823499902151,2269.823499902151,1
14,142,826,2001,2312.9881798599004,2312.9881798599004,1
14,142,826,2004,439.5140046142314,439.5140046142314,1
14,142,826,2009,8.814209721711538,8.814209721711538,1
14,142,826,2013,1501.544159704774,1501.544159704774,1
14,142,826,2019,553.9711586866518,553.9711586866518,1
14,142,826,2020,59.71103792121386,59.71103792121386,1
14,142,826,2021,0.17703655211732625,0.17703655211732625,1
14,142,826,2022,2337.6378831993957,2337.6378831993957,1
14,142,827,1952,2498.4525777638423,2220.9807607533144,2
14,142,827,1953,757.4164357698538,757.4164357698538,1
14,142,827,1956,567.8032924786319,567.8032924786319,1
14,142,827,1959,3633.847597547706,2367.5739476526896,3
14,142,827,1960,7249.214184928548,6371.525194364708,2
14,142,827,1961,6687.989888620489,6120.186596141857,2
14,142,827,1962,6750.947249809057,6707.254854764577,2
14,142,827,1963,409.035390932182,189.613143291222,3
14,142,827,1964,438.8444952819201,438.8444952819201,1
14,142,827,1965,3171.6165661990735,1041.3180820091698,5
14,142,827,1971,384.094835175016,155.391348999502,4
14,142,827,1972,219.42224764096005,219.42224764096005,1
14,142,827,1974,252.537513832296,252.537513832296,1
14,142,827,1975,993.8006344608441,614.5743478784001,2
14,142,827,1976,415.449605797184,415.449605797184,1
14,142,827,1977,5500.508981670947,3788.118316244303,3
14,142,827,1978,949.658394329904,949.658394329904,1
14,142,827,1981,779.0370504839998,779.0370504839998,1
14,142,828,1956,567.8032924786319,567.8032924786319,1
14,142,828,1960,473.51478953053794,473.51478953053794,1
14,142,828,1964,1230.9312253003918,1230.9312253003918,1
14,142,828,1965,482.53689032640006,263.11464268544,2
14,142,828,1975,947.029579061076,947.029579061076,1
14,142,828,1976,43.69239504448,43.69239504448,1
14,142,828,1977,1372.8820484200498,1372.8820484200498,1
14,142,828,1978,438.8444952819201,438.8444952819201,1
14,142,829,1965,466.73749753856,466.73749753856,1
14,142,829,2003,62.47894561724123,62.47894561724123,1
14,142,830,1957,173.288467179212,173.288467179212,1
14,142,830,1960,1849.253569459912,617.2611093682879,3
14,142,830,1977,982.811233563852,982.811233563852,1
14,142,830,1978,9355.329245706618,9355.329245706618,1
14,142,830,1980,1086.362176668,1086.362176668,1
14,142,830,1984,7521.5632188,4997.4209868,2
14,142,830,2001,1614.4648545134423,1614.4648545134423,1
14,142,830,2004,2454.9111040005623,2454.9111040005623,1
14,142,830,2006,1.3174783417910505,1.3174783417910505,1
14,142,830,2012,270.94898619278393,270.94898619278393,1
14,142,830,2013,1183.97683604694,1155.2921724315804,2
14,142,830,2016,4457.050901602086,4457.050901602086,1
14,142,830,2019,84.45351708122341,84.45351708122341,1
14,142,830,2022,2148.9376146748514,2057.150403275405,2
14,142,833,1956,126.765906964326,87.86492629824001,2
14,142,833,1958,663.1279328217599,283.90164623931594,3
14,142,833,1964,1749.917808157694,947.029579061076,5
14,142,833,1977,3599.541310348116,2652.51173128704,2
14,142,833,1980,700.46939277,700.46939277,1
14,142,836,1961,174.44750123008004,174.44750123008004,1
14,142,836,1996,144.2075760928819,144.2075760928819,1
14,142,836,1998,703.9249249143494,703.9249249143494,1
14,142,836,1999,760.7238414381577,760.7238414381577,1
14,142,836,2003,806.8973744184923,806.8973744184923,1
14,142,836,2006,360.41940630137344,360.41940630137344,1
14,142,836,2008,1510.374188967936,1510.374188967936,1
14,142,836,2025,2628.219914546852,2628.219914546852,1
14,142,837,1951,9279.757881359066,9279.757881359066,1
14,142,837,1952,13860.902363469337,13860.902363469337,1
14,142,837,1953,16872.287057016485,13497.829645613188,2
14,142,837,1954,4699.168123869216,3374.4574114032966,2
14,142,837,1955,47.958359427287995,47.958359427287995,1
14,142,837,1959,952.9117503595918,952.9117503595918,1
14,142,837,1977,7919.422184455416,2668.98695943168,6
14,142,837,1978,3811.647001438367,1905.8235007191836,2
14,142,837,1979,5804.224906285648,3825.293687584048,3
14,142,837,1980,12031.196467708798,7783.7795344512,2
14,142,837,1981,3235.708251936,1740.351589776,2
14,142,837,1982,2569.2685151039996,1456.4448892619998,2
14,142,837,1983,7665.784835713894,2718.334167456947,4
14,142,837,1985,6507.822243777645,6507.822243777645,4
14,142,837,1986,5157.498708378032,5157.498708378032,1
14,142,837,1988,368.0598891125462,368.0598891125462,1
14,142,837,1989,7220.438487510405,7220.438487510405,1
14,142,837,1990,7517.432409876988,7517.432409876988,1
14,142,837,1991,5166.253968881984,5166.253968881984,1
14,142,837,1992,5807.422970412271,5807.422970412271,1
14,142,837,1993,5367.5000538752165,5367.5000538752165,1
14,142,837,1994,10011.881634532085,10011.881634532085,1
14,142,837,1995,5407.216417598212,5407.216417598212,1
14,142,837,1996,7203.052824530439,7203.052824530439,1
14,142,837,1997,8176.14012103873,8176.14012103873,1
14,142,837,1998,4323.904377920672,4323.904377920672,1
14,142,837,1999,1506.0324467987189,1506.0324467987189,1
14,142,837,2000,5473.694006773687,5473.694006773687,1
14,142,837,2001,5432.833742965189,5432.833742965189,1
14,142,837,2002,2357.87179903829,2357.87179903829,1
14,142,837,2003,9392.209960251364,9392.209960251364,1
14,142,837,2004,2166.372355928598,1751.401678108593,2
14,142,837,2005,13990.428623874926,13990.428623874926,1
14,142,837,2006,5007.646126493115,5007.646126493115,1
14,142,837,2007,1871.832879955624,1871.832879955624,1
14,142,837,2008,2644.8584974418327,2644.8584974418327,1
14,142,837,2009,437.97587187763787,393.83577711114424,2
14,142,837,2010,36.174932674472196,36.174932674472196,1
14,142,837,2011,36.96633740475379,36.96633740475379,1
14,142,837,2012,7471.577862393677,7471.577862393677,1
14,142,837,2013,8882.70564873789,8882.70564873789,1
14,142,837,2014,10184.1595270237,10184.1595270237,1
14,142,837,2015,290.55360846066736,290.55360846066736,1
14,142,837,2016,19578.778091041066,19578.778091041066,1
14,142,837,2017,5330.196734971799,5205.694654717366,3
14,142,837,2018,224.41088732112908,224.41088732112908,1
14,142,837,2019,16169.856632092276,16169.856632092276,1
14,142,837,2020,12289.491246176183,12289.491246176183,1
14,142,837,2021,591.488387117343,591.488387117343,1
14,142,837,2022,457.62362857779215,457.62362857779215,1
14,142,837,2024,1558.413146427319,1558.413146427319,1
14,142,837,2025,13579.427878554878,13579.427878554878,1
14,142,838,1951,5755.120817236152,2968.27272299364,2
14,142,838,1952,949.587466305624,949.587466305624,1
14,142,838,1956,1341.135056061648,1341.135056061648,1
14,142,838,1959,452.35422360191995,234.77200106111997,3
14,142,838,1980,2334.5637905880003,2334.5637905880003,1
14,142,838,1983,4844.9973189215025,2208.671967674807,4
14,142,838,1984,904.4541119999996,904.4541119999996,1
14,142,838,1985,16.207571966845297,16.207571966845297,2
14,142,838,1986,1201.9765680824269,1201.9765680824269,1
14,142,838,1987,42.77310062073174,42.77310062073174,1
14,142,838,1988,228.3536407911089,228.3536407911089,1
14,142,838,1992,310.7543713260531,310.7543713260531,1
14,142,838,1993,326.90697931781324,326.90697931781324,1
14,142,838,1995,610.5015906091944,610.5015906091944,1
14,142,838,1996,3524.0066147642983,3524.0066147642983,1
14,142,838,1997,735.1047083778842,735.1047083778842,1
14,142,838,1998,1137.838750073464,1137.838750073464,1
14,142,838,1999,1913.9504371797605,1913.9504371797605,1
14,142,838,2001,120.60971819056594,120.60971819056594,1
14,142,838,2003,2290.3643291480157,2290.3643291480157,1
14,142,838,2004,2218.6394156437627,2218.6394156437627,1
14,142,838,2005,998.1116999740544,998.1116999740544,1
14,142,838,2006,555.646980954892,555.646980954892,1
14,142,838,2007,817.830163025155,817.830163025155,1
14,142,838,2008,315.7591190303284,315.7591190303284,1
14,142,838,2009,1054.7113404420943,1054.7113404420943,1
14,142,838,2010,1027.7311559274283,1027.7311559274283,1
14,142,838,2011,1063.5844569086362,1063.5844569086362,1
14,142,838,2012,212.45970280187208,212.45970280187208,1
14,142,838,2013,1224.4065936098646,1224.4065936098646,1
14,142,838,2014,1249.0961204756836,1249.0961204756836,1
14,142,838,2016,1799.817019700534,1799.817019700534,1
14,142,838,2019,113.67279743383328,113.67279743383328,1
14,142,838,2022,822.5448317874042,822.5448317874042,1
14,142,838,2023,313.5439939101016,313.5439939101016,1
14,142,838,2024,578.1691976994608,578.1691976994608,1
14,142,838,2025,256.2750177935283,238.6364197413931,2
14,142,839,1951,1604.0682990357202,1604.0682990357202,1
14,142,839,1954,572.4058634112,572.4058634112,1
14,142,839,1956,40.99500128177999,40.99500128177999,1
14,142,839,1978,205.87599544805997,205.87599544805997,1
14,142,839,1985,0,0,1
14,142,839,1989,1881.246087480899,1881.246087480899,1
14,142,839,1991,4638.527773564034,4638.527773564034,1
14,142,840,1951,14966.343519094253,14966.343519094253,1
14,142,840,1954,2991.085429782512,2991.085429782512,1
14,142,840,1978,21131.700389918726,11270.240207956656,2
14,142,840,1979,8626.543420672697,8626.543420672697,1
14,142,840,1980,9045.4205630275,9045.4205630275,1
14,142,840,1981,10219.18834979364,6600.82990266564,3
14,142,840,1982,57.866553,57.866553,1
14,142,840,1983,1577.5888949999996,1577.5888949999996,1
14,142,840,1996,2369.2116245846105,2369.2116245846105,1
14,142,840,1997,1890.515741537631,1890.515741537631,1
14,142,840,1998,5607.800661726928,5607.800661726928,1
14,142,840,2000,2565.5662852016003,2565.5662852016003,1
14,142,840,2001,5036.399156203771,5036.399156203771,1
14,142,840,2003,1871.3402376572865,1871.3402376572865,1
14,142,840,2004,3324.6493651381634,3324.6493651381634,1
14,142,840,2005,1711.046997274765,1711.046997274765,1
14,142,840,2006,2012.6954960819444,2012.6954960819444,1
14,142,840,2007,1685.6747252221996,1685.6747252221996,1
14,142,840,2008,1336.675211574586,1336.675211574586,1
14,142,840,2009,480.84669809670095,480.84669809670095,1
14,142,840,2010,19.742166091507663,19.742166091507663,1
14,142,840,2012,640.5708337006923,640.5708337006923,1
14,142,840,2013,5656.043106075816,5656.043106075816,1
14,142,840,2014,1613.4183293383298,1613.4183293383298,1
14,142,840,2015,806.004642849818,806.004642849818,1
14,142,840,2016,11904.150684764256,11904.150684764256,1
14,142,840,2017,15.914427859819344,15.914427859819344,1
14,142,840,2019,11355.29802092072,11355.29802092072,1
14,142,840,2020,5878.111234025243,5878.111234025243,1
14,142,840,2022,2484.112598087048,2484.112598087048,1
14,142,840,2025,2420.3601206989206,2420.3601206989206,1
14,142,841,1992,1547.269489944032,1547.269489944032,1
14,142,841,1993,3536.389132368554,3536.389132368554,1
14,142,841,1994,1368.6656698809236,1368.6656698809236,1
14,142,841,1995,2470.5841612204304,2470.5841612204304,1
14,142,841,1996,2622.808590013548,2622.808590013548,1
14,142,841,1997,2099.528144534163,2099.528144534163,1
14,142,841,1998,2943.6376661995855,2943.6376661995855,1
14,142,841,1999,1504.4155727480832,1504.4155727480832,1
14,142,841,2000,4256.639713619106,4256.639713619106,1
14,142,841,2001,4146.550529974056,4146.550529974056,1
14,142,841,2003,3191.737905980475,3191.737905980475,1
14,142,841,2005,31.26358277867253,31.26358277867253,1
14,142,841,2006,918.4330291237674,918.4330291237674,1
14,142,841,2007,310.4385832208034,310.4385832208034,1
14,142,841,2008,1398.2900897603372,1398.2900897603372,1
14,142,841,2009,125.81446085089064,125.81446085089064,1
14,142,841,2010,449.4356314486525,449.4356314486525,1
14,142,841,2013,1089.733057257459,1089.733057257459,1
14,142,841,2014,242.4953009881443,242.4953009881443,1
14,142,841,2015,3841.889458937218,3841.889458937218,1
14,142,841,2017,830.8254819882213,830.8254819882213,1
14,142,841,2018,1888.8138218117597,1888.8138218117597,1
14,142,841,2019,2540.7385736788615,2540.7385736788615,1
14,142,841,2024,671.6780876843764,671.6780876843764,1
14,142,841,2025,886.1419442464831,886.1419442464831,1
14,142,842,1980,12.40427825,12.40427825,1
14,142,842,1983,113.2517,113.2517,1
14,142,842,1994,448.1885787312659,448.1885787312659,1
14,142,842,1995,689.8514712663377,689.8514712663377,1
14,142,842,1996,418.7405152054344,418.7405152054344,1
14,142,842,1997,811.1213449764499,811.1213449764499,1
14,142,842,1998,299.99922393844173,299.99922393844173,1
14,142,842,1999,161.54270860259246,161.54270860259246,1
14,142,842,2000,206.99668188530495,130.55318796355826,2
14,142,842,2001,276.5932911143747,276.5932911143747,1
14,142,842,2003,1232.4272957276808,1232.4272957276808,1
14,142,842,2004,33.25996203710828,33.25996203710828,1
14,142,842,2009,1608.3622671359396,1608.3622671359396,1
14,142,842,2013,215.4899307365415,215.4899307365415,1
14,142,843,1994,358.23235879949755,358.23235879949755,1
14,142,843,1996,825.2994692832626,825.2994692832626,1
14,142,843,1998,99.51668738716718,99.51668738716718,1
14,142,843,1999,208.06718427622465,208.06718427622465,1
14,142,843,2003,1861.6308698000664,1861.6308698000664,1
14,142,843,2006,3068.900763622146,3068.900763622146,1
14,142,843,2008,655.8121755631894,655.8121755631894,1
14,142,843,2009,61.54165010675664,61.54165010675664,1
14,142,843,2025,235.07157519394136,235.07157519394136,1
14,142,1484,1981,80.37972305999998,80.37972305999998,1
14,142,1484,1982,952.052292,952.052292,1
14,142,1484,1985,0,0,2
14,142,1484,1986,592.1769606120504,592.1769606120504,1
14,142,1484,1990,124.18504163747032,124.18504163747032,1
14,142,1484,1991,1441.3504315095672,1441.3504315095672,1
14,142,1484,1992,2410.9274481187044,2410.9274481187044,1
14,142,1484,1993,3625.418230990545,3625.418230990545,1
14,142,1484,1994,638.4802244401179,638.4802244401179,1
14,142,1484,1995,235.63999812201607,235.63999812201607,1
14,142,1484,1996,1809.906901851224,1809.906901851224,1
14,142,1484,1997,2780.7913728582953,2780.7913728582953,1
14,142,1484,1998,2229.526498016424,2229.526498016424,1
14,142,1484,1999,1159.4934120518662,1159.4934120518662,1
14,142,1484,2000,2392.876680313273,2392.876680313273,1
14,142,1484,2001,1580.8127922934536,1580.8127922934536,1
14,142,1484,2002,840.8810305348878,840.8810305348878,1
14,142,1484,2003,2250.1662275927547,2250.1662275927547,1
14,142,1484,2004,435.70545095395414,435.70545095395414,1
14,142,1484,2005,770.1417997637004,770.1417997637004,1
14,142,1484,2006,1314.1571998718327,1314.1571998718327,1
14,142,1484,2007,58.2670219057061,58.2670219057061,1
14,142,1484,2008,1590.776433088148,1590.776433088148,1
14,142,1484,2012,692.3823590665922,692.3823590665922,1
14,142,1484,2013,448.56546012494925,448.56546012494925,1
14,142,1484,2014,455.7208077700302,360.4769137423363,2
14,142,1484,2015,923.6886565284826,923.6886565284826,1
14,142,1484,2016,2.1568246264902537,2.1568246264902537,1
14,142,1484,2017,226.11012932547837,226.11012932547837,1
14,142,1484,2018,1540.4109106708377,1540.4109106708377,1
14,142,1484,2019,2786.5185650980225,2786.5185650980225,1
14,142,1484,2020,177.24438453369956,177.24438453369956,1
14,142,1484,2023,85.91100173915933,85.91100173915933,1
14,142,1484,2024,736.5929991547459,736.5929991547459,1
14,142,1484,2025,440.2445932600008,440.2445932600008,1
14,142,1519,1987,341.794021323133,341.794021323133,1
14,142,1519,1992,6.962912825053462,6.962912825053462,1
14,142,1519,1993,89.50485025492668,89.50485025492668,1
14,142,1519,1994,81.55854117916864,81.55854117916864,1
14,142,1519,1996,102.43389412112197,102.43389412112197,1
14,142,1519,1997,138.0538824099109,138.0538824099109,1
14,142,1519,2000,205.75170473847453,205.75170473847453,1
14,142,1519,2001,118.04961160051847,118.04961160051847,1
14,142,1519,2008,39.12747460296096,39.12747460296096,1
14,142,1519,2019,72.4188183049878,72.4188183049878,1
14,142,1519,2024,7.400767456745169,7.400767456745169,1
14,142,1530,1977,617.6279863441799,617.6279863441799,1
14,142,1530,1986,239.2266938883136,239.2266938883136,1
14,142,1530,1989,2651.768953042262,2651.768953042262,1
14,142,1530,1995,462.2517211753732,462.2517211753732,1
14,142,1530,1996,5103.391056914869,5103.391056914869,1
14,142,1530,1997,4839.742997994833,4839.742997994833,1
14,142,1530,1998,4304.682406539853,4304.682406539853,1
14,142,1530,1999,1571.2222632827088,1571.2222632827088,1
14,142,1530,2000,2793.38016354244,2793.38016354244,1
14,142,1530,2003,2693.1322191050303,2693.1322191050303,1
14,142,1530,2004,6062.578989930831,6062.578989930831,1
14,142,1530,2005,4171.3665552215225,4171.3665552215225,1
14,142,1530,2006,430.74608456704294,430.74608456704294,1
14,142,1530,2007,2762.982524086623,2762.982524086623,1
14,142,1530,2008,353.4218120688399,353.4218120688399,1
14,142,1530,2010,5083.490589368562,5083.490589368562,1
14,142,1530,2011,1854.2126484544217,1854.2126484544217,1
14,142,1530,2015,78.30653674238239,78.30653674238239,1
14,142,1530,2016,3818.2582775939527,3818.2582775939527,1
14,142,1530,2023,456.2686283239409,456.2686283239409,1
14,142,1558,1978,195.70172957504,195.70172957504,1
14,142,1558,1979,2489.3079136587994,2489.3079136587994,1
14,142,1558,1980,12273.300552226,10077.326568739998,2
14,142,1558,1981,6259.401171271953,3008.9171767079997,3
14,142,1558,1982,3418.18020761,2461.64994726,2
14,142,1558,1988,120.00685296163752,120.00685296163752,1
14,142,1558,1989,229.019060875,229.019060875,1
14,142,1558,1990,1547.7553731125936,1547.7553731125936,1
14,142,1558,1997,169.22675656956403,169.22675656956403,1
14,142,1558,1999,288.95973206835237,288.95973206835237,1
14,142,1558,2001,3016.0901329015705,3016.0901329015705,1
14,142,1558,2002,716.750846008633,716.750846008633,1
14,142,1558,2004,3575.365534769747,3575.365534769747,1
14,142,1558,2008,1295.011050440826,1292.095867641135,2
14,142,1558,2011,268.0506604763667,268.0506604763667,1
14,142,1558,2012,1711.0173850226,1711.0173850226,1
14,142,1558,2013,364.0877230675031,364.0877230675031,1
14,142,1558,2014,283.38426790951144,162.43724394976255,2
14,142,1558,2015,3010.6283127776646,3010.6283127776646,1
14,142,1558,2016,605.1897352049217,601.6094377324446,2
14,142,1558,2017,738.1996963726605,448.0635230621344,2
14,142,1558,2018,822.5867882607711,822.5867882607711,1
14,142,1558,2019,698.6107272624703,698.6107272624703,1
14,142,1558,2020,125.95370256741879,87.94747329357367,2
14,142,1558,2021,1039.2496119178725,812.3649395512857,2
14,142,1558,2022,16036.430529957175,16036.430529957175,1
14,142,1558,2023,281.7667240550432,281.7667240550432,1
14,142,1558,2024,346.68317337235345,346.68317337235345,1
14,142,1558,2025,729.4344042909236,729.4344042909236,1
14,142,1559,1978,3405.408793740216,1980.128909067048,4
14,142,1559,1983,10280.384967796022,5577.419721600001,3
14,142,1560,1978,536.3072899239959,536.3072899239959,1
14,142,1560,1980,6225.503441567999,6225.503441567999,1
14,142,1560,1986,901.9590250893533,816.3521842893533,2
14,142,1560,1987,740.0569988455776,740.0569988455776,1
14,142,1560,1988,366.39227842022547,366.39227842022547,1
14,142,1560,1989,2522.7382809448095,2522.7382809448095,1
14,142,1560,1990,175.86082687905355,175.86082687905355,1
14,142,1560,1991,4000.543317186696,4000.543317186696,1
14,142,1560,1992,4283.298849091245,4283.298849091245,1
14,142,1560,1993,913.8478648114668,913.8478648114668,1
14,142,1560,1994,929.132948007842,929.132948007842,1
14,142,1560,1995,841.1886843779898,841.1886843779898,1
14,142,1560,1996,6166.418253256603,6166.418253256603,1
14,142,1560,1997,5536.3723338822465,5536.3723338822465,1
14,142,1560,1998,6693.689206031147,6693.689206031147,1
14,142,1560,1999,1552.6670871233705,1552.6670871233705,1
14,142,1560,2000,1023.3259649893528,1023.3259649893528,1
14,142,1560,2001,117.7806255486278,117.7806255486278,1
14,142,1560,2003,456.507303724286,456.507303724286,1
14,142,1560,2004,3557.2553311294073,3557.2553311294073,1
14,142,1560,2005,6086.268686777701,6086.268686777701,1
14,142,1560,2006,1297.803453066416,1297.803453066416,1
14,142,1560,2007,1143.942557091077,1143.942557091077,1
14,142,1560,2008,529.0847715268701,520.6239876823893,2
14,142,1560,2009,0.41462746763758057,0.41462746763758057,1
14,142,1560,2010,492.80812365598933,310.36519513725267,2
14,142,1560,2011,3146.0566821430493,3146.0566821430493,1
14,142,1560,2012,796.1775428189003,796.1775428189003,1
14,142,1560,2013,415.77365508991,415.77365508991,1
14,142,1560,2014,3127.3564450115687,2824.9637381622765,2
14,142,1560,2015,270.0537803939988,270.0537803939988,1
14,142,1560,2016,1054.5532352201096,1054.5532352201096,1
14,142,1560,2017,1502.570052593544,1502.570052593544,1
14,142,1560,2020,2132.706894637295,2132.706894637295,1
14,142,1560,2021,3025.0778153522633,3025.0778153522633,1
14,142,1560,2022,2251.4373611178908,2251.4373611178908,1
14,142,1560,2023,2170.3549074327866,2170.3549074327866,1
14,142,1560,2024,523.386883578618,523.386883578618,1
14,142,1621,1989,294.7800940748229,294.7800940748229,1
14,142,1621,1990,2331.9943281391547,2331.9943281391547,1
14,142,1621,1992,15961.288370057646,15961.288370057646,1
14,142,1621,1993,20524.83051109212,20524.83051109212,1
14,142,1621,1994,924.7506649430732,924.7506649430732,1
14,142,1677,1977,957.523664696892,684.812837991296,3
14,142,1677,1982,2587.591498936,2189.594782936,2
14,142,1677,1984,96.212384,96.212384,1
14,142,1677,1986,1275.144167548942,1275.144167548942,1
14,142,1677,1993,7827.990443950644,7827.990443950644,1
14,142,1677,1994,2475.9848041898326,2475.9848041898326,1
14,142,1677,1995,176.36828227456482,176.36828227456482,1
14,142,1677,1996,442.9984000579975,442.9984000579975,1
14,142,1677,1997,127.28520971015084,127.28520971015084,1
14,142,1677,1998,1911.9840775637667,1911.9840775637667,1
14,142,1677,1999,1640.7119802984116,1640.7119802984116,1
14,142,1677,2000,4436.81530267658,4436.81530267658,1
14,142,1677,2001,6132.265115494232,6132.265115494232,1
14,142,1677,2003,3655.069622071196,3655.069622071196,1
14,142,1677,2004,669.0248306168098,669.0248306168098,1
14,142,1677,2005,857.7941658362545,857.7941658362545,1
14,142,1677,2006,606.9525689721569,606.9525689721569,1
14,142,1677,2008,1220.8065167491582,1220.8065167491582,1
14,142,1677,2009,1535.0220129715412,1535.0220129715412,1
14,142,1677,2010,863.8549744152467,863.8549744152467,1
14,142,1677,2011,31.644946889681425,31.56886070190764,2
14,142,1677,2012,573.6656781862689,573.6656781862689,1
14,142,1677,2013,689.7742937223866,689.7742937223866,1
14,142,1677,2015,1940.6760743817051,1940.6760743817051,1
14,142,1677,2017,936.938357147008,936.938357147008,1
14,142,1677,2018,5295.32860479964,5295.32860479964,1
14,142,1677,2019,1053.595060049334,1053.595060049334,1
14,142,1677,2023,8385.154428511654,8385.154428511654,1
14,142,1677,2024,5819.206972598639,5819.206972598639,1
14,142,1677,2025,496.0688096017165,496.0688096017165,1
14,142,1680,1982,4476.426567363001,3481.5975030630007,3
14,142,1680,1983,5813.4653694,4106.1123774,2
14,142,1680,1984,2031.053292,2031.053292,1
14,142,1680,1985,2389.3492087492004,2389.3492087492004,5
14,142,1680,1986,4554.236620504949,4554.236620504949,1
14,142,1680,1987,1349.2210973208078,1349.2210973208078,1
14,142,1680,1988,1415.1632364165298,1415.1632364165298,1
14,142,1680,1989,3769.011040923498,3769.011040923498,1
14,142,1680,1990,6892.232883509395,6892.232883509395,1
14,142,1680,1991,3613.3143603689946,3613.3143603689946,1
14,142,1680,1992,4541.437670886945,4541.437670886945,1
14,142,1680,1993,3489.7399963504595,3489.7399963504595,1
14,142,1680,1994,5082.169464619922,5082.169464619922,1
14,142,1680,1995,5511.898229473514,5511.898229473514,1
14,142,1680,1996,4118.05209286604,4118.05209286604,1
14,142,1680,1997,7199.557852003117,7199.557852003117,1
14,142,1680,1998,6490.467516429026,6490.467516429026,1
14,142,1680,1999,9944.465323533996,9944.465323533996,1
14,142,1680,2000,4380.33905526505,4380.33905526505,1
14,142,1680,2001,2103.698035638879,2103.698035638879,1
14,142,1680,2003,9344.727873464351,9344.727873464351,1
14,142,1680,2004,4246.187567430426,4246.187567430426,1
14,142,1680,2005,7215.6975325321155,7215.6975325321155,1
14,142,1680,2006,3568.8061496263267,3568.8061496263267,1
14,142,1680,2007,1223.0875781771565,1223.0875781771565,1
14,142,1680,2008,4702.295760844419,4702.295760844419,1
14,142,1680,2009,34.557249914891436,34.557249914891436,1
14,142,1680,2010,762.9380137668682,762.9380137668682,1
14,142,1680,2011,995.1603378527003,569.25390043623,2
14,142,1680,2012,5341.9418961230385,5341.9418961230385,1
14,142,1680,2013,5557.975692892964,5557.975692892964,1
14,142,1680,2014,7326.852212419209,7326.852212419209,1
14,142,1680,2016,15036.430921776238,15036.430921776238,1
14,142,1680,2017,2689.4570563299435,2689.4570563299435,1
14,142,1680,2018,9.105862813868097,9.105862813868097,1
14,142,1680,2019,6972.8690628366285,6972.8690628366285,1
14,142,1680,2020,2389.43025265868,2389.43025265868,1
14,142,1680,2021,1654.20032618729,1654.20032618729,1
14,142,1680,2024,4722.17951340223,4722.17951340223,1
14,142,1680,2025,3079.240474648672,3079.240474648672,1
14,142,1681,1953,782.8069183001601,782.8069183001601,1
14,142,1713,1983,682.8907399999999,559.93322,2
14,142,1713,1984,635.4124252044982,635.4124252044982,1
14,142,1713,1986,976.9831369134051,919.9898369134052,2
14,142,1713,1987,985.6451140970996,985.6451140970996,1
14,142,1713,1988,694.9978664867286,694.9978664867286,1
14,142,1713,1989,8999.453113102087,8999.453113102087,1
14,142,1713,1991,3099.1033709384974,3099.1033709384974,1
14,142,1713,1996,3270.8719510037463,3270.8719510037463,1
14,142,1713,1997,2539.8929522771027,2539.8929522771027,1
14,142,1713,1998,3660.3368637503263,3660.3368637503263,1
14,142,1713,1999,1776.2350541564867,1776.2350541564867,1
14,142,1713,2000,715.0327197128671,715.0327197128671,1
14,142,1713,2003,3961.9660594239617,3961.9660594239617,1
14,142,1713,2004,3793.989771898902,3793.989771898902,1
14,142,1713,2005,3497.266502526535,3497.266502526535,1
14,142,1713,2007,2201.348396201905,2201.348396201905,1
14,142,1713,2008,433.3000918849971,433.3000918849971,1
14,142,1713,2010,1608.5644182396738,1608.5644182396738,1
14,142,1713,2011,201.6365306629989,201.6365306629989,1
14,142,1713,2012,306.5294137034008,306.5294137034008,1
14,142,1713,2013,171.00325018159816,171.00325018159816,1
14,142,1713,2016,2479.293109092352,2479.293109092352,1
14,142,1713,2021,144.74619417520154,144.74619417520154,1
14,142,1713,2022,114.4072194146788,114.4072194146788,1
14,142,1713,2023,400.87786752924467,400.87786752924467,1
14,142,1713,2024,404.2973922774819,404.2973922774819,1
14,142,1754,1985,2115.917623697289,2115.917623697289,2
14,142,1754,1986,4005.971435381928,4005.971435381928,1
14,142,1754,1987,291.2735830734188,291.2735830734188,1
14,142,1754,1988,1310.652407735048,1310.652407735048,1
14,142,1754,1989,3656.401082818907,3656.401082818907,1
14,142,1754,1990,2846.948957962786,2846.948957962786,1
14,142,1754,1994,6801.346484763912,6801.346484763912,1
14,142,1754,1995,3625.453983515708,3625.453983515708,1
14,142,1754,1996,2923.030097087533,2923.030097087533,1
14,142,1754,1997,7211.306893795474,5392.628473795474,2
14,142,1754,1998,4140.315911149153,4140.315911149153,1
14,142,1754,1999,1949.177606031159,1949.177606031159,1
14,142,1754,2000,3953.95992122909,3953.95992122909,1
14,142,1754,2001,980.7828105488442,980.7828105488442,1
14,142,1754,2003,7691.982865430386,7691.982865430386,1
14,142,1754,2004,3725.083647041657,3725.083647041657,1
14,142,1754,2005,5114.15995528398,5114.15995528398,1
14,142,1754,2006,1821.861585273046,1821.861585273046,1
14,142,1754,2007,631.0877707625467,631.0877707625467,1
14,142,1754,2008,1177.7981431532214,1177.7981431532214,1
14,142,1754,2010,831.5968307156211,831.5968307156211,1
14,142,1754,2011,832.9988197566857,832.9988197566857,1
14,142,1754,2012,2348.1113443617814,2348.1113443617814,1
14,142,1754,2013,3350.710105337865,3350.710105337865,1
14,142,1754,2014,3687.55732033769,3687.55732033769,1
14,142,1754,2016,7636.214905727312,7636.214905727312,1
14,142,1754,2017,152.40591406413915,152.40591406413915,1
14,142,1754,2018,2058.1692541218627,1858.1849909226228,3
14,142,1754,2019,5305.730807145833,5305.730807145833,1
14,142,1754,2020,3240.3674767161583,3240.3674767161583,1
14,142,1754,2021,3074.3014023136393,3074.3014023136393,1
14,142,1754,2023,388.93491576315466,388.93491576315466,1
14,142,1754,2024,4820.150343559168,4820.150343559168,1
14,142,1754,2025,5875.136748877062,5875.136748877062,1
14,142,1769,1985,633.2370941092946,590.1582445918579,2
14,142,1769,1986,10389.180779697375,10389.180779697375,1
14,142,1769,1987,12512.549436099673,12512.549436099673,1
14,142,1769,1988,1439.9122903250668,1439.9122903250668,1
14,142,1769,1989,8761.233567567113,8761.233567567113,1
14,142,1769,1990,6890.7498384417795,6890.7498384417795,1
14,142,1769,1992,5343.531343570263,5343.531343570263,1
14,142,1769,1993,6155.547033884247,6155.547033884247,1
14,142,1769,1994,4212.892272318282,4212.892272318282,1
14,142,1769,1995,8776.801882095457,8776.801882095457,1
14,142,1769,1996,9127.436426476132,9127.436426476132,1
14,142,1769,1997,1119.0119520710457,1119.0119520710457,1
14,142,1769,1998,8188.303324893303,8188.303324893303,1
14,142,1769,1999,5508.253132190442,5508.253132190442,1
14,142,1769,2001,4052.0129279787143,4052.0129279787143,1
14,142,1769,2003,5519.8924550338315,5519.8924550338315,1
14,142,1769,2004,7919.77977291161,7919.77977291161,1
14,142,1769,2005,7858.852647818778,7858.852647818778,1
14,142,1769,2006,4694.616631832797,4694.616631832797,1
14,142,1769,2007,8523.337934921181,8523.337934921181,1
14,142,1769,2008,929.0479327466016,929.0479327466016,1
14,142,1769,2009,2412.370845410544,2412.370845410544,1
14,142,1769,2010,4073.509495366817,4073.509495366817,1
14,142,1769,2011,11160.500993758184,11160.500993758184,1
14,142,1769,2012,105.74330008835548,105.74330008835548,1
14,142,1769,2013,4376.33898667375,4376.33898667375,1
14,142,1769,2014,6084.626071143065,6084.626071143065,1
14,142,1769,2016,17242.602672961344,17242.602672961344,1
14,142,1769,2017,3024.6988056935115,3015.243277084215,2
14,142,1769,2018,14.309519105107649,14.309519105107649,1
14,142,1769,2019,1834.6589596009387,1285.8786311535214,2
14,142,1769,2021,811.3112287066316,811.3112287066316,1
14,142,1769,2022,12062.785508748711,12062.785508748711,1
14,142,1769,2023,1110.0067501771084,1110.0067501771084,1
14,142,1769,2024,195.5289939323077,195.5289939323077,2
14,142,1769,2025,1732.283239947826,1355.4199746979082,2
14,142,1770,1986,879.0259461005254,879.0259461005254,1
14,142,1770,1987,1333.4728970632843,1333.4728970632843,1
14,142,1770,1988,2020.662634622161,2020.662634622161,1
14,142,1770,1989,2741.7870667895313,2741.7870667895313,1
14,142,1770,1990,170.9326136125249,170.9326136125249,1
14,142,1770,1991,2380.0025333930175,2380.0025333930175,1
14,142,1770,1992,4077.26216776047,4077.26216776047,1
14,142,1770,1993,1662.455964087557,1662.455964087557,1
14,142,1770,1994,2608.2173971049265,2608.2173971049265,1
14,142,1770,1995,2506.899348443036,2506.899348443036,1
14,142,1770,1996,5533.712875999227,5533.712875999227,1
14,142,1770,1997,2465.4480355796636,2465.4480355796636,1
14,142,1770,1998,1806.7691253474184,1806.7691253474184,1
14,142,1770,1999,1878.8637849547472,1878.8637849547472,1
14,142,1770,2000,162.30681231011087,162.30681231011087,1
14,142,1770,2001,1165.427877154268,1165.427877154268,1
14,142,1770,2003,790.7630973087291,790.7630973087291,1
14,142,1770,2004,3399.420459338086,3399.420459338086,1
14,142,1770,2005,3969.09990366562,3969.09990366562,1
14,142,1770,2006,905.112196873052,905.112196873052,1
14,142,1770,2007,3444.1613772762994,3444.1613772762994,1
14,142,1770,2008,0.0991808887772244,0.0991808887772244,1
14,142,1770,2009,366.17870749979323,365.51364309388487,2
14,142,1770,2010,1040.5898248030485,1040.5898248030485,1
14,142,1770,2011,1827.6371281340253,1827.6371281340253,1
14,142,1770,2012,1221.9713924333996,1221.9713924333996,1
14,142,1770,2013,433.54650115533553,433.54650115533553,1
14,142,1770,2014,2321.4628770342906,2321.4628770342906,1
14,142,1770,2016,2540.394492216788,2540.394492216788,1
14,142,1770,2017,1531.1882668760131,1531.1882668760131,1
14,142,1770,2019,940.7907653409018,940.7907653409018,1
14,142,1770,2020,1790.8793146061846,1790.8793146061846,1
14,142,1770,2021,2704.14276681148,2704.14276681148,1
14,142,1770,2022,2873.417616255524,2873.417616255524,1
14,142,1770,2023,1429.534448840005,1429.534448840005,1
14,142,1770,2024,211.64378003444847,211.64378003444847,1
14,142,1770,2025,582.8142107924126,582.8142107924126,1
14,142,1790,1992,7589.17356009651,7589.17356009651,1
14,142,1829,1992,1321.748826495768,1321.748826495768,1
14,142,1829,1996,365.7412748699812,365.7412748699812,1
14,142,1829,1997,210.482356606423,210.482356606423,1
14,142,1829,1998,165.31460018667522,165.31460018667522,1
14,142,1829,2005,242.91400731779257,242.91400731779257,1
14,142,1829,2010,6.099646786278189,6.099646786278189,1
14,142,1829,2011,269.3035670053446,269.3035670053446,1
14,142,1829,2012,111.7161219887342,111.7161219887342,1
14,142,1829,2014,299.52175768749396,299.52175768749396,1
14,142,1829,2021,77.13207536676998,77.13207536676998,1
14,142,1871,1991,2737.6251561885833,2737.6251561885833,1
14,142,1871,1993,204.9541459103579,204.9541459103579,1
14,142,1871,1995,616.9439264370288,616.9439264370288,1
14,142,1871,1997,75.71473436032048,75.71473436032048,1
14,142,1871,1998,47.45130772637399,47.45130772637399,1
14,142,1871,2001,1507.8098522667551,1507.8098522667551,1
14,142,1871,2003,2004.09562557745,2004.09562557745,1
14,142,1871,2009,3568.9894125240667,3568.9894125240667,1
14,142,1871,2013,32.33634920438782,32.33634920438782,1
14,142,1871,2016,336.5697993294075,336.5697993294075,1
14,142,1883,1985,423.1415453151049,423.1415453151049,1
14,142,1883,1986,594.5326187908734,594.5326187908734,1
14,142,1883,1994,1054.556849694035,1054.556849694035,1
14,142,1883,1995,661.8083612962434,661.8083612962434,1
14,142,1883,1996,1203.9270596102326,1203.9270596102326,1
14,142,1883,1997,776.9951763767732,776.9951763767732,1
14,142,1883,1998,893.2884705766669,893.2884705766669,1
14,142,1883,1999,2130.719283498633,2130.719283498633,1
14,142,1883,2000,2014.292063755673,2014.292063755673,1
14,142,1883,2001,488.19598555794073,488.19598555794073,1
14,142,1883,2002,1.1684402307999957,1.1684402307999957,1
14,142,1883,2003,2149.42007624902,2149.42007624902,1
14,142,1883,2004,837.3620940856,837.3620940856,1
14,142,1883,2005,1442.9825098451538,1442.9825098451538,1
14,142,1883,2006,801.9454492419331,801.9454492419331,1
14,142,1883,2007,525.245960633174,525.245960633174,1
14,142,1883,2008,315.76252248620676,315.76252248620676,1
14,142,1883,2010,217.54272657091877,217.54272657091877,1
14,142,1883,2011,178.12202908886678,178.12202908886678,1
14,142,1883,2012,1092.9612447012814,1092.9612447012814,1
14,142,1883,2013,1150.3607361828824,1150.3607361828824,1
14,142,1883,2014,700.6084549534041,700.6084549534041,1
14,142,1883,2016,855.1384573202785,855.1384573202785,1
14,142,1883,2018,1319.0511581502349,1319.0511581502349,1
14,142,1883,2019,2584.6001822613994,2584.6001822613994,1
14,142,1883,2020,459.41939135228574,459.41939135228574,1
14,142,1883,2021,509.2999704081075,509.2999704081075,1
14,142,1883,2023,376.8292168638298,376.8292168638298,1
14,142,1883,2024,834.6012609164003,834.6012609164003,1
14,142,1883,2025,1342.4891436673668,1342.4891436673668,1
14,142,1884,2004,1181.1687428309974,1181.1687428309974,1
14,142,1884,2011,16.927974575286136,16.927974575286136,1
14,142,1884,2012,3.8026253639340664,3.8026253639340664,1
14,142,1884,2013,132.8536863442493,132.8536863442493,1
14,142,1884,2015,0.0161460002191219,0.0161460002191219,1
14,142,1884,2016,102.6776902116923,102.6776902116923,1
14,142,1884,2017,20.061002961405816,20.061002961405816,1
14,142,1884,2018,20.680373872764495,20.680373872764495,1
14,142,1884,2019,17.85178670539634,17.85178670539634,1
14,142,1884,2020,54.54050320700492,54.54050320700492,1
14,142,1884,2021,118.04578705731298,118.04578705731298,1
14,142,1884,2022,2022.0101888341983,2022.0101888341983,1
14,142,1884,2024,430.6618567677326,430.6618567677326,1
14,142,1888,1992,937.915338919533,937.915338919533,1
14,142,1888,1993,923.7182102828576,923.7182102828576,1
14,142,1888,1994,1446.161869379404,1446.161869379404,1
14,142,1888,1995,896.2237912011235,896.2237912011235,1
14,142,1888,1996,261.3482102653746,261.3482102653746,1
14,142,1888,1997,440.62700428254135,440.62700428254135,1
14,142,1888,1998,853.3149541907245,853.3149541907245,1
14,142,1888,1999,548.1262793407539,548.1262793407539,1
14,142,1888,2000,352.72840335695486,352.72840335695486,1
14,142,1888,2001,85.25618436036534,85.25618436036534,1
14,142,1888,2003,2117.7865837910667,2117.7865837910667,1
14,142,1888,2008,314.4027032113624,314.4027032113624,1
14,142,1888,2009,1166.5681498536771,1166.5681498536771,1
14,142,1888,2013,364.97597056733855,364.97597056733855,1
14,142,1888,2015,408.8965912092849,408.8965912092849,1
14,142,1888,2024,0.3273448544076795,0.3273448544076795,1
14,142,1889,1985,16.462608771386968,16.462608771386968,1
14,142,1889,1986,166.11752207080482,166.11752207080482,1
14,142,1889,1992,978.2910288440328,978.2910288440328,1
14,142,1889,1994,47.3278284071139,47.3278284071139,1
14,142,1889,1995,518.8877368060363,518.8877368060363,1
14,142,1889,1996,297.3180321903968,297.3180321903968,1
14,142,1889,1997,1103.2046910751667,1103.2046910751667,1
14,142,1889,1998,770.9085076235368,770.9085076235368,1
14,142,1889,1999,1367.8604041889791,1367.8604041889791,1
14,142,1889,2000,453.3337127057032,453.3337127057032,1
14,142,1889,2003,1033.8940942288325,1033.8940942288325,1
14,142,1889,2004,1280.2337239499896,1280.2337239499896,1
14,142,1889,2005,856.3370424070328,856.3370424070328,1
14,142,1889,2007,165.7204710102385,165.7204710102385,1
14,142,1889,2008,578.00057225321,578.00057225321,1
14,142,1889,2010,616.1670148772723,616.1670148772723,1
14,142,1889,2011,605.0382991727819,605.0382991727819,1
14,142,1889,2012,799.1243538715133,799.1243538715133,1
14,142,1889,2013,604.9477052848036,604.9477052848036,1
14,142,1889,2016,1367.947284713818,1367.947284713818,1
14,142,1889,2021,280.1652479717525,280.1652479717525,1
14,142,1889,2022,297.8756610884863,297.8756610884863,1
14,142,1889,2023,308.23711287822744,308.23711287822744,1
14,142,1889,2024,1144.7615739116804,1144.7615739116804,1
14,142,1889,2025,380.875847126804,380.875847126804,1
14,143,810,1952,997.8832632486718,997.8832632486718,1
14,143,810,1959,399.987648299088,399.987648299088,1
14,143,810,1971,639.8051879795039,399.987648299088,2
14,143,810,1972,146.65143177843197,146.65143177843197,1
14,143,810,1973,46.23622228992001,46.23622228992001,1
14,143,810,1976,2341.2997143316475,2341.2997143316475,1
14,143,810,1977,7016.292369162047,4799.851779589055,2
14,143,810,1979,2152.029346248,1578.2294029680002,3
14,143,810,1980,264.494830752,264.494830752,1
14,143,810,1981,1444.8172138240002,880.6858845440001,2
14,143,810,1985,203.59213599999998,154.30288,2
14,143,810,1986,478.38020638585687,478.38020638585687,1
14,143,810,1987,0,0,1
14,143,810,1989,682.0327103999999,682.0327103999999,1
14,143,810,1990,3427.2550516540223,3427.2550516540223,1
14,143,810,1993,407.2362919585978,407.2362919585978,1
14,143,810,1994,301.2977247633244,301.2977247633244,1
14,143,810,1995,4741.932600341155,4741.932600341155,1
14,143,810,1996,495.1558617357363,495.1558617357363,1
14,143,810,1998,503.947866631895,503.947866631895,1
14,143,810,1999,2152.166933684273,2152.166933684273,1
14,143,810,2000,2318.250233597433,2318.250233597433,1
14,143,810,2001,869.9428363034082,869.9428363034082,1
14,143,810,2002,419.5525127909582,419.5525127909582,1
14,143,810,2003,2451.8005140376895,2451.8005140376895,1
14,143,810,2004,3274.569689893883,3274.569689893883,1
14,143,810,2005,2733.6600311527372,2733.6600311527372,1
14,143,810,2006,4123.882873536955,4123.882873536955,1
14,143,810,2007,799.2675624585762,797.6444386055263,2
14,143,810,2008,40.43661445963852,25.16860958075262,2
14,143,810,2009,1566.6306388377252,1566.6306388377252,1
14,143,810,2010,305.5286947733871,305.5286947733871,1
14,143,810,2011,4620.168357298537,4620.168357298537,1
14,143,810,2012,726.4124091052188,726.4124091052188,1
14,143,810,2013,8825.066008317182,7248.010372285576,2
14,143,810,2014,2732.624898989965,2732.624898989965,1
14,143,810,2015,3929.7026712656225,3929.7026712656225,1
14,143,810,2016,630.4133688093555,456.2629791966576,2
14,143,810,2017,3866.025134814021,1937.902468752431,2
14,143,810,2018,8880.096539921946,8880.096539921946,1
14,143,810,2020,3709.989215180477,3709.989215180477,1
14,143,810,2021,2188.309227998287,2188.309227998287,1
14,143,810,2023,5376.922866910962,5376.922866910962,1
14,143,810,2024,7092.166834570735,7092.166834570735,1
14,143,810,2025,992.8518084152671,896.0790210418168,2
14,143,823,1955,387.1551078215361,322.86475232562407,2
14,143,823,1956,151.45487166811202,151.45487166811202,1
14,143,823,1962,109.32858426607196,109.32858426607196,1
14,143,823,1971,134.865187890264,127.68301812096,2
14,143,823,1975,729.389241015984,729.389241015984,1
14,143,823,1976,3403.18076071954,1283.613341547276,8
14,143,823,1977,450.73746643249603,299.282594764384,2
14,143,823,1979,176.13174954,85.41556207199999,3
14,143,823,1990,1000.060940189669,1000.060940189669,1
14,143,823,1995,1668.152581954754,1668.152581954754,1
14,143,823,1996,208.64529706455625,208.64529706455625,1
14,143,823,2002,142.2895295313611,142.2895295313611,1
14,143,823,2003,1402.3074629268624,1402.3074629268624,1
14,143,823,2005,379.81487767622144,258.9365417071468,2
14,143,823,2009,1990.5370853402756,1990.5370853402756,1
14,143,823,2011,484.1856826258921,484.1856826258921,1
14,143,823,2014,793.873420025022,742.139371584654,2
14,143,823,2017,262.1844918941586,210.85109939704407,2
14,143,823,2018,514.0644163824003,514.0644163824003,1
14,143,823,2020,2521.728417558089,2328.3920521235327,2
14,143,823,2024,46.08313917380705,46.08313917380705,1
14,143,823,2025,525.4955815192841,325.68152981299886,2
14,143,824,1968,146.037451975848,146.037451975848,1
14,143,824,1974,2000.6088480790318,1161.891022796976,2
14,143,824,1975,1263.04518891108,1263.04518891108,1
14,143,824,1976,553.1748527906199,401.0044787861399,2
14,143,824,1977,101.154166114104,101.154166114104,1
14,143,824,1983,928.827952,928.827952,1
14,143,824,1996,838.1681275789242,838.1681275789242,1
14,143,824,2002,707.816619925158,707.816619925158,1
14,143,824,2003,1720.28286379488,1720.28286379488,1
14,143,824,2004,136.0225182480534,136.0225182480534,1
14,143,824,2011,718.7901375572072,718.7901375572072,1
14,143,824,2017,1618.1730391336191,1618.1730391336191,1
14,143,824,2018,1944.5264290874152,1944.5264290874152,1
14,143,824,2020,1694.2527552176446,1694.2527552176446,1
14,143,824,2024,922.9973821319768,922.9973821319768,1
14,143,824,2025,789.615489856313,789.615489856313,1
14,143,825,1952,30834.59996670663,30834.59996670663,1
14,143,825,1953,10748.271754840129,10748.271754840129,1
14,143,825,1954,2803.1454515187843,2803.1454515187843,1
14,143,825,1956,5412.8847218335195,5412.8847218335195,1
14,143,825,1957,6806.846791495217,6806.846791495217,1
14,143,825,1958,1214.3015418918958,1214.3015418918958,1
14,143,825,1962,202.568078547144,202.568078547144,1
14,143,825,1963,103.783480442488,103.783480442488,1
14,143,825,1968,1682.193960785616,1682.193960785616,1
14,143,825,1975,9315.560840764978,7882.849926689825,2
14,143,825,1977,3178.1479930785836,1517.6001950171276,4
14,143,825,1979,4179.315726999999,3143.7850589199993,2
14,143,825,1980,479.8080076800001,456.8172073120001,2
14,143,825,1984,683.01716,683.01716,1
14,143,825,1986,2024.1415620509265,2024.1415620509265,1
14,143,825,1989,429.5031571680154,429.5031571680154,1
14,143,825,1990,1158.6951897531078,1158.6951897531078,1
14,143,825,1993,2167.394469472014,2167.394469472014,1
14,143,825,1994,1151.4772877738324,1151.4772877738324,1
14,143,825,1995,995.258857105678,995.258857105678,1
14,143,825,1996,848.6572184487933,848.6572184487933,1
14,143,825,1997,481.89659235153914,481.89659235153914,1
14,143,825,1998,3682.7857624243807,3682.7857624243807,1
14,143,825,1999,4110.546722970523,4110.546722970523,1
14,143,825,2000,6188.349371137883,6188.349371137883,1
14,143,825,2001,6071.247761857366,6071.247761857366,1
14,143,825,2003,5823.793412093264,5823.793412093264,1
14,143,825,2004,2235.2533022831467,2235.2533022831467,1
14,143,825,2005,3481.5017074318675,3481.5017074318675,1
14,143,825,2006,1622.1404933059696,1622.1404933059696,1
14,143,825,2008,804.4884204987233,804.4884204987233,1
14,143,825,2009,6321.030257074102,6321.030257074102,1
14,143,825,2010,825.4681875844225,825.4681875844225,1
14,143,825,2011,141.23637200003054,95.5509587283034,2
14,143,825,2012,1575.4936092216678,1575.4936092216678,1
14,143,825,2013,1402.6740340518193,1303.181307164486,2
14,143,825,2014,451.84338205415366,451.84338205415366,1
14,143,825,2015,5064.056493065758,5064.056493065758,1
14,143,825,2017,2828.3630223938562,2828.3630223938562,1
14,143,825,2018,4637.142041771443,4637.142041771443,1
14,143,825,2019,1051.048007623773,1046.8882369021717,2
14,143,825,2020,82.94163709414109,82.94163709414109,1
14,143,825,2021,612.049680650165,612.049680650165,1
14,143,825,2022,462.7885764127731,462.7885764127731,1
14,143,825,2023,6154.416850751486,6154.416850751486,1
14,143,825,2024,5316.208505822602,5316.208505822602,1
14,143,825,2025,3198.400310039272,3198.400310039272,1
14,143,831,1955,1541.11661858664,1541.11661858664,1
14,143,831,1957,187.73624004096,187.73624004096,1
14,143,831,1958,895.6893129033441,895.6893129033441,1
14,143,831,1959,10117.33463344752,10117.33463344752,1
14,143,831,1960,3541.067121706632,3541.067121706632,1
14,143,831,1961,1163.3827899073679,809.1653847976079,2
14,143,831,1962,446.69496873756003,405.136157094288,2
14,143,831,1963,9309.64266611208,7905.238600707313,4
14,143,831,1964,29.887093556136,29.887093556136,1
14,143,831,1971,3135.9309646123434,3135.9309646123434,1
14,143,831,1973,1284.706251031152,981.40759790592,2
14,143,831,1975,1011.7334633447518,1011.7334633447518,1
14,143,831,1977,6969.268396741735,1613.0247363664164,11
14,143,831,1978,14999.782452337135,7288.484863823183,4
14,143,831,1979,936.3926531040004,936.3926531040004,1
14,143,831,1980,1068.8143337172105,1068.8143337172105,1
14,143,831,1985,1136.3320008,758.6767608,2
14,143,831,1986,538.3500482651889,357.8554427766158,2
14,143,831,1993,3603.911994052683,3603.911994052683,1
14,143,831,1994,1997.2398126539167,1997.2398126539167,1
14,143,831,1995,2480.893997504505,2480.893997504505,1
14,143,831,1996,1267.7022719275114,1267.7022719275114,1
14,143,831,1998,1891.4811919991091,1891.4811919991091,1
14,143,831,1999,3235.511009426324,2947.908001154176,2
14,143,831,2000,5672.388079045825,5672.388079045825,1
14,143,831,2001,3498.1527475053504,3498.1527475053504,1
14,143,831,2002,33.6217387053682,33.6217387053682,1
14,143,831,2003,8771.495686679511,8771.495686679511,1
14,143,831,2004,1255.0035374702063,1255.0035374702063,1
14,143,831,2005,9684.161157585006,9684.161157585006,1
14,143,831,2006,3259.2799242309748,3259.2799242309748,1
14,143,831,2007,4872.717353279511,4872.717353279511,1
14,143,831,2008,1599.7517068355205,1480.397957765397,3
14,143,831,2009,4172.990603354643,4172.990603354643,1
14,143,831,2010,1231.8633199259498,1223.9797082337302,2
14,143,831,2011,2263.143660050376,2263.143660050376,1
14,143,831,2012,1940.629532735226,1940.629532735226,1
14,143,831,2013,3078.138809344595,1989.0415362993433,2
14,143,831,2014,1785.746972609654,1785.746972609654,1
14,143,831,2015,9783.901117138466,9783.901117138466,1
14,143,831,2016,775.1787310989591,773.9514208108234,2
14,143,831,2017,8850.54402806621,8850.54402806621,1
14,143,831,2018,16934.92864998766,16934.92864998766,1
14,143,831,2019,283.42111427465306,283.42111427465306,1
14,143,831,2020,12253.68040002881,12253.68040002881,1
14,143,831,2021,9652.030141332454,9652.030141332454,1
14,143,831,2022,1136.5710354266218,1136.5710354266218,1
14,143,831,2023,7813.187761658989,7813.187761658989,1
14,143,831,2024,12361.692011411338,12361.692011411338,1
14,143,831,2025,3906.970296148898,3906.970296148898,1
14,143,832,1974,5886.912138063792,5886.912138063792,1
14,143,832,1979,2766.7907099195245,2766.7907099195245,1
14,143,832,1988,116.66954773375151,116.66954773375151,1
14,143,834,1953,7076.987071137468,7076.987071137468,1
14,143,834,1954,3996.935397341622,3996.935397341622,1
14,143,834,1955,19405.973063375044,11990.806192024866,3
14,143,834,1956,798.8040108472677,798.8040108472677,1
14,143,834,1957,6227.851860924403,6227.851860924403,1
14,143,834,1959,109.454312060478,109.454312060478,1
14,143,834,1963,1006.098531917484,944.630659385964,2
14,143,834,1974,74.3018239392,74.3018239392,1
14,143,834,1975,1695.8051708049,865.856902268754,2
14,143,834,1976,13470.504681399972,7076.987071137468,3
14,143,834,1977,7382.702846151216,7382.702846151216,1
14,143,834,1978,6459.864990382313,6459.864990382313,1
14,143,834,1979,3224.7629822399995,2450.0240121839997,2
14,143,834,1980,1822.9437229536263,1117.7840996736263,2
14,143,834,1981,770.5460324070001,770.5460324070001,1
14,143,834,1982,9686.482699248001,5767.122395748001,3
14,143,834,1983,2537.4232147499997,2537.4232147499997,1
14,143,834,1987,0,0,1
14,143,834,1988,297.85726408390127,297.85726408390127,1
14,143,834,1989,1701.7272476994794,1701.7272476994794,1
14,143,834,1990,908.267840442222,908.267840442222,1
14,143,834,1992,690.3363942000001,579.8704755750001,2
14,143,834,1993,2978.710630863746,2978.710630863746,1
14,143,834,1994,1133.2631037984877,1133.2631037984877,1
14,143,834,1995,4705.745043581381,4705.745043581381,1
14,143,834,1996,1526.4446637989677,1526.4446637989677,1
14,143,834,1998,357.30132383165284,357.30132383165284,1
14,143,834,1999,2661.888659668142,2661.888659668142,1
14,143,834,2000,2102.492979593034,2102.492979593034,1
14,143,834,2001,957.6376828461227,957.6376828461227,1
14,143,834,2002,6916.85674398493,6916.85674398493,1
14,143,834,2003,6437.090156453824,6437.090156453824,1
14,143,834,2004,2810.281254813359,2810.281254813359,1
14,143,834,2005,5246.329796040866,5246.329796040866,1
14,143,834,2006,3515.579010263464,3515.579010263464,1
14,143,834,2007,1096.2070334758655,1096.2070334758655,1
14,143,834,2008,2407.3570500838496,2338.74605917904,2
14,143,834,2009,6491.698428662063,6491.698428662063,1
14,143,834,2010,3666.3386076476745,3666.3386076476745,1
14,143,834,2011,5387.523850471316,5387.523850471316,1
14,143,834,2012,1741.6774356049175,1741.6774356049175,1
14,143,834,2013,2633.7511439095533,2633.7511439095533,1
14,143,834,2014,6316.0245156413575,6316.0245156413575,1
14,143,834,2015,3742.407583748798,3742.407583748798,1
14,143,834,2016,2281.7107885259193,2281.7107885259193,1
14,143,834,2017,5117.485144082226,4260.567325899577,2
14,143,834,2018,11868.194540441453,11868.194540441453,1
14,143,834,2019,270.7404604514335,270.7404604514335,1
14,143,834,2020,8798.106761645262,8798.106761645262,1
14,143,834,2021,1497.9462830097748,1497.9462830097748,1
14,143,834,2023,1349.0979612466058,1349.0979612466058,1
14,143,834,2024,3329.515773022611,3329.515773022611,1
14,143,834,2025,8012.655475978819,8012.655475978819,1
14,143,835,1953,1416.438913428544,1416.438913428544,1
14,143,835,1955,1218.55732632432,1218.55732632432,1
14,143,835,1960,1760.1207018150235,1760.1207018150235,1
14,143,835,1961,175.469398721792,175.469398721792,1
14,143,835,1962,600.419095696224,600.419095696224,1
14,143,835,1963,2124.658370142816,2124.658370142816,1
14,143,835,1971,2959.208400217104,1439.78048457768,4
14,143,835,1972,861.78492547353585,760.7943273047039,3
14,143,835,1973,585.3249285829119,380.39716365235194,2
14,143,835,1974,2102.49775065664,643.6012617350399,5
14,143,835,1975,960.145405216848,960.145405216848,1
14,143,835,1976,3398.63252763912,1990.3609168880637,2
14,143,835,1977,4390.924434217135,1146.637071474704,7
14,143,835,1978,4432.881179145984,4432.881179145984,1
14,143,835,1980,331.53304799999995,331.53304799999995,1
14,143,835,1982,4826.252488400001,4581.476390400001,2
14,143,835,1984,328.59504,328.59504,1
14,143,835,1985,994.411872,531.503232,3
14,143,835,1986,503.5273015608272,503.5273015608272,1
14,143,835,1988,23.313773058043243,23.313773058043243,1
14,143,835,1989,4667.6335872,2455.0357151999997,3
14,143,835,1993,277.5087772221513,277.5087772221513,1
14,143,835,1995,487.5863286206721,487.5863286206721,1
14,143,835,1996,42.15262079115032,42.15262079115032,1
14,143,835,1998,54.25421067618878,54.25421067618878,1
14,143,835,1999,337.87966804720133,174.39994269203126,2
14,143,835,2000,911.7155443210982,911.7155443210982,1
14,143,835,2001,235.8975927547467,235.8975927547467,1
14,143,835,2003,279.68359450506273,279.68359450506273,1
14,143,835,2004,581.4363343738028,568.1905905098688,2
14,143,835,2005,896.9415183575793,896.9415183575793,1
14,143,835,2006,530.1788458702237,521.0264668431585,2
14,143,835,2007,416.32655735117265,416.32655735117265,1
14,143,835,2008,56.624372349641135,56.624372349641135,1
14,143,835,2009,102.53522121762288,102.53522121762288,1
14,143,835,2010,50.52235018999637,49.338030092493334,3
14,143,835,2011,766.492494276091,766.492494276091,1
14,143,835,2012,96.95973136533587,81.12003760692801,2
14,143,835,2013,1530.6487889165337,1068.3439322364447,2
14,143,835,2014,929.6266747174136,929.6266747174136,1
14,143,835,2015,747.4923017056682,747.4923017056682,1
14,143,835,2016,46.04664756851231,31.924127512123512,2
14,143,835,2017,1197.3076773172886,1159.5186679514206,2
14,143,835,2018,1039.7339895975133,1039.7339895975133,1
14,143,835,2020,628.4713211092579,628.4713211092579,1
14,143,835,2021,551.3169504075869,551.3169504075869,1
14,143,835,2023,683.5904064638793,683.5904064638793,1
14,143,835,2024,738.956738199798,738.956738199798,1
14,143,835,2025,120.6611161717962,120.6611161717962,2
14,143,1415,1976,8549.77463222426,3418.783602184638,6
14,143,1415,1977,2455.8065171304297,2455.8065171304297,1
14,143,1415,1978,1478.598411696924,1478.598411696924,1
14,143,1415,1979,1658.242176624,1658.242176624,1
14,143,1415,1980,1914.96551149649,1914.96551149649,1
14,143,1415,1981,3086.251578124,2691.099217524,2
14,143,1415,1997,63.69147185603527,63.69147185603527,1
14,143,1415,2016,16.028901402557093,16.028901402557093,1
14,143,1415,2024,342.1785152465281,342.1785152465281,2
14,143,1483,1977,884.7967176377199,398.55480467712,3
14,143,1483,1978,140.54570975744,140.54570975744,1
14,143,1483,1982,12921.429897014,8616.604280064,5
14,143,1483,1983,716.00375,716.00375,1
14,143,1483,1988,83.115216,83.115216,1
14,143,1500,1978,182.347310253996,182.347310253996,1
14,143,1500,1996,979.5077459210856,979.5077459210856,1
14,143,1500,2002,191.23931023030875,191.23931023030875,1
14,143,1500,2003,466.0742290153354,466.0742290153354,1
14,143,1500,2004,743.7335593269456,743.7335593269456,1
14,143,1500,2005,29.178730418885166,23.60662586614145,2
14,143,1500,2009,550.9113452862608,550.9113452862608,1
14,143,1500,2011,549.8356119170129,549.8356119170129,1
14,143,1500,2017,543.14801604042,543.14801604042,1
14,143,1500,2018,411.4531246468246,411.4531246468246,1
14,143,1500,2020,1283.0421220485523,1283.0421220485523,1
14,143,1500,2024,81.91625158935484,81.91625158935484,1
14,143,1500,2025,768.9792050977022,768.9792050977022,1
14,143,1501,1980,265.03895606399993,265.03895606399993,1
14,143,1501,1993,361.0579437237539,361.0579437237539,1
14,143,1501,1995,2183.9374002027134,2183.9374002027134,1
14,143,1501,1996,1046.3221067365998,1046.3221067365998,1
14,143,1501,1997,45.23007555198112,45.23007555198112,1
14,143,1501,2000,166.57094603962514,166.57094603962514,1
14,143,1501,2002,1013.3832599775968,1013.3832599775968,1
14,143,1501,2003,1612.5603531688907,1612.5603531688907,1
14,143,1501,2004,268.68789321493716,268.68789321493716,1
14,143,1501,2005,667.2292889915248,667.2292889915248,1
14,143,1501,2007,124.26849619347097,124.26849619347097,1
14,143,1501,2009,3062.9357297396723,3062.9357297396723,1
14,143,1501,2011,1816.1139240359505,1816.1139240359505,1
14,143,1501,2014,1460.351157187286,1069.3089624087568,2
14,143,1501,2017,1088.0601314297878,1088.0601314297878,1
14,143,1501,2018,3073.3649378178816,3073.3649378178816,1
14,143,1501,2020,1309.248535581252,1309.248535581252,1
14,143,1501,2024,910.0678015512927,910.0678015512927,1
14,143,1501,2025,1997.647500178166,1997.647500178166,1
14,143,1502,1971,24.719277852953997,24.719277852953997,1
14,143,1502,1982,2307.45904,2307.45904,1
14,143,1502,1993,109.75803306923812,109.75803306923812,1
14,143,1502,1994,365.5629986694217,365.5629986694217,1
14,143,1502,1996,26.04462616554458,26.04462616554458,1
14,143,1502,1997,323.5504168108762,323.5504168108762,1
14,143,1502,1998,301.1672723012052,301.1672723012052,1
14,143,1502,1999,0.40797440590605927,0.40797440590605927,1
14,143,1502,2000,406.4533294181931,406.4533294181931,1
14,143,1502,2001,64.59139699603858,64.59139699603858,1
14,143,1502,2002,535.2789126590691,535.2789126590691,1
14,143,1502,2003,224.7961746925476,224.7961746925476,1
14,143,1502,2004,192.06928546930607,192.06928546930607,1
14,143,1502,2005,250.80656519968292,250.80656519968292,1
14,143,1502,2007,426.3043246410232,426.3043246410232,1
14,143,1502,2009,1134.4672129080454,1134.4672129080454,1
14,143,1502,2011,1419.0081238967605,1419.0081238967605,1
14,143,1502,2012,34.87610828394429,34.87610828394429,1
14,143,1502,2013,29.459744381596963,29.459744381596963,1
14,143,1502,2014,1597.7272383020409,1389.2612159661428,2
14,143,1502,2017,208.69445676941965,208.69445676941965,1
14,143,1502,2018,2313.153138915914,2313.153138915914,1
14,143,1502,2020,976.8890630537718,976.8890630537718,1
14,143,1502,2024,142.3276054901318,142.3276054901318,1
14,143,1502,2025,849.989334861404,849.989334861404,1
14,143,1546,2025,744.6498850762679,744.6498850762679,1
14,143,1594,1980,851.6835290386686,851.6835290386686,1
14,143,1594,1984,1023.164244,757.89944,2
14,143,1594,1987,102.37153780131018,102.37153780131018,1
14,143,1594,1990,1264.496376181277,1264.496376181277,1
14,143,1594,1993,718.7966503832279,718.7966503832279,1
14,143,1594,1994,1011.157254837111,1011.157254837111,1
14,143,1594,1995,2537.251749977113,2537.251749977113,1
14,143,1594,1996,1876.256180083175,1876.256180083175,1
14,143,1594,1997,563.4534410772669,563.4534410772669,1
14,143,1594,1998,302.5255008193859,276.4603523204187,2
14,143,1594,1999,1356.173067567264,1356.173067567264,1
14,143,1594,2000,1413.325403828634,1413.325403828634,1
14,143,1594,2001,740.5180437223898,740.5180437223898,1
14,143,1594,2002,2724.3603699147698,2724.3603699147698,1
14,143,1594,2003,2342.834171561173,2342.834171561173,1
14,143,1594,2004,2056.181690298479,2056.181690298479,1
14,143,1594,2005,2717.3860868719084,2717.3860868719084,1
14,143,1594,2006,12.884390671933108,12.884390671933108,1
14,143,1594,2007,754.3221512588548,754.3221512588548,1
14,143,1594,2008,680.7719505757507,680.7719505757507,1
14,143,1594,2009,3086.8082038474895,3086.8082038474895,1
14,143,1594,2010,426.7985811140754,426.7985811140754,1
14,143,1594,2011,4366.120154435948,4366.120154435948,1
14,143,1594,2012,702.5301428002106,702.5301428002106,1
14,143,1594,2013,932.6043883383844,932.6043883383844,1
14,143,1594,2014,6359.231047464935,5269.08250911329,2
14,143,1594,2017,2906.550481235547,2818.985330088848,2
14,143,1594,2018,6968.228703878528,6968.228703878528,1
14,143,1594,2020,3279.622259739143,3279.622259739143,1
14,143,1594,2024,364.1053674306622,364.1053674306622,1
14,143,1594,2025,2718.5264012745647,2718.5264012745647,1
14,143,1678,1982,1731.603636,1336.80636,2
14,143,1678,1988,187.00923599999996,187.00923599999996,1
14,143,1678,1989,8178.190911079818,4912.875559232792,4
14,143,1678,1990,406.20350464972154,406.20350464972154,1
14,143,1679,1982,5828.883297599999,5355.8851896,2
14,143,1679,1983,2494.479333999999,2494.479333999999,1
14,143,1679,1987,2367.8912510701607,2367.8912510701607,1
14,143,1679,1988,95.4527352755272,95.4527352755272,1
14,143,1679,1990,1177.478553700077,1177.478553700077,1
14,143,1679,1992,531.9472242399999,325.78911099999993,2
14,143,1679,1993,560.6842141706245,560.6842141706245,1
14,143,1679,1994,3854.102225018177,3854.102225018177,1
14,143,1679,1995,1480.1678030928538,1480.1678030928538,1
14,143,1679,1996,258.6831200972152,258.6831200972152,1
14,143,1679,1999,1717.983573638737,1717.983573638737,1
14,143,1679,2000,990.9346134943548,990.9346134943548,1
14,143,1679,2001,803.2496352436971,803.2496352436971,1
14,143,1679,2002,1670.8776232396915,1670.8776232396915,1
14,143,1679,2003,4167.192837481634,4167.192837481634,1
14,143,1679,2004,2919.7003440139965,2919.7003440139965,1
14,143,1679,2005,2342.2452618309508,2342.2452618309508,1
14,143,1679,2006,1912.0946779571375,1912.0946779571375,1
14,143,1679,2007,315.6723005800599,315.6723005800599,1
14,143,1679,2008,280.3939776168982,257.47560156880274,2
14,143,1679,2009,1421.299140953385,1421.299140953385,1
14,143,1679,2010,267.34441043405224,267.34441043405224,1
14,143,1679,2011,3759.403781495849,3759.403781495849,1
14,143,1679,2012,444.9787702954756,443.4840954849659,2
14,143,1679,2013,610.7124571728128,610.7124571728128,1
14,143,1679,2014,1826.8562925874865,1826.8562925874865,1
14,143,1679,2015,1129.5810663848015,1129.5810663848015,1
14,143,1679,2017,3977.543810522798,3370.528445257233,2
14,143,1679,2018,3534.113285203266,3534.113285203266,1
14,143,1679,2019,11.20296688913698,11.20296688913698,1
14,143,1679,2020,3851.593188848881,3851.593188848881,1
14,143,1679,2021,322.65677470964795,322.65677470964795,1
14,143,1679,2023,32.77682168434721,32.77682168434721,1
14,143,1679,2025,3020.9002442026986,3020.9002442026986,1
14,143,1815,1985,124.38324644784662,124.38324644784662,1
14,143,1815,1986,475.59923476082633,475.59923476082633,1
14,143,1815,1988,34.987338785269756,34.987338785269756,1
14,143,1815,1989,1192.0744402,754.7494332,2
14,143,1815,1993,1329.6167759594216,1329.6167759594216,1
14,143,1815,1994,5.271387577070579,5.271387577070579,1
14,143,1815,1996,143.57190739757226,143.57190739757226,1
14,143,1815,1997,1.6083299691497597,1.6083299691497597,1
14,143,1815,1998,428.5233610007116,428.5233610007116,1
14,143,1815,1999,456.50344641346976,456.50344641346976,1
14,143,1815,2000,2029.0010505759085,2029.0010505759085,1
14,143,1815,2001,2732.4072758347056,2732.4072758347056,1
14,143,1815,2003,1189.484186884531,1189.484186884531,1
14,143,1815,2004,275.66592481030165,275.66592481030165,1
14,143,1815,2005,2198.84380913441,2045.7825369541565,2
14,143,1815,2006,235.71466109826065,235.71466109826065,1
14,143,1815,2007,470.24273606976715,470.24273606976715,1
14,143,1815,2008,67.62038784161773,67.62038784161773,1
14,143,1815,2009,840.1870241508868,840.1870241508868,1
14,143,1815,2010,297.45366550950723,297.45366550950723,1
14,143,1815,2011,415.8540127771935,415.8540127771935,1
14,143,1815,2012,356.6347489433845,353.5288701346541,2
14,143,1815,2013,37.93247838254657,37.93247838254657,1
14,143,1815,2014,461.22643635177917,423.909602871009,2
14,143,1815,2015,673.7852783062206,654.8679838086774,2
14,143,1815,2017,2110.0783316385073,1618.7719877457428,2
14,143,1815,2018,4348.262840081728,4153.642787339472,2
14,143,1815,2019,466.95435085605084,324.35210075548883,2
14,143,1815,2020,2049.6942126158333,2049.6942126158333,1
14,143,1815,2021,2022.932862626734,2022.932862626734,1
14,143,1815,2022,48.91213203447294,48.91213203447294,2
14,143,1815,2023,3039.9144327129284,2795.9976198359595,2
14,143,1815,2024,3341.9090583502502,3341.9090583502502,1
14,143,1815,2025,185.9517593496576,185.9517593496576,1
14,143,1908,1983,2898.8542704,1811.783919,2
14,143,1908,1995,2357.207479076328,2357.207479076328,1
14,143,1908,1998,31.20553373824814,19.581885266992,2
14,143,1908,1999,4006.442048340956,4006.442048340956,1
14,143,1908,2000,871.1641418432013,871.1641418432013,1
14,143,1908,2001,1876.3382255689307,1876.3382255689307,1
14,143,1908,2002,2755.3789171901667,2755.3789171901667,1
14,143,1908,2003,4598.486135267,4598.486135267,1
14,143,1908,2004,4272.402837747378,4272.402837747378,1
14,143,1908,2005,2605.0150469481205,2605.0150469481205,1
14,143,1908,2006,1813.215181365044,1813.215181365044,1
14,143,1908,2007,1089.2397902180978,1089.2397902180978,1
14,143,1908,2008,874.812938308221,531.600992505644,2
14,143,1908,2009,2286.3586865501948,2286.3586865501948,1
14,143,1908,2010,1280.2248965561894,1280.2248965561894,1
14,143,1908,2011,2480.7178886625916,2480.7178886625916,1
14,143,1908,2012,467.61300068519705,467.61300068519705,1
14,143,1908,2013,5124.615023317128,5124.615023317128,1
14,143,1908,2014,3449.2190186195544,3449.2190186195544,1
14,143,1908,2015,1575.8382484857436,1575.8382484857436,1
14,143,1908,2016,3925.6498122416874,3925.6498122416874,1
14,143,1908,2017,5599.103192196168,3118.6395811112966,2
14,143,1908,2018,9429.85259075422,9429.85259075422,1
14,143,1908,2020,7196.287596536656,7196.287596536656,1
14,143,1908,2021,526.6736834738506,526.6736834738506,1
14,143,1908,2023,1661.641053901055,1661.641053901055,1
14,143,1908,2024,1659.346102495089,1659.346102495089,1
14,143,1908,2025,3041.70294171832,3041.70294171832,1
15,151,846,1951,64.53656917344,64.53656917344,1
15,151,846,1959,51.57289152288,51.57289152288,1
15,151,846,1967,203.357374084872,203.357374084872,1
15,151,846,1969,1594.7757104311625,1594.7757104311625,1
15,151,846,1970,833.797781564643,555.8651877097619,2
15,151,1977,2000,278.12299914000005,90.70626726,12
15,151,1977,2003,1653.94666206,208.4070303,33
15,151,1977,2004,985.5492697799596,268.1314544088279,16
15,151,1977,2005,349.142301396,147.307781817,11
15,151,1977,2025,133.82066924829567,133.82066924829567,1
15,151,3123,2021,58.8193694549195,58.8193694549195,1
15,152,845,1951,521.65584168744,159.95129699487595,4
15,152,845,1952,371.93144335104006,371.93144335104006,1
15,152,845,1953,143.86426175522,99.996912074772,2
15,152,845,1954,885.6232649461681,885.6232649461681,1
15,152,845,1955,566.4205939366881,566.4205939366881,1
15,152,845,1960,77.153179255788,40.042527154668,2
15,152,845,1962,43.867349680448,43.867349680448,1
15,152,845,1969,459.94203321919196,240.036351304212,2
15,152,845,1971,683.197945267432,399.987648299088,2
15,152,845,1972,599.981472448632,399.987648299088,2
15,152,845,1973,831.1652210898719,554.110147393248,2
15,152,845,1974,184.396177151904,111.23056107904,2
15,152,845,1975,265.776010561264,141.79886277758402,3
15,152,845,1976,976.9626472715918,299.9907362243159,5
15,152,845,1977,119.90876984020798,119.90876984020798,1
15,152,845,1978,478.753147115372,131.762148857696,6
15,152,845,1979,1102.4707772639997,411.7785845599999,3
15,152,845,1980,212.86288541381765,77.17977391381764,5
15,152,845,1981,131.28059758540638,68.23264092,4
15,152,845,1982,76.19225682,76.19225682,1
15,152,845,1983,391.47932469,265.936699182,2
15,152,845,1985,729.4320890198766,729.4320890198766,5
15,152,845,1987,179.166672,179.166672,1
15,152,845,1988,182.88396,182.88396,1
15,152,845,1992,204.70388178208867,77.46144198208866,4
15,152,845,1998,588.1468614,288.897048,3
15,152,845,2020,356.2974818289203,356.2974818289203,1
15,152,845,2023,32.54369420503124,32.54369420503124,1
15,152,850,1955,12.34785077344,12.34785077344,1
15,152,850,1957,1167.8688007257178,1167.8688007257178,1
15,152,850,1960,99.18987819103998,99.18987819103998,1
15,152,850,1968,236.94106823896604,236.94106823896604,1
15,152,850,2023,407.50179432308863,407.50179432308863,1
15,152,851,1951,217.30293573366396,175.62949853814396,2
15,152,851,1952,64.8929435648,64.8929435648,1
15,152,851,1953,110.06224676938798,110.06224676938798,1
15,152,851,1954,32.4464717824,32.4464717824,1
15,152,851,1959,13.89114573184,13.89114573184,1
15,152,851,1960,63.779696856844,55.56458292736,2
15,152,851,1962,277.055073696624,277.055073696624,1
15,152,851,1968,18.55532605056,18.55532605056,1
15,152,851,1970,458.5855015043159,440.03017545375593,2
15,152,851,1971,354.109728357136,354.109728357136,1
15,152,851,1973,708.219456714272,708.219456714272,1
15,152,851,1978,166.11179473276803,166.11179473276803,1
15,152,851,1981,404.98787492400004,323.405880984,3
15,152,851,1982,836.8300699840125,636.9194321159999,2
15,152,851,1988,780.325364,398.627424,2
15,152,851,1989,80.27773116,33.218952,6
15,152,851,1998,421.2436889857383,352.3365599999999,4
15,152,851,2023,221.4711487911564,221.4711487911564,1
15,152,852,1955,24.83139221472,24.83139221472,1
15,152,852,1957,365.906527092652,204.62152710272,3
15,152,852,1960,99.18987819103998,99.18987819103998,1
15,152,852,1961,391.6512389782719,391.6512389782719,1
15,152,852,1962,405.1210251137139,391.6512389782719,2
15,152,852,1963,76.89621267328,76.89621267328,1
15,152,852,1964,13.469786135442,13.469786135442,1
15,152,852,1965,942.299386605486,471.149693302743,2
15,152,852,1968,210.86329782335997,210.86329782335997,1
15,152,852,1970,439.269614896112,439.269614896112,1
15,152,852,2024,2492.3572794894053,2492.3572794894053,1
15,152,853,1952,568.7622578952861,568.7622578952861,1
15,152,853,1967,37.17924298816,37.17924298816,1
15,152,853,1970,214.05247097843696,214.05247097843696,1
15,152,853,1971,160.46614787439597,160.46614787439597,1
15,152,853,1976,39.207974142792,39.207974142792,1
15,152,854,1953,333.22198477152,333.22198477152,1
15,152,854,1954,222.14798984768,222.14798984768,1
15,152,854,1959,488.77418772832,488.77418772832,1
15,152,854,1976,108.14520157171499,58.968726827164,2
15,152,854,1977,314.750959798275,196.705898978204,2
15,152,854,1979,1223.330533248,1223.330533248,1
15,152,854,1981,430.83760161,327.11530794,3
15,152,854,1984,999.4837895854637,526.5727290354637,2
15,152,854,1985,161.52050062312233,161.52050062312233,3
15,152,854,1987,941.9657856,941.9657856,1
15,152,854,2021,309.5607575164263,309.5607575164263,1
15,152,854,2024,6142.6171443746225,6142.6171443746225,1
15,152,855,1966,2.7634576429460003,2.7634576429460003,1
15,152,856,1951,284.12189364322404,284.12189364322404,1
15,152,856,1952,80.23307393719799,80.23307393719799,1
15,152,856,1964,185.382439017594,185.382439017594,1
15,152,856,1970,37.17924298816,37.17924298816,1
15,152,856,1971,284.12189364322404,284.12189364322404,1
15,152,856,1973,58.70615846267899,40.11653696859899,2
15,152,856,1974,124.02127040576002,124.02127040576002,1
15,152,856,1975,568.7622578952861,568.7622578952861,1
15,152,856,1976,716.0244855311731,222.296666480616,8
15,152,856,1978,78.417715318761,53.58632310404099,2
15,152,856,1979,18.182343269999997,18.182343269999997,1
15,152,856,1980,9.191074619999998,9.191074619999998,1
15,152,858,1954,182.36772508544,182.36772508544,1
15,152,858,1960,1.41953314048,1.41953314048,1
15,152,858,1962,37.11065210112,37.11065210112,1
15,152,858,1970,80.085054309336,80.085054309336,1
15,152,858,1971,1185.265057117156,708.219456714272,3
15,152,858,1972,1522.085899044288,799.975296598176,3
15,152,858,1973,1153.3262217079998,585.3249285829119,3
15,152,858,1974,409.8555298611199,351.2589970762879,2
15,152,858,1975,1140.4053673736119,1062.329185071408,2
15,152,858,1976,479.04413889881596,280.07887845887996,3
15,152,858,1977,933.9605314165359,359.94512114442,3
15,152,858,1978,656.347324732444,199.993824149544,5
15,152,858,1979,1067.514600024,615.8646652159999,3
15,152,858,1980,1048.317359782,241.6441574,9
15,152,858,1982,659.8215767594672,266.03971672086715,3
15,152,858,1983,62.60371172599999,31.944388866,3
15,152,858,1985,972.633792228748,972.633792228748,6
15,152,858,1990,239.6371714,239.6371714,1
15,152,858,1992,55.5038814,34.1903592,3
15,152,858,1998,265.08883360000004,144.53269440000005,2
15,152,859,1960,13.469786135442,13.469786135442,1
15,152,859,1961,1.381728821473,1.381728821473,1
15,152,859,1975,49.66278442944,49.66278442944,1
15,152,859,1977,54.908701862014,54.908701862014,1
15,152,859,2020,1790.7375368883556,1790.7375368883556,1
15,152,859,2024,873.088288498388,873.088288498388,1
15,152,860,1951,108.16373415115795,108.16373415115795,1
15,152,860,1952,40.03918475648,40.03918475648,1
15,152,860,1953,288.2263936272839,288.2263936272839,1
15,152,860,1979,1017.7094503799998,1017.7094503799998,1
15,152,860,1981,761.170090716,621.446594832,2
15,152,860,1982,204.46961528039952,142.39843582078643,2
15,152,860,1983,997.1103640652451,712.2440991928795,5
15,152,860,1984,659.2234109999999,659.2234109999999,1
15,152,860,1985,1103.646194706237,1103.646194706237,6
15,152,860,1986,200.139912,200.139912,1
15,152,860,1989,0.38398067239619493,0.38398067239619493,1
15,152,860,2000,353.2175750003944,242.7017473053185,2
15,152,861,1952,40.11653696859899,40.11653696859899,1
15,152,861,1953,764.409527820939,710.8232047168981,2
15,152,861,1974,396.705184601999,156.61764534634398,9
15,152,861,1975,2938.1729402849464,2938.1729402849464,1
15,152,861,1977,489.56404872284,489.56404872284,1
15,152,861,1978,62.01063520288001,62.01063520288001,1
15,152,861,1980,808.174719625,257.24495887999996,7
15,152,866,1951,307.971541649772,307.971541649772,1
15,152,866,1969,588.8639112689968,321.22511718651896,2
15,152,868,1971,53.58632310404099,53.58632310404099,1
15,152,896,1953,133.81939704123897,133.81939704123897,1
15,152,896,1969,160.46614787439597,160.46614787439597,1
15,152,896,1970,3421.387547721963,3421.387547721963,1
15,152,896,1971,401.4581911237169,267.63879408247794,2
15,152,896,1972,307.75533105107695,267.63879408247794,2
15,152,896,2014,470.30985410590915,275.45678001076857,3
15,152,896,2020,1040.9590533943378,1040.9590533943378,1
15,152,896,2021,1486.0349376637673,850.3159347216841,2
15,152,904,1969,160.46614787439597,160.46614787439597,1
15,152,904,1970,2676.38794082478,2676.38794082478,1
15,152,904,1971,2256.490884556454,2132.4696141506943,2
15,152,904,1979,1814.00165128,1814.00165128,1
15,152,904,1989,794.0204544999999,201.29013449999997,5
15,152,904,2014,701.3135242260491,701.3135242260491,1
15,152,904,2015,1465.547563172846,1465.547563172846,1
15,152,904,2020,915.4856595262584,915.4856595262584,1
15,152,909,1969,53.58632310404099,53.58632310404099,1
15,152,909,1979,2119.4950955359996,1436.5314235999997,2
15,152,909,2014,499.78957639631994,499.78957639631994,1
15,152,910,1969,805.7033261342522,805.7033261342522,1
15,152,910,1971,107.172646208082,107.172646208082,1
15,152,910,1972,451.12097555315694,401.458191123717,3
15,152,910,1973,580.9787092675022,556.1473170527821,2
15,152,910,2015,30.603814637682756,30.603814637682756,1
15,152,910,2020,8287.676322228594,8287.676322228594,1
15,152,910,2023,323.533295920919,323.533295920919,1
15,152,911,1969,562.21716043584,374.81144029056,2
15,152,911,1972,24.83139221472,24.83139221472,1
15,152,914,1972,687.934607456369,473.8821364779321,2
15,152,914,1973,722.869816913244,370.764878035188,3
15,152,914,2021,409.6108211078056,409.6108211078056,1
15,152,915,1971,214.05247097843696,214.05247097843696,1
15,152,1411,2022,212.56817375936913,212.56817375936913,1
15,152,1653,1982,248.81398132499996,248.81398132499996,1
15,152,1653,1985,12.479371852876334,12.479371852876334,1
15,152,1654,2022,445.6349994792276,445.6349994792276,1
15,152,1772,1986,286.315368,286.315368,1
15,152,1793,1987,92.922102,61.948068,2
16,161,879,1955,108.00380717568,108.00380717568,1
16,161,880,1982,95.46015230789644,95.46015230789644,1
16,161,880,2022,1076.2679281183814,1076.2679281183814,1
16,161,1985,2001,980.6392638134085,927.308050641126,2
16,162,874,1951,272.459085441984,272.459085441984,1
16,162,874,1960,1526.0943790337492,849.96634334976,4
16,162,874,1961,1176.764879473596,770.050131303852,2
16,162,874,1962,770.050131303852,770.050131303852,1
16,162,874,1963,515.16527707008,515.16527707008,1
16,162,874,1964,154.43685548928002,128.79131926752,2
16,162,874,1965,412.01949402432,412.01949402432,1
16,162,874,1966,76.668010884738,76.668010884738,1
16,162,874,1967,121.925427788304,121.925427788304,1
16,162,874,1968,555.8651877097619,555.8651877097619,1
16,162,874,1969,25.64553622176,25.64553622176,1
16,162,874,1970,111.294671062239,111.294671062239,1
16,162,874,1971,2779.32593854881,2779.32593854881,1
16,162,874,1972,972.55764287136,953.11212639552,2
16,162,886,1959,38.60921387232,38.60921387232,1
16,162,886,1968,162.86389259313597,162.86389259313597,1
16,162,886,1970,667.1598587720009,667.1598587720009,1
16,162,888,1960,22.833184304006995,22.833184304006995,1
16,162,888,1961,406.714748169744,406.714748169744,1
16,162,888,1962,539.20359303552,539.20359303552,1
16,162,888,1967,51.57289152288,51.57289152288,1
16,162,894,1951,31.31764623117899,31.31764623117899,1
16,162,894,1959,64.53656917344,64.53656917344,1
16,162,894,1975,136.87433432511298,136.87433432511298,1
16,162,1485,1975,1016.78687042436,1016.78687042436,1
16,162,1531,1977,269.60179651776,269.60179651776,1
16,163,871,1951,25.015203769446,14.248498090716,3
16,163,871,1953,11.03120396352,11.03120396352,1
16,163,871,1959,90.658405164114,58.85992771776,2
16,163,871,1960,674.3159531876522,618.7120581994922,2
16,163,871,1962,58.10210688139199,58.10210688139199,1
16,163,871,1963,58.10210688139199,58.10210688139199,1
16,163,871,1964,18.43901976384,18.43901976384,1
16,163,871,1967,23.805417541806,23.805417541806,1
16,163,871,1969,103.214730071772,103.214730071772,1
16,163,871,1970,254.04029522715595,254.04029522715595,1
16,163,871,1971,180.03067464722398,95.221670167224,4
16,163,871,1972,122.14183727089801,47.610835083611995,4
16,163,871,1975,32.15303011915199,17.417918255471996,2
16,163,872,1971,158.81862505993195,158.81862505993195,1
16,163,873,1973,7.327296063360001,7.327296063360001,1
16,163,878,2005,184.66172610088927,184.66172610088927,1
16,163,883,1951,61.033960615679995,44.12481585408,2
16,163,883,1952,18.43901976384,18.43901976384,1
16,163,883,1954,97.182568452618,71.416252625418,2
16,163,883,1955,19.113838902179996,19.113838902179996,1
16,163,883,1957,19.516265537418,15.812357637258,2
16,163,883,1958,174.306320644176,174.306320644176,1
16,163,883,1959,14.73511186368,14.73511186368,1
16,163,883,1961,423.34288343699393,220.014323229672,3
16,163,883,1962,175.963315405788,175.963315405788,1
16,163,883,1963,1000.7858987560439,989.754694792524,2
16,163,883,1964,1327.571728449408,550.0358080741801,3
16,163,883,1965,493.600565525652,317.63725011986395,2
16,163,883,1966,315.235993396896,220.014323229672,2
16,163,883,1967,397.0465626498301,397.0465626498301,1
16,163,883,1968,88.102015647768,88.102015647768,1
16,163,883,1969,140.67801370368,111.20778997632,2
16,163,883,1970,14.654592126720003,7.327296063360001,2
16,163,883,1971,13.047533888003995,13.047533888003995,1
16,163,883,1974,11.03120396352,11.03120396352,1
16,163,883,1977,18.35850002688,11.03120396352,2
16,163,883,1987,8.606179290737503,2.6094312,5
16,163,883,1997,75.55169780999998,37.21008078,4
16,163,883,2001,1433.9569779947794,1433.9569779947794,1
16,163,884,1952,84.29990250952801,84.29990250952801,1
16,163,884,1953,6.280539482880001,6.280539482880001,1
16,163,884,1954,7.327296063360001,7.327296063360001,1
16,163,884,1955,5.87794079808,5.87794079808,1
16,163,884,1957,24.60245629716,16.609396392612002,2
16,163,884,1958,49.552109574659994,43.990865622395994,2
16,163,884,1959,54.919310301576,32.583185720316,3
16,163,884,1961,211.889537832312,98.934230686428,3
16,163,884,1962,347.208233015088,110.007161614836,4
16,163,884,1965,112.604979264552,112.604979264552,1
16,163,884,1966,306.82393482697205,111.20778997632,6
16,163,884,1967,164.893343189112,95.221670167224,2
16,163,884,1968,337.30963239168,168.59980501905602,3
16,163,884,1969,677.688358012398,196.90488177408,9
16,163,884,1971,37.874765564298,22.06240792704,2
16,163,884,1972,83.82271442560199,62.56383561791999,3
16,163,884,1973,112.81564262669397,69.67167302188798,3
16,163,884,1974,3.70390790016,3.70390790016,1
16,163,884,1975,158.81862505993195,158.81862505993195,1
16,163,884,1976,3.4327284153119995,3.4327284153119995,1
16,163,884,1977,14.73511186368,14.73511186368,1
16,163,887,1962,159.61403128896,110.007161614836,3
16,163,887,1967,47.610835083611995,47.610835083611995,1
16,163,887,1969,131.912307581904,131.912307581904,1
16,163,887,1970,31.798477446354,31.798477446354,1
16,163,887,1971,88.131649069386,36.79751979072,3
16,163,887,1972,158.81862505993195,158.81862505993195,1
16,163,887,2014,713.3048382173121,713.3048382173121,1
16,163,889,1963,1299.264555831156,495.031179335148,3
16,163,889,1964,29.47022372736,29.47022372736,1
16,163,889,1967,34.83583651094399,34.83583651094399,1
16,163,889,1969,58.10210688139199,58.10210688139199,1
16,163,889,1970,158.81862505993195,158.81862505993195,1
16,163,898,1969,47.610835083611995,47.610835083611995,1
16,163,898,1970,562.4095685672161,562.4095685672161,1
16,163,898,1971,3.2440589721539994,3.2440589721539994,1
16,163,898,1972,86.368468165344,51.53263165440001,2
16,163,898,1977,3.2440589721539994,3.2440589721539994,1
16,163,900,1956,2.7806219761319997,2.7806219761319997,1
16,163,900,1958,69.13331084491199,58.10210688139199,2
16,163,900,1960,237.79773475385397,190.61710250628596,4
16,163,900,1973,217.67436423102595,116.20421376278398,3
16,163,901,1953,34.83583651094399,34.83583651094399,1
16,163,901,1954,97.89364423229398,58.10210688139199,2
16,163,901,1955,52.674695264502,39.791537350902,2
16,163,901,1961,126.44985376429202,126.44985376429202,1
16,163,901,1970,31.798477446354,31.798477446354,1
16,163,901,1976,23.805417541806,23.805417541806,1
16,163,901,1996,91.2388698,91.2388698,1
16,163,901,2018,137.46969445344158,137.46969445344158,1
16,163,902,1952,77.02908471936001,77.02908471936001,1
16,163,902,1965,140.60239214180402,140.60239214180402,1
16,163,902,1967,73.59503958144,73.59503958144,1
16,163,913,1971,23.266270370448,23.266270370448,1
16,163,1614,1980,74.612448,42.6689937,2
16,163,1792,1987,0.4892683499999999,0.4892683499999999,1
16,164,882,1958,538.139474880777,91.207965717099,7
16,164,882,1959,51.40585755874799,45.66636860801399,2
16,164,882,1960,2001.793339144368,2001.793339144368,1
16,164,882,1961,6930.451181734668,4620.300787823112,2
16,164,882,1962,2695.175459563482,1540.100262607704,2
16,164,882,1963,1540.100262607704,1540.100262607704,1
16,164,882,1964,206.00974701216,206.00974701216,1
16,164,882,1965,5818.638321741231,4428.975352466826,2
16,164,882,1966,3891.0563139683336,1945.5281569841668,3
16,164,882,1967,3253.717985357952,2033.57374084872,2
16,164,882,1968,154.43685548928,154.43685548928,1
16,164,882,1969,1968.4334899852563,1968.4334899852563,1
16,164,882,1970,1111.7303754195239,833.797781564643,2
16,164,882,1972,406.714748169744,406.714748169744,1
16,164,882,1974,386.37395780256,386.37395780256,1
16,164,882,1975,456.164600084424,456.164600084424,1
16,164,882,1976,1194.6816381162598,444.5705166475229,4
16,164,882,1977,154.55164060450798,103.14578304576,3
16,164,882,1978,103.14578304576,103.14578304576,1
16,164,892,1963,2032.9660468667337,2032.9660468667337,1
16,164,895,1959,114.04115002110598,57.02057501055299,2
16,164,1505,1976,103.14578304576,103.14578304576,1
16,165,875,1951,1748.78442046728,1748.78442046728,1
16,165,875,1952,1048.238235672642,833.797781564643,4
16,165,875,1953,1138.026238259904,833.797781564643,3
16,165,875,1954,731.2948730544241,731.2948730544241,1
16,165,875,1955,833.797781564643,833.797781564643,1
16,165,875,1956,865.0023878623678,691.5040685511838,3
16,165,875,1957,638.3479690791,461.693076536664,3
16,165,875,1958,1467.5084222578287,978.5416707056968,2
16,165,875,1959,851.4055771588709,611.2084394401649,3
16,165,875,1960,676.8873982943101,203.47337529792,5
16,165,875,1961,555.8651877097619,555.8651877097619,1
16,165,875,1962,682.56581020992,231.93710231328,4
16,165,875,1963,2952.6502349778843,1476.3251174889422,2
16,165,875,1964,25.64553622176,25.64553622176,1
16,165,875,1965,128.79131926752,103.14578304576,2
16,165,875,1966,355.15102159952096,277.93259385488096,2
16,165,875,1967,333.27584558528395,166.63792279264197,2
16,165,875,1968,1240.5216946870441,1111.730375419524,2
16,165,875,1969,945.0924526268819,555.8651877097619,3
16,165,875,1970,639.1841491060829,555.8651877097619,2
16,165,875,1971,125.395356423645,125.395356423645,1
16,165,875,1972,128.79131926752,128.79131926752,1
16,165,875,1974,22.833184304006995,22.833184304006995,1
16,165,875,1976,334.95316886543395,277.93259385488096,2
16,165,875,1977,57.02057501055299,57.02057501055299,1
16,165,875,1980,644.8814530199999,644.8814530199999,1
16,165,875,1981,172.40623848,172.40623848,1
16,165,875,1982,128.66137200000003,128.66137200000003,1
16,165,875,1987,124.27068076174317,62.941725,3
16,165,881,1969,55.343251730403,55.343251730403,1
16,165,885,1959,25.64553622176,25.64553622176,1
16,165,885,1961,385.025065651926,385.025065651926,1
16,165,885,1962,83.31896139632099,83.31896139632099,1
16,165,885,1963,83.31896139632099,83.31896139632099,1
16,165,885,1964,83.31896139632099,83.31896139632099,1
16,165,885,1966,64.53656917344,64.53656917344,1
16,165,885,1968,103.14578304576,103.14578304576,1
16,165,885,1969,12.963677650559998,12.963677650559998,1
16,165,890,1954,731.2948730544241,731.2948730544241,1
16,165,890,1955,738.700970530572,738.700970530572,1
16,165,890,1956,935.354924127792,610.0721222546159,2
16,165,890,1959,257.58263853504,257.58263853504,1
16,165,890,1963,2952.6502349778843,1476.3251174889422,2
16,165,890,1964,77.21842774464,77.21842774464,1
16,165,891,1959,45.66636860801399,45.66636860801399,1
16,165,891,1963,257.58263853504,257.58263853504,1
16,165,891,1970,1223.025046481763,1223.025046481763,1
16,165,893,1952,1667.595563129286,1667.595563129286,1
16,165,893,1953,2165.4922036982225,2165.4922036982225,1
16,165,893,1954,2460.5418624815707,2460.5418624815707,1
16,165,893,1955,833.797781564643,833.797781564643,1
16,165,893,1959,444.5705166475229,444.5705166475229,1
16,165,908,2020,234.16182376089847,145.88128415315938,3
17,172,920,1951,51.653542056168,33.17413162752,3
17,172,920,1952,42.874240674432,23.322744842256004,2
17,172,920,1953,95.75444566924801,74.461448562048,3
17,172,920,1954,74.97245163516,62.09101607011199,3
17,172,920,1955,81.55222638302398,78.61772930270398,2
17,172,920,1956,16.830570584687997,15.53136259584,2
17,172,920,1957,6.3326658180959985,6.3326658180959985,1
17,172,920,1958,19.382123325671998,9.885136886783998,3
17,172,920,1960,161.95219141963202,143.71321579483202,3
17,172,920,1963,3.25657602816,3.25657602816,1
17,172,920,1965,62.125450383360004,58.868874355200006,2
17,172,920,1967,7.240707937848,7.240707937848,1
17,172,920,1968,0.7288239937440001,0.7288239937440001,1
17,172,920,1972,2.4692719334400004,2.4692719334400004,1
17,172,920,1975,173.68809616764,52.978155502608,7
17,172,920,1976,21.257210557439997,21.257210557439997,1
17,172,920,1977,9.80551463424,9.80551463424,1
17,172,920,1997,27.469584409329748,27.469584409329748,1
17,172,920,1998,188.9920584117186,188.9920584117186,1
17,172,920,2000,44.826213237261925,44.826213237261925,1
17,172,920,2002,77.14146891514677,43.39845780077828,2
17,172,920,2003,61.574414963242255,61.574414963242255,1
17,172,920,2004,211.2438494305391,211.2438494305391,1
17,172,920,2010,444.38088687428626,427.49127141308423,2
17,172,920,2011,564.6781394053282,564.6781394053282,1
17,172,920,2016,21.001089225633834,21.001089225633834,1
17,172,921,2004,40.308374253181,40.308374253181,1
17,172,922,1951,1288.465811086752,1288.465811086752,1
17,172,922,1952,170.82752182473595,170.82752182473595,1
17,172,922,1953,261.67125184512,261.67125184512,1
17,172,922,1970,973.209128445792,299.7329867005441,4
17,172,922,1972,130.83562592256,130.83562592256,1
17,172,922,1978,340.138625399616,249.959808252096,4
17,172,922,1998,713.8491345398744,713.8491345398744,1
17,172,922,1999,1061.8254473168206,1061.8254473168206,1
17,172,922,2000,364.02338078608574,364.02338078608574,1
17,172,922,2002,1206.0167647605017,1206.0167647605017,1
17,172,922,2003,22.81717884864628,22.81717884864628,1
17,172,922,2004,1325.0095060811009,1325.0095060811009,1
17,172,922,2008,0.3448300830358028,0.3448300830358028,1
17,172,922,2009,5.553609575216246,5.553609575216246,1
17,172,922,2010,1831.964124411695,1831.964124411695,1
17,172,922,2011,982.1134242167,982.1134242167,1
17,172,922,2012,109.54191643211624,109.54191643211624,1
17,172,922,2013,126.51652624040216,121.15725793844052,2
17,172,922,2015,4.463111674310457,4.463111674310457,1
17,172,922,2016,1284.623812080984,1284.623812080984,1
17,172,922,2017,32.339252525024044,32.339252525024044,1
17,172,922,2018,0.06686821966657525,0.06686821966657525,1
17,172,922,2020,513.5795533305356,513.5795533305356,1
17,172,922,2021,1461.942018433694,1461.942018433694,1
17,172,922,2024,674.8585693170795,674.8585693170795,1
17,172,922,2025,1565.2886751266485,1565.2886751266485,1
17,172,923,1953,41.65852613312,41.65852613312,1
17,172,923,2004,387.103818750388,387.103818750388,1
17,172,923,2010,297.2614176995576,297.2614176995576,1
17,172,923,2011,1.3646758701817518,1.3646758701817518,1
17,172,925,2004,11.910809465634465,11.910809465634465,1
17,172,925,2011,0.1842119958825409,0.1842119958825409,1
17,172,927,1974,2079.070083136512,1232.037416150208,2
17,172,927,1975,55.592366515967996,24.886589224224,3
17,172,927,1977,6.51315205632,6.51315205632,1
17,172,927,1978,300.006465703008,300.006465703008,1
17,172,927,2000,17.03177034788109,17.03177034788109,1
17,172,927,2002,307.6011200928024,215.41344715243832,2
17,172,927,2003,396.8664190209736,396.8664190209736,1
17,172,927,2004,152.22862879284912,152.22862879284912,1
17,172,927,2011,343.3971666657815,343.3971666657815,1
17,172,927,2020,1737.591917678248,1737.591917678248,1
17,172,927,2024,732.6982155365534,732.6982155365534,1
17,172,928,1954,1466.7621548644802,1466.7621548644802,1
17,172,928,1971,1587.2721303010567,1074.7724796835205,2
17,172,928,1974,450.10684267344,351.98012323152,2
17,172,928,2000,733.7677230147448,733.7677230147448,1
17,172,928,2002,566.965544731821,566.965544731821,1
17,172,928,2003,284.56330834611214,284.56330834611214,1
17,172,928,2004,890.1968760064491,890.1968760064491,1
17,172,928,2011,561.4205542105431,561.4205542105431,1
17,172,928,2021,279.94885069331406,279.94885069331406,1
17,172,928,2023,1262.2600346778622,1262.2600346778622,1
17,172,929,1956,461.0842003255459,358.8124492094759,3
17,172,929,1960,197.464619203902,197.464619203902,1
17,172,929,2011,175.50669350000018,175.50669350000018,1
17,172,929,2012,2021.4377373037223,2018.1510755747872,2
17,172,929,2013,2066.722522682933,640.2515927499999,4
17,172,929,2015,1067.4655009110688,1067.4655009110688,1
17,172,930,1951,1487.295881553312,1288.465811086752,2
17,172,930,1952,78.205983328704,78.205983328704,1
17,172,930,1954,5.7672159504959986,5.7672159504959986,1
17,172,930,1957,196.25343888384,196.25343888384,1
17,172,930,1960,522.367702360992,522.367702360992,1
17,172,930,1970,63.27071410608,37.07495968176,2
17,172,930,1972,397.829575652448,327.0890648064,2
17,172,930,1974,324.664964625312,197.70273773567996,2
17,172,930,1975,1499.7588495125765,1499.7588495125765,1
17,172,930,1976,430.954221031296,261.67125184512,2
17,172,930,1978,1013.1222832296002,588.135913400544,2
17,172,930,1997,405.5925824391587,405.5925824391587,1
17,172,930,1998,884.5523090990458,884.5523090990458,1
17,172,930,1999,1219.4847957744248,1219.4847957744248,1
17,172,930,2000,1878.7588498070047,1878.7588498070047,1
17,172,930,2002,1010.4792179600148,1010.4792179600148,1
17,172,930,2003,898.6227832605676,898.6227832605676,1
17,172,930,2004,4257.099705667005,4257.099705667005,1
17,172,930,2009,38.001938163245775,38.001938163245775,1
17,172,930,2010,3377.5052307420274,3377.5052307420274,1
17,172,930,2011,2465.2006648095953,2465.2006648095953,1
17,172,930,2016,3576.941767697818,3576.941767697818,1
17,172,930,2021,1184.8558493435064,1184.8558493435064,1
17,172,931,1952,207.297083867712,207.297083867712,1
17,172,931,1958,26.905647993504,13.879343880864,2
17,172,931,1960,509.6278544221441,375.21319138060807,4
17,172,931,1962,1874.972040893184,1874.972040893184,1
17,172,931,1970,817.1321449776,282.34422232876796,5
17,172,931,1973,104.63987149824,104.63987149824,1
17,172,931,1975,508.4667286139519,395.4054754713599,2
17,172,931,1978,291.02673425423995,282.34422232876796,2
17,172,931,1995,16.64541339018645,11.379392740181494,2
17,172,931,1997,84.73732622815606,84.73732622815606,1
17,172,931,1998,228.95349335467876,228.95349335467876,1
17,172,931,1999,290.1467844946429,290.1467844946429,1
17,172,931,2000,219.85724378648175,219.85724378648175,1
17,172,931,2002,647.6443506031889,647.6443506031889,1
17,172,931,2003,378.4619958297098,378.4619958297098,1
17,172,931,2004,817.9364310709938,817.9364310709938,1
17,172,931,2010,707.1948127118874,707.1948127118874,1
17,172,931,2011,192.98502357045712,192.98502357045712,1
17,172,931,2012,172.7167707083904,172.7167707083904,1
17,172,931,2016,84.19805368750116,84.19805368750116,1
17,172,931,2017,0.3762659885105779,0.3762659885105779,1
17,172,931,2021,437.2910830822709,437.2910830822709,1
17,172,931,2024,173.9983393672485,173.9983393672485,1
17,172,931,2025,599.8701973195126,599.8701973195126,1
17,172,932,1962,22.87953414656,22.87953414656,1
17,172,932,1997,826.7887812635378,826.7887812635378,1
17,172,932,1998,483.4848479536222,483.4848479536222,1
17,172,932,1999,621.5106296274924,621.5106296274924,1
17,172,932,2000,12.972566794749143,12.972566794749143,1
17,172,932,2001,337.1830275715703,337.1830275715703,1
17,172,932,2002,64.53843451080328,64.53843451080328,1
17,172,932,2003,344.43559640532266,344.43559640532266,1
17,172,932,2004,935.0068131891362,935.0068131891362,1
17,172,932,2009,30.233580496109543,30.233580496109543,1
17,172,932,2010,1105.0409117758709,1105.0409117758709,1
17,172,932,2011,1481.5368527834048,1481.5368527834048,1
17,172,932,2016,390.0190102566373,390.0190102566373,1
17,172,933,1962,45.75906829312,45.75906829312,1
17,172,933,1975,3629.3966041935846,1715.8657427891842,5
17,172,933,1998,1487.7517861029123,1487.7517861029123,1
17,172,933,1999,17.1288362317538,17.1288362317538,1
17,172,933,2000,17.118856009686333,17.118856009686333,1
17,172,933,2003,952.6967211422792,952.6967211422792,1
17,172,933,2004,625.0946915255985,625.0946915255985,1
17,172,933,2009,34.090653057752725,34.090653057752725,1
17,172,933,2010,526.2248295832079,526.2248295832079,1
17,172,933,2011,1850.1222619665828,1850.1222619665828,1
17,172,933,2016,200.584241388884,200.584241388884,1
17,172,934,2015,136.13575578336648,136.13575578336648,1
17,172,995,1956,2344.9964557904395,1523.6336037615026,5
17,172,995,1958,1937.054223011046,1306.31195257056,5
17,172,995,1972,1834.149999176166,551.68097778144,11
17,172,995,1977,1016.02040755488,493.55914765248,3
17,172,995,1978,443.05050427136405,159.75563144736,5
17,172,995,1981,558.0356883717,558.0356883717,1
17,172,995,1983,539.5704727165651,177.3358125,5
17,172,995,1984,60.855804673568755,60.855804673568755,1
17,172,995,1992,232.27351799999997,232.27351799999997,1
17,172,995,1996,268.2758645996162,268.2758645996162,1
17,172,995,2002,1608.009285815695,1608.009285815695,1
17,172,995,2003,119.31741615135633,119.31741615135633,1
17,172,995,2004,0.804803273194049,0.804803273194049,1
17,172,995,2010,33.81257064882747,33.81257064882747,1
17,172,995,2011,66.08393992127323,66.08393992127323,1
17,172,996,2004,618.6897786900147,618.6897786900147,1
17,172,997,1953,5916.119982990751,5916.119982990751,1
17,172,997,1959,578.351546535609,514.090263587208,2
17,172,997,1967,51.324657059444995,38.528646669282,2
17,172,997,1970,1065.1041926429937,939.6768649379308,2
17,172,997,1973,1103.04434993376,1103.04434993376,1
17,172,997,1974,2876.7137021221765,1466.8557070985996,2
17,172,997,1975,3598.1689233396446,1016.02040755488,4
17,172,997,1976,4918.1218127970005,2328.8275379198462,4
17,172,997,1977,1248.1901224416001,812.75280491808,3
17,172,997,1978,1571.3840007443277,877.30589870208,2
17,172,997,1979,375.54824916,375.54824916,1
17,172,997,1980,1243.7807326124998,681.3152110125001,2
17,172,997,1982,1675.9505199,901.17079866,2
17,172,997,1983,46.767771,46.767771,1
17,172,997,1986,73.16094970031675,73.16094970031675,1
17,172,997,1987,819.0448359573352,602.4227453999999,3
17,172,997,1995,265.99635262251314,265.99635262251314,1
17,172,997,1998,201.47558957158992,201.47558957158992,1
17,172,997,2000,1615.733947324619,1615.733947324619,1
17,172,997,2002,2046.2559372028015,2046.2559372028015,1
17,172,997,2003,1662.7783139518658,1662.7783139518658,1
17,172,997,2004,911.848094736011,911.848094736011,1
17,172,997,2009,338.9003695326215,338.9003695326215,1
17,172,997,2010,1588.4905602198137,1588.4905602198137,1
17,172,997,2011,3043.357974039174,3043.357974039174,1
17,172,997,2016,333.12465593202893,333.12465593202893,1
17,172,997,2017,221.62874491095587,221.62874491095587,1
17,172,997,2019,112.88948451744658,112.88948451744658,1
17,172,997,2021,690.0708681181399,690.0708681181399,1
17,172,997,2025,930.290969731486,930.290969731486,1
17,172,998,1960,1706.875279438926,1331.2786915570982,3
17,172,998,1961,255.35492581248,255.35492581248,1
17,172,998,1970,1422.4222707646531,1109.196649118676,2
17,172,998,1974,1252.9024865839078,1252.9024865839078,1
17,172,998,1978,1005.963074293017,438.65294935104,4
17,172,998,1995,621.704611143079,621.704611143079,1
17,172,998,1998,290.26402657227044,290.26402657227044,1
17,172,998,1999,174.40606792975743,174.40606792975743,1
17,172,998,2000,762.2966245158539,762.2966245158539,1
17,172,998,2002,453.32027148680334,453.32027148680334,1
17,172,998,2003,428.5959758042273,428.5959758042273,1
17,172,998,2004,645.9062276626338,645.9062276626338,1
17,172,998,2009,323.83882808916894,323.83882808916894,1
17,172,998,2010,342.13359094784624,342.13359094784624,1
17,172,998,2011,760.3201337724179,760.3201337724179,1
17,172,998,2016,207.5871594213284,207.5871594213284,1
17,172,998,2017,514.7114398298363,514.7114398298363,1
17,172,998,2019,92.1987940548774,92.1987940548774,1
17,172,998,2020,46.58687736721536,46.58687736721536,1
17,172,998,2021,1118.2013735347566,1118.2013735347566,1
17,172,998,2025,963.9861665428024,963.9861665428024,1
17,172,999,1951,2858.783518348731,2858.783518348731,1
17,172,999,1952,2342.680907627898,2029.4552859819207,2
17,172,999,1953,5592.282845771127,2067.152023816776,7
17,172,999,1954,62.773198157352,62.773198157352,1
17,172,999,1955,6997.199937382448,2662.760481607485,6
17,172,999,1956,3253.1679130338175,1575.2048693173322,4
17,172,999,1957,4554.858998825814,4148.323793552214,2
17,172,999,1958,1619.537574216537,1306.31195257056,2
17,172,999,1959,145.14577250784004,145.14577250784004,1
17,172,999,1960,832.5042683757241,554.598324559338,2
17,172,999,1961,1325.2769944869478,814.2495372328679,2
17,172,999,1962,1158.7085579420338,438.65294935104,7
17,172,999,1963,1506.509545786137,754.63097478912,2
17,172,999,1964,856.6033269557461,412.725554510136,6
17,172,999,1965,231.31249551448497,231.31249551448497,1
17,172,999,1967,167.05121256608402,128.522565896802,2
17,172,999,1968,1717.241916357348,1252.9024865839078,3
17,172,999,1969,1115.138044678347,1115.138044678347,1
17,172,999,1970,1102.10676498738,1002.047831173782,3
17,172,999,1971,2582.8622665063795,1252.9024865839078,6
17,172,999,1973,996.4272240952021,957.89857742592,2
17,172,999,1974,1221.3743058493017,1221.3743058493017,1
17,172,999,1975,1366.5200783571418,814.2495372328679,4
17,172,999,1976,1971.5550389026648,908.1486842033248,4
17,172,999,1977,1204.67815125216,812.75280491808,2
17,172,999,1979,774.1865204999999,538.99703676,3
17,172,999,1981,645.2849871778196,605.72871414,2
17,172,999,1996,291.8276538425474,291.8276538425474,1
17,172,999,2000,0,0,1
17,172,999,2002,1945.407520709482,1945.407520709482,1
17,172,999,2003,491.45939984781825,491.45939984781825,1
17,172,999,2004,11.850287820017689,11.326328259072964,2
17,172,999,2008,134.02335001056068,134.02335001056068,1
17,172,999,2011,48.29593658348255,48.29593658348255,1
17,172,999,2023,66.97614522109254,66.97614522109254,1
17,172,1000,1952,572.7213625320002,507.3035495707201,2
17,172,1000,1953,737.2993906429442,737.2993906429442,1
17,172,1000,1955,2823.4422232876796,1510.57248051168,2
17,172,1000,1957,1029.003062873424,657.824968762704,2
17,172,1000,1958,29.374775747855995,29.374775747855995,1
17,172,1000,1959,395.251020207504,352.93027791096,2
17,172,1000,1960,81.73647965184,65.41781296128,3
17,172,1000,1963,22.903391846399998,13.09787721216,2
17,172,1000,1966,130.83562592256,130.83562592256,1
17,172,1000,1967,14.481415875696,14.481415875696,1
17,172,1000,1968,389.358128160672,163.5445324032,3
17,172,1000,1969,923.6424778588798,923.6424778588798,1
17,172,1000,1970,923.4359499973441,499.9196165041921,3
17,172,1000,1971,381.1955911966079,381.1955911966079,1
17,172,1000,1976,55.04205552753599,55.04205552753599,1
17,172,1000,1979,255.23727935999995,214.32086207999996,3
17,172,1001,1954,57.14844762672,57.14844762672,1
17,172,1001,1971,1112.239103021088,774.7660139805121,2
17,172,1001,1972,49.09914627072,49.09914627072,1
17,172,1001,1974,661.8269119137119,312.823671832512,6
17,172,1001,1978,221.816910036192,74.93324667513602,4
17,172,1001,2002,1655.7647950629344,1249.551585254132,2
17,172,1001,2003,2307.854502385654,2307.854502385654,1
17,172,1001,2004,3133.263136297868,3133.263136297868,1
17,172,1001,2011,1655.8819778582297,1655.8819778582297,1
17,172,1001,2021,1115.04948830237,1115.04948830237,1
17,172,1001,2023,4977.745408117792,4977.745408117792,1
17,172,1001,2024,43.56505071339945,43.56505071339945,1
17,172,1002,1951,2858.783518348731,2858.783518348731,1
17,172,1002,1952,1879.3537298758615,1879.3537298758615,1
17,172,1002,1953,2666.1874577742897,2666.1874577742897,1
17,172,1002,1954,260.841750261015,260.841750261015,1
17,172,1002,1960,877.30589870208,877.30589870208,1
17,172,1002,1962,348.41337514464,348.41337514464,1
17,172,1002,1970,5038.436043765916,2218.393298237352,4
17,172,1002,1971,928.996465176,928.996465176,1
17,172,1002,1972,6094.058283912143,4214.704554036282,2
17,172,1002,1973,1451.4577250784,1451.4577250784,1
17,172,1002,1974,7797.436627089528,3471.3370998459363,3
17,172,1002,1975,7764.376543830734,7764.376543830734,1
17,172,1002,1976,5391.805303815408,2218.393298237352,4
17,172,1002,1977,2489.3929210425604,783.8506926681601,5
17,172,1002,1978,2412.59122143072,877.30589870208,3
17,172,1002,1980,3620.5164061312494,1578.9107232,3
17,172,1002,1981,790.7444825217,558.0356883717,2
17,172,1002,1982,746.4950237783675,746.4950237783675,1
17,172,1002,1983,73.33340368041411,70.15165649999999,2
17,172,1002,1986,279.9201291890984,193.0729233152862,2
17,172,1002,1995,1824.056227308388,1824.056227308388,1
17,172,1002,1998,962.8350366340512,962.8350366340512,1
17,172,1002,1999,1185.2260371083587,1185.2260371083587,1
17,172,1002,2000,520.065459066605,338.52916293390314,2
17,172,1002,2002,4472.474492191636,4472.474492191636,1
17,172,1002,2003,3259.289627033584,3259.289627033584,1
17,172,1002,2004,2769.3797161624957,2393.460112050339,2
17,172,1002,2005,679.9328562789449,679.9328562789449,1
17,172,1002,2007,798.056628474329,798.056628474329,1
17,172,1002,2009,1240.8417295168715,1240.8417295168715,1
17,172,1002,2010,2717.668572168438,2717.668572168438,1
17,172,1002,2011,3907.484906448653,3907.484906448653,1
17,172,1002,2012,257.81769538862505,257.81769538862505,1
17,172,1002,2013,1709.942416660657,1709.942416660657,1
17,172,1002,2014,948.8866573360432,948.8866573360432,1
17,172,1002,2015,347.62268171900797,347.62268171900797,1
17,172,1002,2016,4245.685256770609,4245.685256770609,1
17,172,1002,2017,538.3112362591822,538.3112362591822,1
17,172,1002,2019,524.0685181221882,524.0685181221882,1
17,172,1002,2020,818.5853585583546,559.6328649258367,2
17,172,1002,2021,4049.019357798577,4049.019357798577,1
17,172,1002,2024,477.829123541293,477.829123541293,1
17,172,1002,2025,1492.6532497445978,1492.6532497445978,1
17,172,1366,1974,931.8286068432479,755.28624025584,2
17,172,1366,2000,14.295851311689852,14.295851311689852,1
17,172,1366,2002,493.4478339549327,493.4478339549327,1
17,172,1366,2003,2008.38238912781,2008.38238912781,1
17,172,1366,2004,1453.5642923540954,1453.5642923540954,1
17,172,1366,2011,408.6928595622239,408.6928595622239,1
17,172,1366,2020,658.3608755648938,658.3608755648938,1
17,172,1366,2023,369.55873980056344,369.55873980056344,1
17,172,1366,2024,191.39156906456543,191.39156906456543,1
17,172,1367,1974,1423.3685294442091,751.878570997017,4
17,172,1367,1975,200.467479629109,156.955508439669,2
17,172,1367,1978,64.26128294840099,38.528646669282,2
17,172,1368,1974,112.906797878736,112.906797878736,1
17,172,1368,1975,100.09331490182402,100.09331490182402,1
17,172,1368,2000,422.71506741581504,422.71506741581504,1
17,172,1368,2002,982.6559630006068,982.6559630006068,1
17,172,1368,2003,442.6497020171893,442.6497020171893,1
17,172,1368,2004,1081.413826350085,1081.413826350085,1
17,172,1368,2011,734.9221521351192,734.9221521351192,1
17,172,1368,2021,268.15539990684454,268.15539990684454,1
17,172,1368,2023,677.1160226483315,677.1160226483315,1
17,172,1376,1975,174.75308257449603,149.86649335027204,2
17,172,1439,1993,7210.297995242495,7210.297995242495,1
17,172,1440,1993,1014.787362045182,1014.787362045182,1
17,172,1440,1997,219.53597659896295,219.53597659896295,1
17,172,1440,1998,1055.3853569872654,1055.3853569872654,1
17,172,1440,2000,133.66393237275403,133.66393237275403,1
17,172,1440,2003,168.49334278963582,168.49334278963582,1
17,172,1440,2004,1679.9968808806889,1679.9968808806889,1
17,172,1440,2010,149.75075250688943,149.75075250688943,1
17,172,1440,2011,1283.042330452337,1283.042330452337,1
17,172,1563,1978,178.57761124003198,84.641484593088,3
17,172,1563,1997,17.685232506735627,17.685232506735627,1
17,172,1563,1998,309.5713613679846,309.5713613679846,1
17,172,1563,1999,170.44156223383126,170.44156223383126,1
17,172,1563,2000,184.32685304607045,184.32685304607045,1
17,172,1563,2002,377.6677000884182,377.6677000884182,1
17,172,1563,2003,590.1497465486642,590.1497465486642,1
17,172,1563,2004,882.1994514428396,882.1994514428396,1
17,172,1563,2009,29.000284876955252,29.000284876955252,1
17,172,1563,2010,1191.5394050552577,1191.5394050552577,1
17,172,1563,2011,609.8050803411053,609.8050803411053,1
17,172,1563,2017,54.19468300729661,54.19468300729661,1
17,172,1563,2021,447.13721938181,447.13721938181,1
17,172,1563,2024,338.61818166579184,338.61818166579184,1
17,172,1563,2025,211.69161278577175,211.69161278577175,1
17,172,1573,1979,950.625829845,550.6085793584999,3
17,172,1573,1980,1067.410336116,1067.410336116,1
17,172,1573,1986,147.0836781,147.0836781,1
17,172,1573,1998,23.091443528492498,23.091443528492498,1
17,172,1573,1999,666.5615777382776,666.5615777382776,1
17,172,1573,2000,423.4144515855649,423.4144515855649,1
17,172,1573,2002,3066.3801543046716,3066.3801543046716,1
17,172,1573,2003,461.9154748946659,461.9154748946659,1
17,172,1573,2004,4493.2062154404775,4493.2062154404775,1
17,172,1573,2005,430.1561128215365,430.1561128215365,1
17,172,1573,2007,189.80717602203788,189.80717602203788,1
17,172,1573,2009,882.2943467711444,810.8546269890646,2
17,172,1573,2010,3550.9755568570886,3550.9755568570886,1
17,172,1573,2011,7132.703039109916,7132.703039109916,1
17,172,1573,2012,793.2573575209714,793.2573575209714,1
17,172,1573,2013,2022.1595181745972,2022.1595181745972,1
17,172,1573,2014,2016.5145339101337,2016.5145339101337,1
17,172,1573,2015,93.54803585008312,93.54803585008312,1
17,172,1573,2016,2646.4805520463506,2646.4805520463506,1
17,172,1573,2017,288.67445563760674,288.67445563760674,1
17,172,1573,2019,70.08936192728048,70.08936192728048,1
17,172,1573,2020,394.5587176322386,315.6829399999212,2
17,172,1573,2021,5632.554151335834,5632.554151335834,1
17,172,1573,2024,1731.1643006882591,1731.1643006882591,1
17,172,1573,2025,1656.22813044271,1656.22813044271,1
17,172,1655,1982,712.8144634467749,712.8144634467749,1
17,172,3009,2004,2225.473436871481,2225.473436871481,1
17,172,3009,2011,558.7655390635016,558.7655390635016,1
17,172,3009,2016,192.30561281675895,192.30561281675895,1
17,172,3009,2021,309.45508279728125,309.45508279728125,1
17,172,3009,2023,1722.619066578516,1722.619066578516,1
17,172,3009,2024,89.76809216733045,55.30056564249775,2
17,172,3010,2004,13.02675950838152,13.02675950838152,1
17,172,3010,2023,813.5464359545822,813.5464359545822,1
17,172,3056,2009,96.88488354018676,96.88488354018676,1
17,172,3056,2011,89.32731424270305,89.32731424270305,1
17,173,926,2010,30.35487020751955,30.35487020751955,1
17,173,926,2011,477.64177674524046,395.8137082065029,2
17,173,935,2011,33.873151146504384,33.873151146504384,1
17,173,940,1952,191.92259402489498,156.51466737407998,3
17,173,940,1953,3746.1936805073447,1133.202874913505,5
17,173,940,1954,1978.4307115029353,1281.057840897745,6
17,173,940,1955,911.900067851655,614.7480392368649,3
17,173,940,1956,1187.412482838685,284.70303652346007,13
17,173,940,1958,131.765964702295,63.02941195897501,3
17,173,940,1959,1676.41882007706,1676.41882007706,1
17,173,940,1960,153.76343298664497,153.76343298664497,1
17,173,940,1961,2011.7637226344145,977.9109783782848,4
17,173,940,1962,83.75980246190998,83.75980246190998,1
17,173,940,1964,673.2866560784,129.47275481920002,6
17,173,940,1968,391.28666843519994,391.28666843519994,1
17,173,940,1969,51.704108872000006,38.8134954272,2
17,173,940,1972,116.44048628160002,77.6269908544,2
17,173,940,1975,148.30538404454003,148.30538404454003,1
17,173,940,1976,77.6269908544,77.6269908544,1
17,173,940,1978,103.5498728368,103.5498728368,1
17,173,940,1979,663.7119445425,245.93069291999996,4
17,173,940,1985,0,0,1
17,173,940,1986,107.09441533367297,85.23498464161445,2
17,173,941,1952,1422.85029587232,781.131754407744,5
17,173,941,1953,1476.6009528213121,792.8289867966721,3
17,173,941,1954,2614.8239022257926,2028.1202822730245,2
17,173,941,1958,141.33301385216,78.53954787328,2
17,173,941,1959,376.45896310502394,376.45896310502394,1
17,173,941,1960,965.2296576141439,301.0847943432959,5
17,173,941,1961,393.92279938790386,206.9700535670399,4
17,173,941,1962,305.28312715264,183.13170397184,2
17,173,941,1964,78.44411707392001,52.296078049280005,2
17,173,941,1967,75.374168761728,75.374168761728,1
17,173,941,1969,26.148039024640003,26.148039024640003,1
17,173,941,1972,30.885237068224,30.885237068224,1
17,173,941,1974,942.7778127180159,903.4603233816958,3
17,173,941,1975,2522.174860878208,1766.3097172474882,3
17,173,941,1976,677.54375744832,677.54375744832,1
17,173,941,1977,136.65721845152,123.5831989392,2
17,173,941,1978,828.6541371063679,508.26078826214393,3
17,173,941,1980,1031.2837258239997,758.9503843839998,2
17,173,941,1983,233.74409620238683,140.52288,3
17,173,941,1984,1936.1586927999997,832.055488,4
17,173,941,1985,1345.7478219659213,1345.7478219659213,2
17,173,941,1986,1307.6001588591737,1307.6001588591737,1
17,173,941,1987,1255.593530269315,1255.593530269315,1
17,173,941,1989,686.825485511865,686.825485511865,1
17,173,941,1990,1264.0679571084338,1264.0679571084338,1
17,173,941,1991,549.2312731264269,549.2312731264269,1
17,173,941,1992,137.25837949051964,137.25837949051964,1
17,173,941,1993,643.6011072571803,643.6011072571803,1
17,173,941,1997,266.1054102664819,266.1054102664819,1
17,173,941,2002,2049.0350068954203,2049.0350068954203,1
17,173,941,2003,1447.808495522342,1447.808495522342,1
17,173,941,2005,28.7993667187593,28.7993667187593,1
17,173,941,2006,1047.6481084770598,1047.6481084770598,1
17,173,941,2008,151.5232222843324,151.5232222843324,1
17,173,941,2016,837.3240212491321,837.3240212491321,1
17,173,942,1952,7.993059904548,7.993059904548,1
17,173,943,1952,335.46757635584004,335.46757635584004,1
17,173,943,1953,9055.367709851389,8576.278077368204,2
17,173,943,1970,22.229131809192,22.229131809192,1
17,173,943,1978,62.692070754560014,62.692070754560014,1
17,173,943,1979,73.05176832,73.05176832,1
17,173,943,1992,1087.3525940084187,1087.3525940084187,1
17,173,943,2009,0.04102635478035445,0.04102635478035445,1
17,173,944,1971,481.71916036821597,333.67378996224,3
17,173,944,1976,741.153583613016,741.153583613016,1
17,173,944,1979,2328.9127161407996,579.043901016,10
17,173,944,1980,229.941593748,182.829232728,3
17,173,944,1981,32.59421423999999,32.59421423999999,1
17,173,947,1973,557.21184744163,410.040111721716,3
17,173,947,1974,1168.089938465232,229.03141375447197,8
17,173,947,1977,628.1294236996121,628.1294236996121,1
17,173,947,1986,1389.2174774657883,1389.2174774657883,1
17,173,947,1992,364.9594560978108,364.9594560978108,1
17,173,947,1997,658.7244667934734,658.7244667934734,1
17,173,947,1998,54.31240179874753,54.31240179874753,1
17,173,947,2000,730.6977789715717,730.6977789715717,1
17,173,947,2001,495.7204699565028,495.7204699565028,1
17,173,947,2003,2118.3522863869125,2118.3522863869125,1
17,173,947,2005,1341.2181979125824,1341.2181979125824,1
17,173,947,2006,1021.2134301278832,1021.2134301278832,1
17,173,947,2008,1349.3155158423067,1349.3155158423067,1
17,173,947,2011,40.735136585059685,40.735136585059685,1
17,173,947,2020,265.7197557862015,265.7197557862015,1
17,173,949,1951,83.75980246190998,83.75980246190998,1
17,173,949,1953,777.2955586045651,376.1760653684501,3
17,173,949,1954,742.06818074841,742.06818074841,1
17,173,949,1956,129.47275481920002,64.73637740960001,2
17,173,949,1961,559.44849790854,494.71212049894007,2
17,173,949,1963,326.62792097717494,307.22117326357494,2
17,173,949,1964,75.348513591445,55.941765877845,2
17,173,949,1968,5.707140784344999,5.707140784344999,1
17,173,949,1970,243.25144117655498,139.70156833975497,3
17,173,949,1971,17.18413818583,17.18413818583,1
17,173,949,1973,45.84527377314499,45.84527377314499,1
17,173,949,1975,25.7812268896,12.8906134448,2
17,173,949,1976,28.661135587315002,28.661135587315002,1
17,173,949,1977,25.922881982400003,25.922881982400003,1
17,173,949,1978,19.4067477136,19.4067477136,1
17,173,949,1985,596.8364531558216,596.8364531558216,1
17,173,949,2012,271.16524499999997,271.16524499999997,1
17,173,953,1951,2159.306375416516,1023.497805941784,3
17,173,953,1952,3775.210636478608,1415.801304864036,4
17,173,953,1953,4224.45242365782,2537.2242352766325,3
17,173,953,1954,4.211863297179999,4.211863297179999,1
17,173,953,1955,627.766196975312,604.069536609232,2
17,173,953,1956,879.0822873557479,349.98511946544005,6
17,173,953,1957,31.474105729835998,14.014017879708,3
17,173,953,1958,41.965474306448,20.982737153224,2
17,173,953,1959,614.02403018754,614.02403018754,1
17,173,953,1960,404.47234183936797,204.55025443329595,4
17,173,953,1961,317.93733209216,238.89080809727997,2
17,173,953,1962,68.307840440316,68.307840440316,1
17,173,953,1963,14.014017879708,14.014017879708,1
17,173,953,1964,368.07357818735204,209.980530197592,3
17,173,953,1965,55.979492186155994,55.979492186155994,1
17,173,953,1968,10.491368576611999,6.968719273515999,2
17,173,953,1970,158.09304798976,158.09304798976,1
17,173,953,1972,252.87968945408,126.43984472704,3
17,173,953,1973,142.17996219648,94.78664146432,2
17,173,953,1974,316.99088330368,237.13957198463996,2
17,173,953,1975,545.7161897472239,545.7161897472239,1
17,173,953,1976,443.44106253057595,272.85809487361195,3
17,173,953,1977,71.89870718847999,47.39332073216,2
17,173,953,1978,422.98085714432,422.98085714432,1
17,173,953,1979,985.0502972699999,324.96117446,4
17,173,953,1980,2422.8667684340003,2402.489492424,2
17,173,953,1981,303.781131847,286.074926647,2
17,173,953,1982,1697.6039691869998,1697.6039691869998,1
17,173,953,1983,2214.6736239999996,1133.35248,5
17,173,953,1984,4498.9755288,1493.8955135999995,6
17,173,953,1985,2721.9422082660094,2721.9422082660094,1
17,173,953,1986,311.5189192789119,311.5189192789119,1
17,173,953,1987,2138.8583420861287,2138.8583420861287,1
17,173,953,1989,457.555319461588,457.555319461588,1
17,173,953,1990,3167.030928032868,3167.030928032868,1
17,173,953,1991,1331.7195643132184,1331.7195643132184,1
17,173,953,1992,1190.5568525631418,1190.5568525631418,1
17,173,953,1993,2006.731969060353,2006.731969060353,1
17,173,953,1994,847.3065636383677,847.3065636383677,1
17,173,953,1995,717.5453797563076,717.5453797563076,1
17,173,953,1996,452.2054589359379,452.2054589359379,1
17,173,953,1997,276.3573386526004,276.3573386526004,1
17,173,953,2002,615.3841903134564,474.2625139221125,2
17,173,953,2003,51.4977151829776,51.4977151829776,1
17,173,953,2004,368.31382399188385,368.31382399188385,1
17,173,953,2005,107.3804959085168,107.3804959085168,1
17,173,953,2006,1355.327069721685,1355.327069721685,1
17,173,953,2008,34.170111089546424,34.170111089546424,1
17,173,953,2012,171.65136937714502,171.65136937714502,1
17,173,953,2023,396.0624481999999,396.0624481999999,1
17,173,954,1951,11.12663476288,11.12663476288,1
17,173,954,1954,196.73357509312,196.73357509312,1
17,173,954,1955,583.523486191246,205.020055860858,4
17,173,954,1959,965.2038151081318,965.2038151081318,1
17,173,954,1960,501.59990500835386,434.0514696153299,2
17,173,954,1961,293.8873551723361,293.8873551723361,1
17,173,954,1962,376.86880470272,337.74217696512,2
17,173,954,1963,241.169023239156,168.87108848256,2
17,173,954,1964,270.64508056862394,158.88965009310397,2
17,173,954,1966,212.38422618816,134.13097071296,3
17,173,954,1967,76.91081091560599,33.50217500032,3
17,173,954,1968,9.906460914966,9.906460914966,1
17,173,954,1969,108.446902134894,108.446902134894,1
17,173,954,1970,215.25798661361395,144.59586951319196,3
17,173,954,1971,9.906460914966,9.906460914966,1
17,173,954,1972,97.367888192234,72.62880273792,3
17,173,954,1973,363.35437763743596,289.45560010213796,4
17,173,954,1974,795.8050044740638,385.7648927523479,4
17,173,954,1975,1555.4610415698298,1121.4095719544998,2
17,173,954,1976,1133.5471814391838,578.9112002042759,5
17,173,954,1977,309.69523341030003,122.8820652384,4
17,173,954,1978,318.393121620134,313.466957995752,2
17,173,954,1979,292.90896374700003,108.892473836,3
17,173,954,1980,8.46623596,8.46623596,1
17,173,954,1981,273.9778272915,192.0536772915,2
17,173,954,1982,105.87446728,105.87446728,1
17,173,954,1983,335.32444499999997,335.32444499999997,1
17,173,954,1984,254.84076849999997,162.64306399999998,2
17,173,954,1986,91.51868869301131,91.51868869301131,1
17,173,954,1987,1625.9599336230888,1625.9599336230888,1
17,173,954,1988,1006.6158899163972,1006.6158899163972,1
17,173,954,1989,238.130324301334,238.130324301334,1
17,173,954,1990,590.5338503059511,590.5338503059511,1
17,173,954,1997,47.6479621058586,47.6479621058586,1
17,173,954,2003,790.1731051419911,790.1731051419911,1
17,173,954,2006,204.6261611541223,204.6261611541223,1
17,173,954,2008,318.1854462353111,318.1854462353111,1
17,173,955,1964,139.51982866432,139.51982866432,1
17,173,955,1975,1666.3987216806402,1666.3987216806402,1
17,173,955,1976,2916.704843021568,1960.989420330496,4
17,173,956,1951,167.641882007706,134.137961022942,2
17,173,956,1957,631.36067321578,433.475825016204,2
17,173,956,1960,28.00145220989399,28.00145220989399,1
17,173,956,1961,4.590798960593999,4.590798960593999,1
17,173,956,1962,7.76269908544,7.76269908544,1
17,173,956,1963,668.3800662593441,257.20700181739204,5
17,173,956,1966,155.36730578304,103.57820385536,2
17,173,956,1972,11.464454234926,11.464454234926,1
17,173,956,1975,39.128666843519994,39.128666843519994,1
17,173,956,1976,41.41994913472,41.41994913472,1
17,173,956,1978,98.42195847744,51.789101927679994,2
17,173,956,1979,52.8857078045,52.8857078045,1
17,173,956,1985,24.788709480901257,24.788709480901257,1
17,173,956,1997,45.56240955263868,45.56240955263868,1
17,173,956,1999,1000.0596782118186,961.5154807236617,2
17,173,956,2003,827.3505954228492,603.074585444679,2
17,173,956,2005,1918.0910688951285,1361.8615089626037,2
17,173,956,2010,570.635703973049,278.80367314012625,3
17,173,957,1954,444.5994770094959,444.5994770094959,1
17,173,957,2025,5.290600963198903,5.290600963198903,1
17,173,958,1966,38.16039089408,38.16039089408,1
17,173,959,1953,206.32080729762998,113.35085676232198,2
17,173,959,1961,2.282856313738,2.282856313738,1
17,173,959,1963,304.816687684688,123.826036767036,4
17,173,959,1964,111.76125467180398,111.76125467180398,1
17,173,959,1990,230.5651249353803,230.5651249353803,1
17,173,959,1992,368.6812017805682,368.6812017805682,1
17,173,959,1994,2119.6617527341587,2119.6617527341587,1
17,173,959,1997,65.33684009996605,65.33684009996605,1
17,173,959,1999,431.65058515372107,431.65058515372107,1
17,173,959,2001,412.2001299572261,412.2001299572261,1
17,173,959,2003,4228.6336361629765,4228.6336361629765,1
17,173,959,2004,315.48395586288234,315.48395586288234,1
17,173,959,2005,206.1068554652089,206.1068554652089,1
17,173,959,2008,142.4831582707671,142.4831582707671,1
17,173,959,2009,1847.990528904928,1847.990528904928,1
17,173,959,2010,1247.8861952090972,1247.8861952090972,1
17,173,959,2011,234.88136931563457,234.88136931563457,1
17,173,960,1954,1423.1163590720405,1423.1163590720405,1
17,173,960,1959,945.6406676613959,757.564455397716,2
17,173,960,1963,178.266436689824,178.266436689824,1
17,173,960,2004,1550.5258125631085,1550.5258125631085,1
17,173,960,2005,288.42481195405577,288.42481195405577,1
17,173,960,2007,529.688093817084,529.688093817084,1
17,173,960,2012,152.57072033999995,152.57072033999995,1
17,173,961,1954,1423.1163590720405,1423.1163590720405,1
17,173,961,1959,811.7396391952079,811.7396391952079,1
17,173,961,1963,137.8676829504,137.8676829504,1
17,173,962,1954,640.449302186542,640.449302186542,1
17,173,962,1958,402.1543909728801,201.238483829328,2
17,173,962,1961,20.73830558592,20.73830558592,1
17,173,962,1990,3.980462782575276,3.980462782575276,1
17,173,962,1994,34.86442994646499,34.86442994646499,1
17,173,962,1997,215.9590169924749,215.9590169924749,1
17,173,962,1999,211.78039844694237,211.78039844694237,1
17,173,962,2003,534.8448426079725,485.1721601355824,2
17,173,962,2005,833.4997863968969,833.4997863968969,1
17,173,962,2006,0,0,1
17,173,962,2009,78.90973827069034,78.90973827069034,1
17,173,962,2010,149.81151845349004,149.81151845349004,1
17,173,962,2011,16.727390062212304,16.727390062212304,1
17,173,963,1952,494.2825868831759,494.2825868831759,1
17,173,963,1954,1509.8304416172882,1509.8304416172882,1
17,173,963,1955,230.47299621712799,181.09879687116,2
17,173,963,1956,99.20031593472001,34.31930121984,4
17,173,963,1961,329.40159271689595,247.05119453767196,2
17,173,963,1992,416.409966964483,416.409966964483,1
17,173,964,1952,10.84332457728,10.84332457728,1
17,173,964,1953,751.81099681908,751.81099681908,1
17,173,964,1954,5098.252226121577,1941.2105677936563,4
17,173,964,1955,805.9678376942879,255.08652668927996,4
17,173,964,1956,58.833087805439995,29.416543902719997,2
17,173,964,1959,29.416543902719997,29.416543902719997,1
17,173,964,1980,206.840999772,206.840999772,1
17,173,964,1981,38.93491800000001,38.93491800000001,1
17,173,964,1983,1372.8607812,1063.7073,3
17,173,964,2025,3179.2679221247217,3179.2679221247217,1
17,173,965,1956,372.88707746673606,350.00754332017607,3
17,173,966,1953,1677.51488295504,1677.51488295504,1
17,173,968,1954,1158.8673268247042,727.7276794402081,2
17,173,968,1980,351.300603132,351.300603132,1
17,173,968,2025,142.494108512524,142.494108512524,1
17,173,969,1952,56.199935006352014,56.199935006352014,1
17,173,969,1953,325.19638380931195,214.77004439176795,2
17,173,969,1954,86.31715802112,86.31715802112,1
17,173,969,1955,1635.8393136214804,1199.8891233108002,5
17,173,969,1977,39.118835664216,39.118835664216,1
17,173,969,1979,1766.0069208359996,386.744797728,7
17,173,969,1980,184.535559432,67.53039703200001,3
17,173,969,1981,634.7606933159999,519.9927000839999,2
17,173,969,2025,140.3087095551385,140.3087095551385,1
17,173,970,1953,2659.682713987584,1530.279763731648,3
17,173,970,1954,1484.5807648758243,1484.5807648758243,1
17,173,970,1974,698.7556136845438,465.9143034216239,2
17,173,970,1979,448.5380509439999,227.21320864799992,3
17,173,970,1980,560.4622192439999,274.2628204439999,4
17,173,970,2025,586.5025094403283,586.5025094403283,1
17,173,971,1954,1484.5807648758243,1484.5807648758243,1
17,173,971,1955,93.94003734638405,93.94003734638405,1
17,173,971,1980,186.809965488,100.177609968,2
17,173,971,2025,1879.2274384068874,1655.7591574205069,2
17,173,972,1953,1677.51488295504,1677.51488295504,1
17,173,972,2016,152.77584555873938,152.77584555873938,1
17,173,972,2025,116.06455881023516,116.06455881023516,1
17,173,973,1953,53.750431821887986,53.750431821887986,1
17,173,973,1955,4244.05220595876,1281.20641368552,5
17,173,973,1956,77.08422818304,58.833087805439995,3
17,173,973,1979,1177.562083788,566.82396414,4
17,173,973,1980,228.90044282399995,84.53903716799998,4
17,173,973,1981,1176.807741984,1176.807741984,1
17,173,974,1953,2485.564817782144,2485.564817782144,1
17,173,974,1978,1242.2322021058558,941.14740776256,2
17,173,974,1982,122.1864519009385,122.1864519009385,1
17,173,974,1990,1777.4977816119292,1777.4977816119292,1
17,173,974,1999,138.70971573906655,138.70971573906655,1
17,173,974,2003,717.1248741277112,717.1248741277112,1
17,173,974,2015,2509.7105503201046,2193.39172114145,2
17,173,974,2024,3829.291268710735,3829.291268710735,1
17,173,975,1953,994.440477377664,994.440477377664,1
17,173,975,2003,434.53589173664255,434.53589173664255,1
17,173,976,1978,26.939572270884,26.939572270884,1
17,173,976,1990,1402.4732126505498,1402.4732126505498,1
17,173,976,2003,279.51109225566586,279.51109225566586,1
17,173,976,2004,2299.170111916853,2299.170111916853,1
17,173,977,1955,2957.037293975744,2957.037293975744,1
17,173,977,1992,265.41694540597547,265.41694540597547,1
17,173,978,1970,43.61187530752001,43.61187530752001,1
17,173,978,1978,897.066562821312,470.57370388128,6
17,173,979,1952,218.7832019712,218.7832019712,1
17,173,980,1969,21.799973228800003,21.799973228800003,1
17,173,980,1994,1439.3514286698928,1439.3514286698928,1
17,173,980,2003,947.313053653968,947.313053653968,1
17,173,980,2008,27.24217715,12.6804145,5
17,173,980,2014,7.72159,7.72159,1
17,173,985,1951,189.74625125248,189.74625125248,1
17,173,985,1952,1520.9129550789721,1268.94257143296,3
17,173,985,1953,3020.5517668140924,2537.2242352766325,4
17,173,985,1954,3764.723458191341,3675.968011619857,3
17,173,985,1955,2127.2269176168643,2026.0249693499363,3
17,173,985,1956,1462.77494322208,358.33621214591994,7
17,173,985,1958,6.968719273515999,6.968719273515999,1
17,173,985,1959,237.13957198463996,237.13957198463996,1
17,173,985,1960,460.611339362568,460.611339362568,1
17,173,985,1961,535.9136204812839,409.47377575424395,3
17,173,985,1968,79.04652399488,79.04652399488,1
17,173,985,1970,136.615680880632,136.615680880632,1
17,173,985,1971,82.79076687104399,51.13756360832399,2
17,173,985,1974,17.536667182804,17.536667182804,1
17,173,985,1975,126.43984472704,126.43984472704,1
17,173,985,1978,95.94234229053198,84.00752794557198,2
17,173,985,1979,406.96185895,142.79291115200002,4
17,173,985,1985,476.8732227794744,476.8732227794744,1
17,173,985,1995,221.99285098879196,221.99285098879196,1
17,173,985,1997,338.0695793983459,338.0695793983459,1
17,173,985,2002,284.3146360003167,284.3146360003167,1
17,173,985,2005,47.55895420639557,47.55895420639557,1
17,173,985,2006,508.3135844998261,508.3135844998261,1
17,173,985,2008,24.487400979243656,24.487400979243656,1
17,173,985,2012,1027.842942175,347.62572599999993,5
17,173,986,1952,0.32612233053399997,0.32612233053399997,1
17,173,986,1953,11.614972233634001,11.614972233634001,1
17,173,986,1954,640.449302186542,640.449302186542,1
17,173,986,1957,332.51384839669606,197.88484819957603,2
17,173,986,1958,858.2347474640321,510.8882720784961,3
17,173,986,1959,894.334591542204,559.050827526792,2
17,173,986,1960,494.71212049894007,494.71212049894007,1
17,173,986,1961,145.265175656568,145.265175656568,1
17,173,986,1962,696.494044483628,696.494044483628,1
17,173,986,1963,380.037176717688,380.037176717688,1
17,173,986,1964,278.027309199312,155.36730578304,2
17,173,986,1968,25.329104546514,20.73830558592,2
17,173,986,1987,144.90568207818154,144.90568207818154,1
17,173,986,1988,536.6140216792141,536.6140216792141,1
17,173,986,1990,1518.0249597341915,1518.0249597341915,1
17,173,986,1992,1042.3492338127833,972.4810782450415,2
17,173,986,1993,1526.3653057942793,1526.3653057942793,1
17,173,986,1995,743.3255277567242,743.3255277567242,1
17,173,986,1997,150.0766241255706,150.0766241255706,1
17,173,986,1998,736.0015020793239,736.0015020793239,1
17,173,986,1999,0,0,1
17,173,986,2000,889.8048981183745,889.8048981183745,1
17,173,986,2001,852.9852721918586,675.1556105883583,2
17,173,986,2003,917.73428604406,917.73428604406,1
17,173,986,2005,900.0198218229568,856.3280257337308,2
17,173,986,2006,154.98959869988929,154.98959869988929,1
17,173,986,2007,347.28447810655484,347.28447810655484,1
17,173,986,2008,1530.0948809714953,1519.7311594964954,2
17,173,986,2009,43.304597137288845,43.304597137288845,2
17,173,986,2010,547.1497553619545,534.2011841640061,2
17,173,986,2011,536.312927549857,536.312927549857,1
17,173,986,2012,247.97484582500005,77.1849008,5
17,173,986,2013,173.30927892918365,49.171594258154386,6
17,173,986,2014,1169.38974310967,901.8690889428244,6
17,173,986,2020,556.5285817265494,556.5285817265494,1
17,173,987,1960,49.95549778342401,49.95549778342401,1
17,173,987,1963,376.45896310502394,376.45896310502394,1
17,173,987,1978,602.3755290383999,602.3755290383999,1
17,173,987,1988,1976.2043980568055,1976.2043980568055,1
17,173,987,1989,199.018013284828,199.018013284828,1
17,173,987,1995,120.7540432984929,120.7540432984929,1
17,173,987,1997,23.381442049717897,23.381442049717897,1
17,173,987,2000,272.08168353591105,272.08168353591105,1
17,173,987,2003,328.3395709577016,328.3395709577016,1
17,173,987,2008,13.670768758407512,13.670768758407512,1
17,173,987,2010,141.74125832104977,141.74125832104977,1
17,173,987,2022,521.8455669663255,521.8455669663255,1
17,173,988,1951,511.08334756779993,511.08334756779993,1
17,173,988,1952,1732.0336822720003,1732.0336822720003,1
17,173,988,1953,1715.7182927484655,1379.6730800347902,5
17,173,988,1954,8700.610073356565,3010.4910439990203,7
17,173,988,1955,531.302514684165,139.70156833975497,8
17,173,988,1956,403.290814633945,317.307407872,2
17,173,988,1957,134.71360884365998,103.167544947775,2
17,173,988,1958,3031.18937990415,1397.01568339755,3
17,173,988,1959,268.94617516377497,129.47275481920002,4
17,173,988,1960,1619.6981223785301,1038.67894883749,5
17,173,988,1961,1455.6192491996399,698.507841698775,3
17,173,988,1962,733.356810606285,733.356810606285,1
17,173,988,1964,258.94550963840004,258.94550963840004,1
17,173,988,1965,453.1546418672,453.1546418672,1
17,173,988,1966,168.28625024640002,129.47275481920002,2
17,173,988,1970,287.60664522571506,258.94550963840004,2
17,173,988,1971,502.864507481175,419.104705019265,2
17,173,988,1972,77.76864594720001,45.329629696000005,2
17,173,988,1974,724.9907649504,647.363774096,3
17,173,988,1975,41.580597143084994,41.580597143084994,1
17,173,988,1976,827.9805965179748,558.8062733590199,3
17,173,988,1978,279.40313667950994,279.40313667950994,1
17,173,988,1979,675.8309899949999,226.846258155,4
17,173,988,1982,268.96240436961125,161.67765,2
17,173,988,1984,1536.33373475,976.7919427500002,2
17,173,988,1985,1242.169712444898,1242.169712444898,9
17,173,988,1986,1123.1662386782243,1123.1662386782243,1
17,173,988,1987,1898.7944050285237,1898.7944050285237,1
17,173,988,1988,866.0666736802507,455.5573475,3
17,173,988,1989,477.9702186378848,477.9702186378848,1
17,173,988,1990,992.2805620006732,992.2805620006732,1
17,173,988,1991,466.5150381977179,466.5150381977179,1
17,173,988,1992,829.3419730707769,829.3419730707769,1
17,173,988,1993,6233.866282280474,6233.866282280474,1
17,173,988,1997,15.518140887871496,15.518140887871496,1
17,173,988,2002,408.1602144682884,408.1602144682884,1
17,173,988,2003,543.8858320998539,543.8858320998539,1
17,173,988,2004,453.5658585663393,453.5658585663393,1
17,173,988,2005,151.4538124763324,151.4538124763324,1
17,173,988,2006,59.85186422603589,59.85186422603589,1
17,173,988,2007,7.283124803676371,7.283124803676371,1
17,173,988,2008,124.39178688336361,99.68573084655512,3
17,173,988,2012,4.107802582673204,4.107802582673204,1
17,173,988,2016,20.71313929963904,20.71313929963904,1
17,173,988,2023,546.8684975000001,546.8684975000001,1
17,173,992,1955,1964.080615862704,1964.080615862704,1
17,173,992,1960,434.0514696153299,434.0514696153299,1
17,173,992,1967,59.384631823594,59.384631823594,1
17,173,992,1969,98.30565219071998,98.30565219071998,1
17,173,992,1988,110.06732628265053,110.06732628265053,1
17,173,992,1989,22.73950835635628,22.73950835635628,1
17,173,992,1990,130.65017813892985,130.65017813892985,1
17,173,992,1995,692.6074695883832,692.6074695883832,1
17,173,992,1997,43.89442810540042,43.89442810540042,1
17,173,992,1998,0.33908393752222105,0.33908393752222105,1
17,173,992,2000,114.25633356094424,114.25633356094424,1
17,173,992,2001,307.9848793640362,307.9848793640362,1
17,173,992,2003,7.884575762131204,7.884575762131204,1
17,173,992,2005,166.47209809856335,166.47209809856335,1
17,173,992,2006,41.97085456985797,41.97085456985797,1
17,173,992,2008,210.61293455926452,210.61293455926452,1
17,173,992,2012,107.45495537680682,91.94634784999998,2
17,173,1365,1974,63.77163167231999,63.77163167231999,1
17,173,1365,1975,53.05538313453599,53.05538313453599,1
17,173,1365,1982,571.687329384,571.687329384,1
17,173,1365,1983,1974.61764,1974.61764,1
17,173,1365,1985,453.1154346146041,453.1154346146041,2
17,173,1365,1987,380.4926775857185,198.57943449107407,2
17,173,1365,1988,487.8976176,360.3687696,2
17,173,1365,2025,5300.234587149286,5300.234587149286,1
17,173,1430,1976,621.1161010529279,564.6884446575359,2
17,173,1504,1977,310.38090473331204,188.22948155251197,3
17,173,1504,1990,241.80105692268455,241.80105692268455,1
17,173,1504,1998,24.904420408933593,24.904420408933593,1
17,173,1504,1999,1480.1525916459666,1480.1525916459666,1
17,173,1504,2001,462.5588294573907,462.5588294573907,1
17,173,1504,2003,1601.5828522325132,1601.5828522325132,1
17,173,1504,2005,460.4009297307829,460.4009297307829,1
17,173,1504,2010,156.16048005126922,156.16048005126922,1
17,173,1532,1977,34.927672565760005,34.927672565760005,1
17,173,1532,1978,34.927672565760005,34.927672565760005,1
17,173,1532,1984,44.79527999999999,44.79527999999999,1
17,173,1532,1996,742.9421373410703,742.9421373410703,1
17,173,1532,1999,1833.0993039645016,1833.0993039645016,1
17,173,1532,2003,952.2152139328572,952.2152139328572,1
17,173,1561,1978,144.59586951319196,144.59586951319196,1
17,173,1561,1986,112.99537904890924,112.99537904890924,1
17,173,1561,1988,515.7085858161954,515.7085858161954,1
17,173,1561,1989,242.3064903918204,242.3064903918204,1
17,173,1561,1997,223.4819585721981,223.4819585721981,1
17,173,1561,2003,621.3114025602025,621.3114025602025,1
17,173,1561,2006,286.25606511667087,286.25606511667087,1
17,173,1572,1979,703.260498852,279.58436668799993,3
17,173,1572,1980,127.9399374,127.9399374,1
17,173,1602,1980,173.53250082,110.128222944,2
17,173,1602,1985,0,0,2
17,173,1626,1981,3488.3328740358847,1872.9698370047995,3
17,173,1626,1985,112.41830399999999,84.313728,2
17,173,1626,2015,3563.1605655227263,3563.1605655227263,1
17,173,1626,2024,1914.4814781408943,1914.4814781408943,1
17,173,1737,1984,1168.2133539000001,640.2409344000001,2
17,173,1737,1985,171.9676945,171.9676945,8
17,173,1737,1986,291.66239275476875,146.8717423856778,3
17,173,1771,1985,257.19653120685825,257.19653120685825,1
17,173,1771,1986,840.6273452967331,840.6273452967331,1
17,173,1771,1987,1150.3420484134788,1150.3420484134788,1
17,173,1771,1989,395.58911358107383,395.58911358107383,1
17,173,1771,1990,2710.062404546854,2710.062404546854,1
17,173,1771,1991,498.2798346221451,498.2798346221451,1
17,173,1771,1993,770.8925720496148,770.8925720496148,1
17,173,1771,1997,658.7961329110107,658.7961329110107,1
17,173,1771,2002,259.57593281874887,259.57593281874887,1
17,173,1771,2003,409.63738592280106,367.5035991624003,2
17,173,1771,2006,464.79344224849115,464.79344224849115,1
17,173,1771,2016,104.64857373470676,70.02121125742816,2
17,173,1860,1990,39.27326403861787,39.27326403861787,1
17,173,1913,1994,21.77932951357031,21.77932951357031,1
17,173,1913,2003,33.31996602154578,33.31996602154578,1
17,173,2173,2015,229.75662603552357,229.75662603552357,1
17,173,3039,2012,0.25143860221360625,0.25143860221360625,1
17,173,3039,2013,199.61420065733728,199.61420065733728,1
17,173,3055,2010,2815.3262936327633,2815.3262936327633,1
17,173,3055,2012,621.0923279326324,591.4164153515122,3
17,173,3055,2013,302.24949999999995,302.24949999999995,1
17,173,3055,2015,4817.602644024915,2709.250041928787,2
17,173,3055,2022,1131.945975408976,1131.945975408976,1
17,173,3055,2024,1761.7189257833231,1761.7189257833231,1
17,173,3083,2013,550.8027439612023,550.8027439612023,1
17,173,3084,2013,82.3444929760127,82.3444929760127,1
18,181,1007,1952,14.330897876988,14.330897876988,1
18,181,1007,1953,36.79751979072,36.79751979072,1
18,181,1007,1956,3.473983436157,1.85195395008,2
18,181,1007,1964,67.506603759063,67.506603759063,1
18,181,1007,1968,33.49621057536,29.42996385888,3
18,181,1007,1970,69.93139154976,69.93139154976,1
18,181,1007,1972,42.351011636472,42.351011636472,1
18,181,1007,1973,31.353295230872998,26.059418776313997,2
18,181,1007,1975,23.266270370448,23.266270370448,1
18,181,1007,1978,69.713502879132,47.610835083611995,3
18,181,1007,1980,0.9626944000790314,0.9626944000790314,1
18,181,1027,1964,175.822265834901,175.822265834901,1
18,181,1027,1977,0.980347491585,0.980347491585,1
18,181,1033,1969,7.36755593184,7.36755593184,1
18,181,1034,1959,14.73511186368,14.73511186368,1
18,181,1034,1970,11.633135185224,11.633135185224,1
18,181,1034,1971,3.2618834720009993,3.2618834720009993,1
18,181,1034,1972,7.906178818629,7.906178818629,1
18,181,1034,1973,15.899238723177,15.899238723177,1
18,181,1034,1977,11.40767990208,11.40767990208,1
18,181,1034,1980,6.15736566,6.15736566,1
18,181,1035,1958,29.42996385888,29.42996385888,1
18,181,1035,1959,26.930442686697,15.899238723177,2
18,181,1050,1951,5.915093282559999,4.232988630331999,2
18,181,1050,1952,82.78346512797201,20.277679159276,18
18,181,1050,1953,171.15097690339599,36.53223674581601,17
18,181,1050,1954,155.88912330342401,21.959783811503996,15
18,181,1050,1955,152.487682542412,38.16039089408,5
18,181,1050,1956,76.85924334026399,41.387168311412,4
18,181,1050,1957,18.205155015208,11.43976707328,2
18,181,1050,1958,549.0036716155599,150.11718243586404,9
18,181,1050,1959,229.28787624049994,189.38789603143195,3
18,181,1050,1960,206.53137355754396,181.18889577507596,2
18,181,1050,1961,102.99965463424,38.16039089408,4
18,181,1050,1962,294.753420827824,262.42589278108005,3
18,181,1050,1963,97.63125492674399,82.35039817922399,2
18,181,1050,1964,181.188895775076,115.32659701248,3
18,181,1050,1965,145.446381084088,98.838497595852,3
18,181,1050,1966,20.694323887832,16.894985188312,2
18,181,1050,1967,91.18499380712402,57.24058634112001,4
18,181,1050,1968,150.12926281656797,65.86229876259598,8
18,181,1050,1969,246.65768745021603,137.3607068288,3
18,181,1050,1970,937.907072576796,559.0492808347441,10
18,181,1050,1971,303.56164269071195,70.00684834273198,10
18,181,1050,1972,356.30117209769594,94.69394801571596,11
18,181,1050,1973,336.75767620502006,72.52144308864,15
18,181,1050,1974,785.147971776084,228.16300186780805,9
18,181,1050,1975,493.5517020166599,181.18889577507596,13
18,181,1050,1976,72.12827261833198,24.687099672983994,10
18,181,1050,1977,153.220344727044,20.0404678656,17
18,181,1050,1978,173.26349922509604,30.26691676344,33
18,181,1050,1979,77.72078018155818,18.784991679999997,15
18,181,1050,1980,89.2174472085889,79.37928383858889,2
18,181,1050,1981,187.07661170799997,84.28737996,10
18,181,1050,1982,42.43423399491132,38.71337839491132,3
18,181,1050,1989,1.2295751999999998,1.2295751999999998,1
18,181,1050,1991,332.47445,332.47445,1
18,181,1050,1993,249.16340567999995,167.18438687999998,4
18,181,1050,1995,1137.9504339884563,1034.899139372414,3
18,181,1050,2004,197.94037276310203,197.94037276310203,1
18,181,1050,2005,4.90037413768234,3.04312666022136,6
18,181,1050,2008,99.46809954154207,59.79444299330695,6
18,181,1050,2009,24.72038906979102,13.733612198003197,2
18,181,1051,1952,46.607883488236,38.16039089408,2
18,181,1051,1953,8.079659391663998,6.896640735151999,2
18,181,1051,1954,0.425147329684,0.425147329684,1
18,181,1051,1956,10.962886703496,3.79933869952,4
18,181,1051,1958,75.29560436319599,20.632648996763997,7
18,181,1051,1959,6.765387941927999,6.765387941927999,1
18,181,1051,1963,379.1543665341601,291.61977629411206,3
18,181,1051,1965,82.35039817922399,82.35039817922399,1
18,181,1051,1966,13.512291217347997,7.5971979347879985,2
18,181,1051,1967,80.12832323806799,30.903924043187995,5
18,181,1051,1968,376.05993318068005,247.90871573361608,3
18,181,1051,1969,512.391290929252,198.44238284416,11
18,181,1051,1970,566.1592876532601,140.01369668546397,18
18,181,1051,1971,145.522503434336,65.86229876259598,7
18,181,1051,1972,432.0982746682839,60.25403676588799,17
18,181,1051,1973,193.566490213012,72.31802880982399,9
18,181,1051,1974,83.32071393914799,39.553418819124,3
18,181,1051,1975,199.16375563660796,102.723277099128,7
18,181,1051,1976,20.1939266368,4.232988630331999,6
18,181,1051,1977,7.68217934848,2.88081725568,3
18,181,1051,1978,7.59867739904,3.79933869952,2
18,181,1051,1979,116.81711466478397,56.00186296880001,7
18,181,1051,1980,66.12332271327911,30.823903656,7
18,181,1051,1981,55.188254044,29.1805696,3
18,181,1051,1989,0.25143860221360625,0.25143860221360625,1
18,181,1052,1954,2.12929971072,2.12929971072,1
18,181,1052,1955,3.364209304456,1.682104652228,2
18,181,1053,1951,0.980347491585,0.980347491585,1
18,181,1053,1952,40.56726207897,19.895768675451,5
18,181,1053,1953,67.28829642019801,25.38226991619001,6
18,181,1053,1954,50.16221532835199,17.417918255471996,14
18,181,1053,1955,37.14625768114799,26.398084273406997,3
18,181,1053,1956,9.714352416614998,1.6220294860769997,9
18,181,1053,1957,42.966539736984004,23.805417541806,3
18,181,1053,1958,120.574194544998,42.149951254764005,6
18,181,1053,1960,8.145796430079,8.145796430079,1
18,181,1053,1961,25.700767337601,11.03120396352,3
18,181,1053,1962,3.2618834720009993,3.2618834720009993,1
18,181,1053,1963,8.145796430078999,4.883912958078,2
18,181,1053,1964,5.285677517757001,3.6636480316800006,2
18,181,1053,1965,21.175505818236,13.029709388157,2
18,181,1053,1966,37.617446783682006,36.79751979072,2
18,181,1053,1967,28.576549307997002,18.39875989536,3
18,181,1053,1968,138.729191245344,95.65744750848,6
18,181,1053,1969,13.047533888003997,8.965723423040998,2
18,181,1053,1970,213.011566475949,95.30855125314298,5
18,181,1053,1971,396.0695473069499,94.91430629266203,11
18,181,1053,1972,151.20862995807897,61.02628293887999,7
18,181,1053,1973,127.902546363249,55.60389498815999,10
18,181,1053,1974,19.895768675451,19.895768675451,1
18,181,1053,1975,78.781908608865,46.46897169616799,3
18,181,1053,1976,12.251468889918,7.36755593184,2
18,181,1053,1977,18.865397038086,11.633135185224,5
18,181,1053,1978,21.994274749014,5.994794928410999,7
18,181,1053,1979,6.9085191977415015,1.8592197299999995,6
18,181,1053,1980,14.00352786143219,4.865467673270418,7
18,181,1053,1981,16.984649064410604,13.414678364609196,3
18,181,1053,1982,0.7717289341804779,0.3857058042690978,3
18,181,1053,1983,11.856617999999996,11.856617999999996,1
18,181,1053,1985,4.6549848018725255,2.9519415816752597,4
18,181,1053,1986,35.968801761194584,35.968801761194584,1
18,181,1053,1989,29.237467348389497,16.308944999999998,5
18,181,1053,1993,10.600814249999999,6.523577999999999,2
18,181,1054,1952,10.8757015119,5.314457559636,5
18,181,1054,1953,13.463534879513999,7.36755593184,5
18,181,1054,1954,7.020161888705999,3.2618834720009993,3
18,181,1054,1955,6.5237669440019985,3.2618834720009993,2
18,181,1054,1958,165.500649288207,101.99057548141802,2
18,181,1054,1959,11.03120396352,11.03120396352,1
18,181,1054,1960,4.883912958078,4.883912958078,1
18,181,1054,1961,7.3258694371169994,4.883912958078,2
18,181,1054,1962,18.39875989536,18.39875989536,1
18,181,1054,1963,112.45114732566604,112.45114732566604,1
18,181,1054,1964,51.53263165440001,51.53263165440001,1
18,181,1054,1965,32.242799478204,18.39875989536,4
18,181,1054,1967,0.249542997858,0.249542997858,1
18,181,1054,1968,13.029709388157,13.029709388157,1
18,181,1054,1970,109.92088424265299,47.610835083611995,4
18,181,1054,1971,282.009670763274,119.025111749238,5
18,181,1054,1972,31.143806895203998,15.620828970240002,4
18,181,1054,1973,74.01320201472299,55.19627968608,3
18,181,1054,1974,70.522486396389,31.798477446354,4
18,181,1054,1976,7.36755593184,7.36755593184,1
18,181,1054,1977,1.6220294860769997,1.6220294860769997,1
18,181,1054,1978,118.86295134299397,43.70118621725698,6
18,181,1054,1979,4.817070111021338,1.9365627569886192,5
18,181,1054,1981,7.314437674608309,7.314437674608309,1
18,181,1054,1985,1.2488983614779945,1.2488983614779945,1
18,181,1054,1989,21.055523129999997,7.642923749999999,4
18,181,1055,1952,0.980347491585,0.980347491585,1
18,181,1055,1955,464.6212191324,281.20478428360803,4
18,181,1055,1956,18.733549339197,18.733549339197,1
18,181,1055,1958,374.030406631692,294.62109410172604,3
18,181,1055,1959,1.6220294860769997,1.6220294860769997,1
18,181,1055,1961,7.325869437117,7.325869437117,1
18,181,1055,1962,5.51560198176,5.51560198176,1
18,181,1055,1964,7.36755593184,7.36755593184,1
18,181,1055,1966,22.102667795520002,12.883157913600002,2
18,181,1055,1969,277.981017107886,190.61710250628596,4
18,181,1055,1970,53.860885373394,31.798477446354,2
18,181,1055,1971,126.50134778388899,73.41451760155499,5
18,181,1055,1972,59.679854710722005,58.85992771776,2
18,181,1055,1973,52.94953283463,21.807152565668996,6
18,181,1055,1974,119.11396879494896,119.11396879494896,1
18,181,1055,1975,95.92568849455199,52.31732381114399,2
18,181,1055,1976,18.426475714905,11.902708770903,2
18,181,1055,1977,14.033725632566998,5.7847830702479985,5
18,181,1055,1978,30.880153249280998,27.61826977728,2
18,181,1055,1979,1.2234041975395158,1.2234041975395158,1
18,181,1055,1980,2.1992237098698144,1.7262540209621626,2
18,181,1055,1981,10.775068267499998,4.19681142,6
18,181,1055,1982,0.22707242935963537,0.22707242935963537,1
18,181,1055,1989,4.36425573842188,4.36425573842188,1
18,181,1056,1956,2.281535980416,1.140767990208,2
18,181,1056,1957,69.74869382614801,63.22492688214601,2
18,181,1057,1956,1.7005893187360002,0.8502946593680001,2
18,181,1057,1957,0.499085995716,0.499085995716,1
18,181,1057,1958,1.7005893187359997,0.6839326607959999,3
18,181,1057,1960,37.285350462248,30.51996252032,2
18,181,1057,1961,75.99189600897999,65.86229876259598,4
18,181,1057,1962,11.43976707328,11.43976707328,1
18,181,1057,1966,15.28085674752,15.28085674752,1
18,181,1057,1969,27.624406584011997,15.28085674752,2
18,181,1057,1970,3.79933869952,3.79933869952,1
18,181,1057,1972,18.063026339007997,18.063026339007997,1
18,181,1057,1973,21.000740284160003,13.3603119104,2
18,181,1057,1974,222.36409486468796,164.70079635844797,2
18,181,1057,1975,11.43976707328,7.640428373760001,2
18,181,1057,1976,2.88081725568,2.88081725568,1
18,181,1057,1978,10.129597246384,8.447492594156,2
18,181,1057,1980,13.866412155429494,9.881880516470025,3
18,181,1057,1981,3.20859224,3.20859224,1
18,181,1057,1982,0.99651216354177,0.6228201022136062,2
18,181,1057,1995,85.00891715419947,85.00891715419947,1
18,181,1058,1952,5.401379896108001,4.1259379070560005,2
18,181,1058,1953,2.770839496488,1.92054483712,2
18,181,1058,1955,6.765387941927999,6.765387941927999,1
18,181,1058,1956,52.43922424832,22.87953414656,6
18,181,1058,1957,2.532399311596,2.532399311596,1
18,181,1058,1958,131.72459752519197,65.86229876259598,2
18,181,1058,1959,115.32659701248,115.32659701248,1
18,181,1058,1960,52.614966162891996,41.17519908961199,2
18,181,1058,1961,2.532399311596,2.532399311596,1
18,181,1058,1964,59.345403158467995,57.66329850624,2
18,181,1058,1971,107.42751446657999,30.51996252032,4
18,181,1058,1973,99.03769205811598,36.23984605696,8
18,181,1058,1974,7.640428373760001,7.640428373760001,1
18,181,1058,1975,360.51014743228797,171.122251400856,4
18,181,1058,1976,9.56097321088,7.640428373760001,2
18,181,1058,1977,37.588698940576,14.517177047464,3
18,181,1058,1978,57.737527174684004,38.16039089408,4
18,181,1058,1979,5.200835404106433,4.399961430251513,2
18,181,1058,1980,5.5643704199999995,3.2472921599999993,2
18,181,1058,1982,23.699196526563274,8.107669499999998,5
18,181,1058,2000,63.87725343569986,63.87725343569986,1
18,181,1058,2008,11.768667981239629,11.768667981239629,1
18,181,1564,1978,29.42996385888,22.06240792704,2
18,181,1682,1982,0.4628469651229173,0.4628469651229173,1
18,181,1682,1989,19.33878537,10.721781000000002,2
18,181,1986,2001,22.20373873069198,22.20373873069198,1
18,181,1986,2007,0.43103760379475353,0.43103760379475353,1
18,181,3086,2013,34.677788686914695,34.677788686914695,1
18,182,1014,1952,5.739488950734001,5.739488950734001,1
18,182,1014,1955,478.997784388431,136.87433432511298,4
18,182,1014,1956,159.70751862912,136.87433432511298,2
18,182,1014,1957,11.354206402538995,11.354206402538995,1
18,182,1014,1958,34.187390706546005,34.187390706546005,1
18,182,1014,1959,106.15214570032798,83.31896139632099,2
18,182,1014,1963,77.21842774464,77.21842774464,1
18,182,1014,1966,11.354206402538995,11.354206402538995,1
18,182,1014,1968,57.02057501055299,57.02057501055299,1
18,182,1014,1974,25.64553622176,25.64553622176,1
18,182,1021,1956,162.86389259313597,81.43194629656799,2
18,182,1021,1966,412.59240708417906,197.05871371296604,6
18,182,1021,1968,35.844082809255,22.833184304006995,3
18,182,1021,1969,182.415931434198,182.415931434198,1
18,182,1021,1970,1007.5383250329598,618.31106011584,2
18,182,1021,1971,1085.19481537488,693.3821204191139,6
18,182,1021,1972,307.936059356772,285.102875052765,2
18,182,1021,1973,1311.416304899337,366.2212666780079,8
18,182,1021,1974,103.14578304576,103.14578304576,1
18,182,1021,1975,240.19713771870596,90.1821053952,5
18,182,1021,1976,17.093695353273002,17.093695353273002,1
18,182,1021,1977,399.202349942403,325.28280187317597,4
18,182,1021,1978,68.499552912021,28.572673254741,3
18,182,1021,1979,3.406457107971958,3.406457107971958,1
18,182,1021,1980,77.80878293784144,53.17899662249999,3
18,182,1021,1981,3.725918069239484,3.725918069239484,1
18,182,1022,1955,184.66181841492,92.33090920746,2
18,182,1022,1956,102.8639639664,77.21842774464,2
18,182,1022,1964,77.21842774464,77.21842774464,1
18,182,1022,1965,2.2458869807219997,2.2458869807219997,1
18,182,1022,1967,806.689880998596,277.93259385488096,7
18,182,1022,1968,5.739488950734001,5.739488950734001,1
18,182,1022,1969,108.301661070372,91.207965717099,2
18,182,1022,1970,721.281218248017,309.15553005792,4
18,182,1022,1971,314.197513213248,111.294671062239,5
18,182,1022,1972,711.2634468496199,444.5705166475229,5
18,182,1022,1973,864.6025773455278,345.7520342755919,3
18,182,1022,1974,400.408657384554,203.357374084872,3
18,182,1022,1975,1194.2388891054088,389.2272649171199,7
18,182,1023,1955,34.18739070654599,22.833184304006995,2
18,182,1023,1959,945.0924526268818,945.0924526268818,1
18,182,1023,1968,5.739488950734001,5.739488950734001,1
18,182,1025,1973,184.491481012776,128.79131926752,2
18,182,1025,1974,610.0721222546159,325.28280187317597,2
18,182,1025,1975,162.867562585119,111.294671062239,2
18,182,1026,1964,34.187390706546005,34.187390706546005,1
18,182,1041,1958,11.354206402538995,11.354206402538995,1
18,182,1041,1960,51.57289152288,51.57289152288,1
18,182,1041,1961,22.833184304006995,22.833184304006995,1
18,182,1041,1964,11.354206402538995,11.354206402538995,1
18,182,1041,1968,349.56003291136204,308.35705476718806,4
18,182,1041,1969,144.390328488,79.85375931456,2
18,182,1041,1970,240.80669252589595,139.27038072815697,3
18,182,1041,1971,712.4980248074428,333.27584558528395,7
18,182,1041,1972,381.87177585057896,206.00974701216,5
18,182,1041,1973,339.00396094655997,194.61363245856,4
18,182,1041,1974,314.85311085759304,194.61363245856,4
18,182,1041,1975,785.7453529372858,333.27584558528395,7
18,182,1041,1976,21.710240813646003,17.093695353273002,2
18,182,1041,1977,188.419435131501,166.63792279264197,3
18,182,1041,1978,71.19178706915099,37.201202917452,4
18,182,1041,1979,21.544717442876518,6.278943825,4
18,182,1041,1980,126.54027910646016,62.19302512499999,4
18,182,1041,1981,5.461382602637781,5.461382602637781,1
18,182,1041,1982,188.43894404999998,115.46991854999996,3
18,182,1486,1976,115.82764161696,77.21842774464,2
18,182,1486,1977,5.739488950734001,5.739488950734001,1
18,182,1486,1978,17.639238672972,12.963677650559998,2
19,191,1010,1951,20.96335959165,16.372560631056,2
19,191,1010,1958,41.41994913472,41.41994913472,1
19,191,1010,1959,268.275922045884,268.275922045884,1
19,191,1028,1952,8.437118788133999,8.437118788133999,1
19,191,1028,1955,15.52539817088,15.52539817088,1
19,191,1028,1956,127.90506292965,59.182108600823994,4
19,191,1028,1957,1.153971323428,1.153971323428,1
19,191,1028,1958,82.13623199815,65.384271505768,2
19,191,1028,1959,61.505373194657984,33.503920984763994,2
19,191,1028,1960,67.00784196952799,67.00784196952799,1
19,191,1028,1961,15.52539817088,15.52539817088,1
19,191,1028,1962,20.73830558592,20.73830558592,1
19,191,1028,1964,3.62637037568,3.62637037568,1
19,191,1029,1956,463.471979616444,245.899215694746,5
19,191,1029,1957,395.76969639915205,395.76969639915205,1
19,191,1029,1958,102.480097938534,51.789101927679994,3
19,191,1029,1959,151.767948477544,79.240540963944,2
19,191,1029,1962,36.2637037568,36.2637037568,1
19,191,1029,1963,32.11050639104,32.11050639104,1
19,191,1029,1972,56.9453473056,56.9453473056,1
19,191,1029,1993,239.30910589999996,152.2297784,2
19,191,1029,2001,1324.574814071061,1314.2665794403258,2
19,191,1029,2002,1049.8637705107208,1049.8637705107208,1
19,191,1029,2008,370.5789111207255,370.5789111207255,1
19,191,1029,2009,785.8018445834866,785.8018445834866,1
19,191,1030,1958,2.282856313738,2.282856313738,1
19,191,1030,1959,7.76269908544,7.76269908544,1
19,191,1030,1963,12.97560650048,12.97560650048,1
19,191,1031,1958,9.181597921187999,4.590798960593999,2
19,191,1031,1959,316.52915543520805,316.52915543520805,1
19,191,1036,1956,8.499305568,5.26956945216,2
19,191,1036,1957,167.641882007706,167.641882007706,1
19,191,1036,1958,8.742328545418,6.4594722316799995,2
19,191,1036,2001,412.10643388929697,412.10643388929697,1
19,191,1036,2002,10.520183737492962,10.520183737492962,1
19,191,1036,2007,395.1551454823196,91.5800912,10
19,191,1036,2009,207.66417478622216,207.66417478622216,1
19,191,1036,2012,114.10844253491942,114.10844253491942,1
19,191,1038,1957,395.76969639915205,395.76969639915205,1
19,191,1038,2000,30.475648406293583,30.475648406293583,1
19,191,1038,2001,422.49301988980307,422.49301988980307,1
19,191,1038,2008,16.85733364023511,10.875578625,2
19,191,1038,2009,449.91981043810034,449.91981043810034,1
19,191,1039,1967,44.753412702276,44.753412702276,1
19,191,1039,1968,197.88484819957603,138.56269458176,2
19,191,1039,1969,203.82275156608003,203.82275156608003,1
19,191,1039,1970,148.30538404454,118.644307235632,2
19,191,1039,1971,92.90239293336799,67.00784196952799,2
19,191,1039,1972,48.057389270106,39.620270481972,2
19,191,1974,2000,490.2485177426875,490.2485177426875,1
19,191,1974,2009,780.9945352909795,780.9945352909795,1
19,192,1072,1969,11.354206402538995,11.354206402538995,1
19,192,1072,1973,5.739488950734001,5.739488950734001,1
19,192,1072,1974,25.64553622176,25.64553622176,1
19,193,1066,1951,17.093695353273002,17.093695353273002,1
19,193,1066,1959,91.207965717099,68.37478141309201,2
19,193,1066,1969,22.833184304006995,22.833184304006995,1
19,193,1066,1970,5.739488950734001,5.739488950734001,1
19,193,1066,1972,28.572673254741,28.572673254741,1
19,193,1067,1951,3.3688304710829997,3.3688304710829997,1
19,193,1067,1991,258.01642874203685,42.88712399999999,11
19,193,1067,1992,24.74514077344168,19.03701002344168,3
19,193,1067,1993,253.4555772,118.4781087,5
19,193,1067,2022,70.71316624647729,70.71316624647729,1
19,193,1068,2022,98.69322954768334,53.86578183839515,2
19,193,1069,1989,612.9906546075314,297.44646301432675,4
19,193,1910,1994,70.84100145939452,70.84100145939452,1
28,280,1336,1961,0,0,1
28,280,1336,1962,0,0,3
28,280,1336,1963,0,0,1
28,280,1336,1964,0,0,3
28,280,1336,1965,0,0,1
28,280,1336,1967,0,0,1
28,280,1336,1968,0,0,1
28,280,1336,1992,0,0,2
28,280,1336,2012,0,0,2
28,280,1338,2019,0,0,1
28,280,1338,2022,0,0,5
28,280,1340,1971,0,0,1
28,280,1341,1960,0,0,1
28,280,1341,1963,0,0,2
28,280,1341,1964,0,0,1
28,280,1341,1968,0,0,1
28,280,1343,1962,0,0,1
28,280,1343,1963,0,0,1
28,280,1343,1964,0,0,1
28,280,1343,1965,0,0,1
28,280,1343,1971,0,0,1
28,280,1344,1964,0,0,2
28,280,1344,1965,0,0,2
28,280,1344,1971,0,0,1
28,280,1345,1965,0,0,1
28,280,1345,1970,0,0,1
28,280,1346,1974,0,0,1
28,280,1346,2000,0,0,1
28,280,1346,2005,0,0,1
28,280,1951,2019,0,0,2
28,280,1951,2020,0,0,3
28,280,1951,2022,0,0,5
28,280,2280,1958,0,0,1
28,280,2280,1960,0,0,1
28,280,2280,1966,0,0,1
29,291,1517,1992,35.09922818848789,35.09922818848789,1
29,291,3011,2004,711.9671244796878,711.9671244796878,1
29,292,870,1954,731.699245537218,615.8716039202579,2
29,292,870,1955,1501.3450043582761,770.050131303852,2
29,292,912,1962,2282.9372517798006,2171.6425807175615,2
29,292,912,1963,833.797781564643,833.797781564643,1
29,292,912,1964,277.93259385488096,277.93259385488096,1
29,292,912,1965,555.8651877097619,555.8651877097619,1
29,292,912,1966,51.57289152288,51.57289152288,1
29,292,912,1968,257.58263853504,257.58263853504,1
29,292,912,1970,34.187390706546005,34.187390706546005,1
29,292,912,1971,128.79131926752,128.79131926752,1
