YEAR,JAN,FEB,MAR,APR,MAY,JUN,JUL,AUG,SEP,OCT,NOV,DEC,Station,LATITUDE ,LONGITUDE
1934,999.99,999.99,999.99,999.99,999.99,999.99,999.99,13.98,12.34,10.45,10.1,8.97,Amphitrite_Point,48.9528,-125.5423
1935,7.33,7.63,7.4,8.86,9.95,11.62,12.74,12.53,12.77,11.26,8.14,8.38,Amphitrite_Point,48.9528,-125.5423
1936,8.02,6.64,7.6,8.56,10.45,13.72,14.29,14.56,12.93,11.76,9.09,8.41,Amphitrite_Point,48.9528,-125.5423
1937,6.91,6.36,8.03,9.15,10.29,11.72,12.15,12.92,11.73,11.02,10.41,9.04,Amphitrite_Point,48.9528,-125.5423
1938,8.27,6.81,7.95,9.24,10.02,10.91,11.33,12.05,12.17,11.6,9.71,8.19,Amphitrite_Point,48.9528,-125.5423
1939,7.94,6.7,999.99,999.99,999.99,999.99,12.5,13.77,12.37,10.94,10.53,10.08,Amphitrite_Point,48.9528,-125.5423
1940,8.75,8.67,9.24,11.04,11.74,11.95,12.48,13.33,13.02,12.48,10.93,9.19,Amphitrite_Point,48.9528,-125.5423
1941,8.45,9.04,9.95,11.15,12.45,13.06,14.12,13.11,13.48,12.16,10.94,9.66,Amphitrite_Point,48.9528,-125.5423
1942,7.65,8.09,8.03,9.57,11.12,12.12,14.66,14.24,13.35,11.49,9.22,7.98,Amphitrite_Point,48.9528,-125.5423
1943,6.79,7.04,7.46,9.56,9.98,11.39,12.37,13,13.1,11.62,10.22,9.16,Amphitrite_Point,48.9528,-125.5423
1944,8.39,7.73,8.12,9.37,10.65,10.72,12.02,13.49,12.78,12.07,11.44,9.51,Amphitrite_Point,48.9528,-125.5423
1945,9,8.71,8.72,9.11,11.43,10.92,11.94,12.56,11.92,10.61,8.4,7.64,Amphitrite_Point,48.9528,-125.5423
1946,7.91,7.39,8.03,8.84,10.22,12.64,12.67,12.86,12.16,10.4,8.23,7.25,Amphitrite_Point,48.9528,-125.5423
1947,6.47,6.8,8.15,9.27,10.26,12.42,13.34,14.27,12.55,11.31,10.26,8.45,Amphitrite_Point,48.9528,-125.5423
1948,7.58,6.98,7.22,8.12,10.13,11.62,12.85,13.35,13.05,10.98,8.54,6.74,Amphitrite_Point,48.9528,-125.5423
1949,5.19,5.46,7.1,8.62,10.9,10.6,11.81,13.15,12.12,10.06,9.74,8.47,Amphitrite_Point,48.9528,-125.5423
1950,5.22,5.89,7.09,8.16,8.75,11.34,11.38,12.07,11.97,11.01,9.74,9.01,Amphitrite_Point,48.9528,-125.5423
1951,8.15,7.28,7.06,8.79,9.92,11.09,12.9,13.4,12.2,11.5,9.84,8.39,Amphitrite_Point,48.9528,-125.5423
1952,6.91,7.32,7.85,8.66,10.48,11.33,12.15,13.13,12.56,11.49,9.21,8.15,Amphitrite_Point,48.9528,-125.5423
1953,8.15,8.39,8.55,9.18,11.26,11.4,11.89,13.13,13.23,11.92,10.8,9.61,Amphitrite_Point,48.9528,-125.5423
1954,8.89,7.81,8.01,8.44,9.59,11.24,12.4,12.88,12.64,11.36,11.15,9.88,Amphitrite_Point,48.9528,-125.5423
1955,8.37,7.58,7.37,7.98,8.8,10.43,11.55,11.84,11.79,10.79,8.63,7.4,Amphitrite_Point,48.9528,-125.5423
1956,6.96,6.86,7.65,8.32,8.82,10.04,12.3,12.65,12.06,11.1,9.52,7.95,Amphitrite_Point,48.9528,-125.5423
1957,6.36,6.28,7.36,8.91,10.52,11.53,12.87,13.85,14.14,12.19,11.14,9.54,Amphitrite_Point,48.9528,-125.5423
1958,8.78,9.46,9.31,10.48,11.89,13.83,14.8,14.57,13.34,11.32,10,8.86,Amphitrite_Point,48.9528,-125.5423
1959,8.15,7.9,8.46,9.54,10.76,12.08,12.29,12.95,12.97,11.25,9.11,8.29,Amphitrite_Point,48.9528,-125.5423
1960,7.19,7.91,7.72,9.68,11,10.86,11.22,13.32,13.45,11.66,11.13,9.28,Amphitrite_Point,48.9528,-125.5423
1961,8.6,8.87,9,9.51,11.21,11.86,14.13,13.72,12.73,10.37,8.41,7.2,Amphitrite_Point,48.9528,-125.5423
1962,7.11,7.81,7.63,9.44,10.6,11.05,11.22,13.12,13.06,12.72,12,10.33,Amphitrite_Point,48.9528,-125.5423
1963,8.15,8.76,8.6,10.09,11.86,11.43,13.5,14.25,14.31,13.18,11.34,9.95,Amphitrite_Point,48.9528,-125.5423
1964,9.04,8.71,8.7,8.9,9.22,11.34,12.72,13.11,12.73,11.26,9.03,7.77,Amphitrite_Point,48.9528,-125.5423
1965,7.21,7.36,8.19,8.76,9.9,11.07,11.77,12.88,12.67,11.53,11.13,9.82,Amphitrite_Point,48.9528,-125.5423
1966,8.05,8.51,8.13,9.54,10.01,11.72,12.3,12.23,12.39,11.25,9.86,9.24,Amphitrite_Point,48.9528,-125.5423
1967,8.41,8.41,7.89,9.11,10.05,11.9,12.72,13.15,13.34,12.63,11.25,8.76,Amphitrite_Point,48.9528,-125.5423
1968,7.48,7.47,8.72,9.13,10.62,11.71,12.42,12.96,12.63,10.75,10.35,8.57,Amphitrite_Point,48.9528,-125.5423
1969,6.53,6.33,7.92,9.29,11.45,12.83,12.2,12.89,12.14,11.95,10.59,9.43,Amphitrite_Point,48.9528,-125.5423
1970,8.31,8.83,9.08,9.51,10.21,11.22,12.47,12.48,12.36,10.49,9.61,7.87,Amphitrite_Point,48.9528,-125.5423
1971,7.5,7.39,6.93,8.63,9.76,11.82,12.78,13.66,13.47,11.09,9.18,7.64,Amphitrite_Point,48.9528,-125.5423
1972,6.41,5.92,7.89,8.39,10.22,11.45,12.98,13.84,12.36,10.5,9.19,7.84,Amphitrite_Point,48.9528,-125.5423
1973,6.99,7.34,8.48,9.4,10.45,11.6,12.47,12.84,12.58,11.28,9.1,8.87,Amphitrite_Point,48.9528,-125.5423
1974,7.39,7.53,7.7,8.98,10,10.74,12.99,13.98,13.45,11.16,9.46,9.08,Amphitrite_Point,48.9528,-125.5423
1975,7.54,6.71,7.55,8.8,10.31,10.77,12.02,12.59,13.14,11.53,10.05,8.46,Amphitrite_Point,48.9528,-125.5423
1976,7.47,7.28,7.03,8.8,9.92,10.81,12.93,12.54,12.89,11.28,10.23,8.93,Amphitrite_Point,48.9528,-125.5423
1977,7.8,8.39,8.59,9.66,10.66,11.87,11.9,14.35,13.4,11.86,9.43,8.36,Amphitrite_Point,48.9528,-125.5423
1978,8.2,8.76,9.11,10.09,11.09,13.67,13.31,13.08,14.18,12.91,8.4,6.99,Amphitrite_Point,48.9528,-125.5423
1979,6.01,6.11,8.14,9.25,11.5,11.55,13.61,14.01,14.88,12.35,10.54,9.69,Amphitrite_Point,48.9528,-125.5423
1980,7.41,8.04,8.71,10.15,11.33,12.1,12.68,13.42,12.93,12.12,11.08,9.36,Amphitrite_Point,48.9528,-125.5423
1981,9.58,9.01,9.69,9.98,11.45,12.48,13.37,13.83,13.27,12.47,11.2,9.26,Amphitrite_Point,48.9528,-125.5423
1982,7.61,7.42,8.24,9.2,10.15,11.49,12.42,13.42,13.72,11.75,10.27,9.07,Amphitrite_Point,48.9528,-125.5423
1983,8.89,9.51,10.64,11.37,12.92,12.73,13.91,14.2,13.51,11.41,10.89,8.2,Amphitrite_Point,48.9528,-125.5423
1984,7.93,8.37,9.31,9.83,10.99,11.15,12.61,14.01,13.02,11.77,9.78,7.99,Amphitrite_Point,48.9528,-125.5423
1985,7.66,7.31,7.81,9.02,10.59,11.29,13.45,14.19,12.73,11.25,8.48,6.98,Amphitrite_Point,48.9528,-125.5423
1986,7.46,7.56,9.53,9.47,10.4,12.35,12.83,13.47,12.67,11.6,10.51,9.02,Amphitrite_Point,48.9528,-125.5423
1987,8.54,9.13,9.47,10.23,11.2,12,13.08,13.56,12.98,11.57,10.61,8.69,Amphitrite_Point,48.9528,-125.5423
1988,8.2,7.93,8.55,9.72,11.56,11.96,13.03,14.17,13.37,11.96,10.55,9.21,Amphitrite_Point,48.9528,-125.5423
1989,7.8,6.36,7.43,9.88,10.47,12.18,13.38,13.56,14.02,11.76,10.66,9.44,Amphitrite_Point,48.9528,-125.5423
1990,8.8,7.56,8.63,9.89,11.11,12.76,13.64,14.36,14.02,11.1,10.64,8.39,Amphitrite_Point,48.9528,-125.5423
1991,7.24,8.14,8.3,9.73,10.66,11.43,12.52,13.18,13.85,11.53,9.64,9,Amphitrite_Point,48.9528,-125.5423
1992,8.62,9.37,10.22,10.7,12.12,12.97,14.41,14.56,12.39,11.39,10.18,8.47,Amphitrite_Point,48.9528,-125.5423
1993,6.89,7.4,8.42,10.15,12.39,12.68,13.19,13.94,12.99,11.66,9.4,8.04,Amphitrite_Point,48.9528,-125.5423
1994,8.52,7.61,8.5,9.78,11.01,11.96,12.73,14.17,13.11,11.14,9.05,7.91,Amphitrite_Point,48.9528,-125.5423
1995,7.57,8.36,8.77,9.88,11.13,11.64,13.35,13.36,13.43,12,10.41,9.51,Amphitrite_Point,48.9528,-125.5423
1996,8.55,8.28,8.73,10.32,11.48,12.39,13.89,13.56,13.14,11.49,9.23,7.98,Amphitrite_Point,48.9528,-125.5423
1997,8.05,8.3,8.28,10.09,12.2,13.49,13.43,14.94,16.08,13.92,11.77,9.74,Amphitrite_Point,48.9528,-125.5423
1998,8.44,9.65,9.79,10.39,11.33,12.39,12.92,13.31,13.05,11.76,10.47,8.9,Amphitrite_Point,48.9528,-125.5423
1999,8.16,7.6,7.9,8.87,9.72,10.83,11.84,12.91,12.41,10.71,9.69,8.94,Amphitrite_Point,48.9528,-125.5423
2000,7.51,7.65,8.42,9.62,10.84,11.62,12.54,13.36,12.73,11,9.31,7.8,Amphitrite_Point,48.9528,-125.5423
2001,7.74,7.35,8.16,9.14,10.14,10.98,11.72,12.59,12.29,10.56,9.37,8.42,Amphitrite_Point,48.9528,-125.5423
2002,7.98,7.55,7.6,9.3,10,11.79,12.95,13.53,12.36,10.83,9.61,9.23,Amphitrite_Point,48.9528,-125.5423
2003,9.24,8.86,9.13,9.96,10.79,11.95,13.1,13.43,12.69,11.68,9.59,8.62,Amphitrite_Point,48.9528,-125.5423
2004,7.86,8.19,8.87,10.42,11.38,12.56,13.6,14.26,13.28,11.91,10.2,8.83,Amphitrite_Point,48.9528,-125.5423
2005,7.73,7.9,9.18,10.13,12.35,12.75,13.1,13.17,13.06,11.82,10.33,8.62,Amphitrite_Point,48.9528,-125.5423
2006,9.36,7.17,8.24,9.5,10.82,12.77,12.69,12.99,12.53,10.93,9.26,8.33,Amphitrite_Point,48.9528,-125.5423
2007,7.45,7.66,8.06,9.33,9.97,11.49,13.88,13.99,12.57,10.89,9.45,7.58,Amphitrite_Point,48.9528,-125.5423
2008,7.82,7.86,8.26,9.13,10.65,11.24,12.45,13.79,13.51,11.45,10.7,8.73,Amphitrite_Point,48.9528,-125.5423
2009,7.64,7.59,7.96,9.62,11.01,12.12,13.44,14.2,13.95,12.02,10.7,8.71,Amphitrite_Point,48.9528,-125.5423
2010,9.15,9.3,9.43,10.2,10.78,11.81,12.71,13.12,12.65,11.49,9.88,8.24,Amphitrite_Point,48.9528,-125.5423
2011,7.59,8.04,8.95,9.66,10.82,11.83,12.4,13.53,13.41,12.62,9.76,8.52,Amphitrite_Point,48.9528,-125.5423
2012,7.57,7.46,7.35,9.34,10.34,11.13,12.8,13.37,13.11,10.54,10.08,9.1,Amphitrite_Point,48.9528,-125.5423
2013,7.54,8.07,7.93,9,10.94,12.34,13.14,13.52,14.27,13.18,9.05,7.33,Amphitrite_Point,48.9528,-125.5423
2014,7.6,6.98,8.58,10.13,12.34,11.76,12.76,13.51,14.09,13.99,11.64,9.7,Amphitrite_Point,48.9528,-125.5423
2015,9.43,10.11,10.16,10.99,11.7,12.22,14.34,14.2,13.68,13.28,10.97,9.39,Amphitrite_Point,48.9528,-125.5423
2016,8.59,9.34,9.98,11.11,11.78,12.53,13.31,13.96,12.93,12.07,12.01,9.27,Amphitrite_Point,48.9528,-125.5423
2017,7.63,7.47,8.27,10.06,11.08,12.44,12.92,14.23,13.86,11.51,10.01,8.98,Amphitrite_Point,48.9528,-125.5423
2018,8.52,8.38,8.56,10.06,11.38,12.16,13.79,13.93,12.97,12,10.6,9.07,Amphitrite_Point,48.9528,-125.5423
2019,8.66,7.74,8.49,10.67,12.27,11.87,13.97,14.81,14.25,11.66,9.85,8.55,Amphitrite_Point,48.9528,-125.5423
2020,8.35,8.46,8.62,9.69,12.09,11.91,13.03,14.26,14.12,12.54,9.94,8.8,Amphitrite_Point,48.9528,-125.5423
2021,8.65,7.99,8.42,9.9,10.66,12.22,13.17,13.5,12.8,11.52,10.56,8.6,Amphitrite_Point,48.9528,-125.5423
2022,7.91,8.13,8.52,8.95,10.7,12.09,13.09,15.05,13.5,11.73,8.98,7.96,Amphitrite_Point,48.9528,-125.5423
2023,8.43,8.09,7.99,9.07,10.73,11.68,12.9,14.18,13.83,13.33,11.46,10.45,Amphitrite_Point,48.9528,-125.5423
2024,9.8,9.91,9.63,12.45,10.52,11.12,13.03,13.82,13.14,11.24,10.38,9.68,Amphitrite_Point,48.9528,-125.5423
2025,8.87,7.77,8.67,10.06,10.68,12.55,999.99,999.99,999.99,999.99,999.99,999.99,Amphitrite_Point,48.9528,-125.5423
1960,999.99,999.99,999.99,7.39,9.09,10.55,12.53,11.77,11.23,10.45,8.91,7.31,Bonilla_Island,53.4928,-130.6358
1961,6.9,6.52,6.97,8.18,9.95,11.58,12.56,12.17,12.07,10.06,7.58,5.8,Bonilla_Island,53.4928,-130.6358
1962,5.64,5.77,5.38,7.03,8.8,10.37,10.85,11.83,11.34,10.5,9.29,8.16,Bonilla_Island,53.4928,-130.6358
1963,6.97,7.56,7.43,8.16,10.03,11.22,11.65,12.01,12.84,11.94,9.41,8.22,Bonilla_Island,53.4928,-130.6358
1964,7.58,7.42,7.04,7.6,8.79,11.17,12.41,13.07,11.64,10.69,7.83,6.09,Bonilla_Island,53.4928,-130.6358
1965,5.5,5.68,6.28,7.01,8.84,10.72,11.55,10.85,9.91,10.08,7.77,7.63,Bonilla_Island,53.4928,-130.6358
1966,6.05,6.63,6.89,8,8.98,11.05,12.11,12.71,12.32,10.54,8.37,6.84,Bonilla_Island,53.4928,-130.6358
1967,6.7,6.75,6.62,7.73,9.61,10.9,12.75,13,13.62,11.71,9.59,7.5,Bonilla_Island,53.4928,-130.6358
1968,6.14,5.99,7.14,7.73,9.7,12.19,13.41,12.81,13.03,10.44,8.49,6.66,Bonilla_Island,53.4928,-130.6358
1969,4.43,4.43,5.95,6.82,9.76,11.69,12.52,12.19,11.91,10.94,9.4,8.17,Bonilla_Island,53.4928,-130.6358
1970,6.54,7.32,7.39,7.88,9.36,11.48,12.24,11.95,10.96,9.77,8.38,6.14,Bonilla_Island,53.4928,-130.6358
1971,5.1,5.54,5.72,6.94,8.59,10.37,12.03,13.41,12.54,10.43,8.18,6.14,Bonilla_Island,53.4928,-130.6358
1972,4.43,4.41,5.44,6.24,8.8,10.65,11.69,12.28,10.82,9.38,7.91,6.5,Bonilla_Island,53.4928,-130.6358
1973,6.09,6.15,6.63,7.96,9.31,10.95,11.82,11.57,11.91,9.98,6.78,6.78,Bonilla_Island,53.4928,-130.6358
1974,5.51,5.81,6.58,7.83,9.51,11.21,12.15,12.55,11.16,10.33,8.64,7.59,Bonilla_Island,53.4928,-130.6358
1975,6.26,5.13,5.47,6.75,8.39,9.85,11.73,11.48,11.25,9.88,7.69,6.74,Bonilla_Island,53.4928,-130.6358
1976,6.21,5.67,5.7,6.96,8.31,9.91,11.98,12.47,12.23,10.66,9.02,7.87,Bonilla_Island,53.4928,-130.6358
1977,6.93,7.55,7.26,8.01,9.97,11.62,12.56,12.37,11.76,10.45,8.28,6.27,Bonilla_Island,53.4928,-130.6358
1978,5.85,6.56,7.2,8.28,9.81,10.75,10.93,12.76,12.75,11.34,9.03,7.29,Bonilla_Island,53.4928,-130.6358
1979,5.35,5.05,6.26,7.64,9.27,11.19,12.06,12.19,12.72,11.68,9.72,8.23,Bonilla_Island,53.4928,-130.6358
1980,6.53,6.89,7.1,7.95,9.3,11.11,12.41,12.35,11.1,10.98,9.8,7.75,Bonilla_Island,53.4928,-130.6358
1981,8.07,7.69,8.37,8.67,10.3,12.41,12.9,12.89,13.54,11.53,9.84,8.25,Bonilla_Island,53.4928,-130.6358
1982,6.46,6.07,6.63,7.36,8.99,10.65,11.53,12.15,11.9,10.3,8.21,7.55,Bonilla_Island,53.4928,-130.6358
1983,7.56,7.72,8.21,9.54,11.13,12.53,13.98,14.34,13.21,11.19,9.19,7.15,Bonilla_Island,53.4928,-130.6358
1984,7,7.19,8.13,8.38,9.85,11.5,13.25,13.55,12.84,11,8.32,7.15,Bonilla_Island,53.4928,-130.6358
1985,7.02,6.31,6.72,7.68,8.61,10.66,11.75,11.12,9.94,9.5,7.01,6,Bonilla_Island,53.4928,-130.6358
1986,6.41,5.93,6.7,7.55,8.89,10.97,12.1,12.01,10.83,11.04,9.21,8.24,Bonilla_Island,53.4928,-130.6358
1987,7.85,7.96,7.83,8.63,9.71,11.3,12.47,12.1,11.74,11.23,9.71,8.54,Bonilla_Island,53.4928,-130.6358
1988,7.43,7.05,8.04,8.8,10.34,11.63,13.34,12.71,11.9,10.99,9.49,7.95,Bonilla_Island,53.4928,-130.6358
1989,6.47,5.54,5.8,7.46,9.48,10.58,12.57,12.48,10.69,10.45,9.19,8.41,Bonilla_Island,53.4928,-130.6358
1990,7.53,6.42,7.32,8.23,9.54,11.76,12.75,13.2,12.08,10.36,8.45,7.13,Bonilla_Island,53.4928,-130.6358
1991,5.9,6.74,6.37,7.43,8.84,10.43,11.73,12.27,12.54,10.75,8.98,8.12,Bonilla_Island,53.4928,-130.6358
1992,7.42,7.27,7.88,8.63,9.73,11.2,11.53,12.03,11.25,10.38,9.12,7.67,Bonilla_Island,53.4928,-130.6358
1993,6.28,6.68,7.03,8,9.85,11.85,12.32,12.22,10.68,10.44,8.97,7.62,Bonilla_Island,53.4928,-130.6358
1994,7.7,6.52,7.2,8.41,9.74,11.36,11.86,11.99,12.25,10.83,8.41,6.77,Bonilla_Island,53.4928,-130.6358
1995,6.43,6.57,6.44,7.89,9.59,10.9,11.41,12.1,11.96,10.71,8.83,7.46,Bonilla_Island,53.4928,-130.6358
1996,6.41,6.18,6.66,7.83,9.74,11.02,11.56,12.67,12.13,10.31,8.05,6.46,Bonilla_Island,53.4928,-130.6358
1997,5.81,6.76,6.73,8.27,10.28,12.66,14.09,14.01,13.97,11.8,10.24,9.59,Bonilla_Island,53.4928,-130.6358
1998,7.66,8.32,8.72,9.34,10.54,11.45,12.17,13.25,12.31,10.83,8.89,7.72,Bonilla_Island,53.4928,-130.6358
1999,7.23,6.42,6.72,7.44,8.64,10.24,11.23,12.14,11.68,9.47,8.18,7.29,Bonilla_Island,53.4928,-130.6358
2000,6.15,6.17,6.93,7.98,9.47,11.27,11.91,12.52,11.97,10.54,8.86,7.41,Bonilla_Island,53.4928,-130.6358
2001,7.2,6.71,6.84,7.85,8.7,11.1,12.03,12.29,12.32,10.58,8.58,7.11,Bonilla_Island,53.4928,-130.6358
2002,7,6.47,5.97,7.1,8.33,10.45,11.87,12.01,11.72,9.97,9.2,8.26,Bonilla_Island,53.4928,-130.6358
2003,7.92,7.61,7.35,8.36,10.02,11.09,13.09,12.85,12.69,11.55,8.73,7.52,Bonilla_Island,53.4928,-130.6358
2004,6.72,6.89,7.34,8.52,10.22,11.78,12.97,13.47,13.14,10.56,8.72,7.52,Bonilla_Island,53.4928,-130.6358
2005,6.58,6.89,7.54,8.47,10.67,12.25,13.43,13.71,12.64,10.83,9.06,8.12,Bonilla_Island,53.4928,-130.6358
2006,7.67,7.08,6.8,8.1,10.04,11.93,13.05,12.09,11.42,9.93,7.7,7.19,Bonilla_Island,53.4928,-130.6358
2007,6.77,6.68,6.49,7.49,9.32,11.09,13.06,13.75,12.19,10.59,8.68,7.02,Bonilla_Island,53.4928,-130.6358
2008,6.26,6.1,6.4,7,8.57,10.09,11.95,12.42,12.16,10.03,8.87,6.24,Bonilla_Island,53.4928,-130.6358
2009,6.06,5.63,5.39,6.8,9.29,10.83,11.53,11.78,12.33,10.61,8.8,6.48,Bonilla_Island,53.4928,-130.6358
2010,6.92,7.12,7.5,9.19,11.3,12.28,12.42,10.89,12.31,10.64,8.47,7.17,Bonilla_Island,53.4928,-130.6358
2011,6.45,6.09,6.09,7.7,10.29,11.66,12.48,12.7,12.5,11.24,8.13,7.06,Bonilla_Island,53.4928,-130.6358
2012,6.36,6.46,6.46,8.05,8.87,10.75,999.99,12.49,11.79,9.74,8.35,7.24,Bonilla_Island,53.4928,-130.6358
2013,7.53,7.47,7.39,8.15,9.45,11.41,12.35,12.62,13.18,11.6,8.83,7.36,Bonilla_Island,53.4928,-130.6358
2014,7.02,6.15,6.58,7.44,9.24,10.86,12.13,12.23,11.27,11.82,10.21,9.33,Bonilla_Island,53.4928,-130.6358
2015,8.59,8.63,8.75,9.28,10.36,11.53,12.09,12.48,12.41,11.67,9.9,8.52,Bonilla_Island,53.4928,-130.6358
2016,7.7,8.18,8.49,9.43,999.99,11.7,12.99,11.67,12.24,11.2,9.98,8.1,Bonilla_Island,53.4928,-130.6358
2017,7.4,6.52,6.6,8.08,9.87,10.98,12.93,12.66,12.59,10.45,8.34,7.58,Bonilla_Island,53.4928,-130.6358
2018,6.89,6.84,7.12,7.87,9.76,11.35,12,999.99,12.24,11.2,9.77,8.44,Bonilla_Island,53.4928,-130.6358
2019,8.02,6.67,7.07,8.51,9.44,10.71,13.06,13.4,12.88,11.45,10.05,8.25,Bonilla_Island,53.4928,-130.6358
2020,7.01,7,7.05,7.92,10.14,11.73,12.94,13.39,12.86,11.96,9.19,8.16,Bonilla_Island,53.4928,-130.6358
2021,7.43,6.5,6.79,7.85,9.45,11.32,12.81,12.38,12.13,10.67,9.32,7.32,Bonilla_Island,53.4928,-130.6358
2022,6.67,7.12,7.41,7.98,9.4,11.12,13.01,12.38,12.61,11.7,8.39,6.36,Bonilla_Island,53.4928,-130.6358
2023,6.53,6.59,6.02,6.84,9.39,10.75,12.02,12.59,12.24,11.19,9.91,8.87,Bonilla_Island,53.4928,-130.6358
2024,7.58,7.39,7.38,8.43,10.1,11.31,13.15,12.32,11.96,11.05,9.3,8.29,Bonilla_Island,53.4928,-130.6358
2025,8.14,6.2,7.24,8.48,9.61,10.89,999.99,999.99,999.99,999.99,999.99,999.99,Bonilla_Island,53.4928,-130.6358
1961,999.99,999.99,999.99,9.03,11.57,15.42,17.49,17.87,14.63,10.75,8.76,7.51,Chrome_Island,49.4722,-124.6852
1962,999.99,999.99,999.99,8.59,11.41,14.58,17.44,15.05,15.13,10.8,9.62,8,Chrome_Island,49.4722,-124.6852
1963,7.05,7.79,8.02,9.15,12.38,14.87,15.68,17.75,14.81,11.57,8.5,7.75,Chrome_Island,49.4722,-124.6852
1964,7.34,7.07,7.49,8.59,10.96,14.4,15.37,14.81,13.81,11.22,8.71,7.05,Chrome_Island,49.4722,-124.6852
1965,6.17,6.11,6.88,8.27,11.18,14.76,17.8,17.5,14.52,10.35,9.23,7.82,Chrome_Island,49.4722,-124.6852
1966,6.59,6.72,7.37,9.1,11.27,13.1,16.12,16.78,13.39,10.97,8.94,7.93,Chrome_Island,49.4722,-124.6852
1967,7,6.89,7.15,8.46,11.55,17.07,17.25,19.49,13.92,10.66,9.34,7.58,Chrome_Island,49.4722,-124.6852
1968,7.12,6.8,7.62,8.54,11.82,14.4,17.3,16.13,13.62,10.55,8.97,7.1,Chrome_Island,49.4722,-124.6852
1969,5.32,5.86,6.77,7.86,12.24,17.05,17.66,14.73,12.93,10.9,9.03,8.07,Chrome_Island,49.4722,-124.6852
1970,6.9,7.31,7.87,8.7,11.07,15.38,16.08,16.45,13.22,10.83,8.64,7.47,Chrome_Island,49.4722,-124.6852
1971,6.21,6.25,6.29,8.02,11.34,12.79,16.83,16.41,13.25,10.69,8.55,6.91,Chrome_Island,49.4722,-124.6852
1972,6.07,6.32,7,7.66,11.21,14.4,15.55,18.47,13.49,10.33,8.4,7.18,Chrome_Island,49.4722,-124.6852
1973,6.3,6.31,7.32,8.73,11.24,13.02,16.07,17.03,13.67,10.63,8.27,7.39,Chrome_Island,49.4722,-124.6852
1974,6.42,6.65,6.99,8.33,10.16,13.3,15.46,16.68,15.25,11.18,8.77,8.04,Chrome_Island,49.4722,-124.6852
1975,6.73,6.33,7.14,8.42,10.6,14.4,18.06,15.09,15,10.63,8.77,7.09,Chrome_Island,49.4722,-124.6852
1976,7.14,7.01,6.92,8.6,10.59,12.88,15.19,15.41,14.24,11.55,9.36,8.2,Chrome_Island,49.4722,-124.6852
1977,7.15,7.98,7.73,9.1,11.22,14.53,16.12,18.11,14.12,11.2,8.47,7.37,Chrome_Island,49.4722,-124.6852
1978,6.4,6.99,7.93,9.29,11.92,15.76,19.14,17.19,13.21,11.81,9.01,8.15,Chrome_Island,49.4722,-124.6852
1979,6.93,7.17,7.99,9.59,12.09,15.28,16.31,17,13.93,11.59,9.34,8.36,Chrome_Island,49.4722,-124.6852
1980,6.72,6.8,7.46,8.67,11.36,14,16.42,16.39,13.02,11.14,9.16,7.6,Chrome_Island,49.4722,-124.6852
1981,7.41,7.38,8.12,8.98,11.1,12.78,16.95,17.17,14.18,12,10.52,8.83,Chrome_Island,49.4722,-124.6852
1982,7.71,8.05,8.39,9.61,12.83,17.77,17.75,17.45,15.61,12.22,9.6,8.73,Chrome_Island,49.4722,-124.6852
1983,8.65,8.73,9.07,10.83,13.56,15.33,15.9,17.57,14.55,11.69,9.82,7.71,Chrome_Island,49.4722,-124.6852
1984,7.98,8.21,8.86,9.67,11.26,15.26,17.29,17.19,13.87,11.13,8.99,7.48,Chrome_Island,49.4722,-124.6852
1985,7.18,7.77,8.2,9.37,12.06,15.1,18.61,17.13,14.62,11.4,8.08,7.33,Chrome_Island,49.4722,-124.6852
1986,8,7.33,8.04,9.22,10.99,14.44,16.11,18.24,15.04,11.93,9.44,8.21,Chrome_Island,49.4722,-124.6852
1987,7.77,7.73,8.25,9.44,11.91,14.26,16.1,17.81,14.95,12.39,9.94,8.5,Chrome_Island,49.4722,-124.6852
1988,7.84,7.77,8.16,9.82,11.53,14.72,16.92,16.75,14.88,11.77,9.59,8.4,Chrome_Island,49.4722,-124.6852
1989,7.5,6.42,7.74,9.8,13.52,15.65,15.72,16.84,16.19,11.44,9.46,8.42,Chrome_Island,49.4722,-124.6852
1990,7.88,7.04,8.04,10.18,12.55,14.83,18.3,18.35,15.95,11.07,9.26,7.46,Chrome_Island,49.4722,-124.6852
1991,6.87,7.8,7.66,9.6,12.36,14.36,16.73,17.52,15.41,12.45,9.37,8.42,Chrome_Island,49.4722,-124.6852
1992,7.87,7.94,9.37,10.39,14.23,17.02,18.47,17.79,14.46,12.02,10.07,8.34,Chrome_Island,49.4722,-124.6852
1993,7.19,7.63,8.67,9.7,12.55,16.34,17.16,18.19,16.87,13,9.83,8.42,Chrome_Island,49.4722,-124.6852
1994,8.4,7.58,8.5,10.41,13.91,15.04,18.5,18.11,15.7,12.41,9.31,7.95,Chrome_Island,49.4722,-124.6852
1995,7.14,7.64,8.17,9.94,14.14,16.17,17.64,16.66,15.78,11.19,9.59,8.29,Chrome_Island,49.4722,-124.6852
1996,7.46,6.96,7.92,9.49,11.73,14.55,17.8,17.61,14.62,11.63,9.11,7.49,Chrome_Island,49.4722,-124.6852
1997,6.81,6.9,7.54,9.36,13.43,14.45,17.8,18.05,15.2,11.56,10.04,8.79,Chrome_Island,49.4722,-124.6852
1998,7.76,7.85,8.27,9.61,13.83,16.51,18.18,19.41,16.7,11.66,10.18,8.53,Chrome_Island,49.4722,-124.6852
1999,7.97,7.66,7.79,9.39,11.96,14.74,16.88,17.99,15.56,11.31,9.52,8.15,Chrome_Island,49.4722,-124.6852
2000,7.38,7.6,8.37,10.01,11.62,15.08,17.9,17.47,14.98,11.81,9.64,8.29,Chrome_Island,49.4722,-124.6852
2001,8.04,7.71,8.41,9.41,11.79,14.66,18.25,16.05,14.62,11.42,9.74,8.12,Chrome_Island,49.4722,-124.6852
2002,7.75,7.41,7.45,9.31,11.82,15.57,18.54,18.07,15.22,12.15,9.75,8.9,Chrome_Island,49.4722,-124.6852
2003,8.12,8.05,8.47,9.63,12.5,16.19,18.18,18.3,15,11.82,9.28,8.27,Chrome_Island,49.4722,-124.6852
2004,7.5,7.51,8.71,10.78,14.38,16.68,18.41,19.01,15.12,12.55,10.23,9.24,Chrome_Island,49.4722,-124.6852
2005,8.48,7.8,9.22,10.35,13.28,15.79,17.39,18.85,15.73,11.86,9.9,8.55,Chrome_Island,49.4722,-124.6852
2006,8.73,7.5,8.35,9.7,12.24,16.45,18.04,18.04,15.61,12.35,9.44,8.25,Chrome_Island,49.4722,-124.6852
2007,7.27,7.79,8.23,9.43,12.62,14.72,17.19,17.84,15.8,11.02,9.66,8.38,Chrome_Island,49.4722,-124.6852
2008,8.07,8.53,9,9.83,12.66,15.2,18.73,16.63,15.65,11.61,10.13,8.72,Chrome_Island,49.4722,-124.6852
2009,8.04,8.01,8.27,9.83,12.79,17.92,19.29,18.48,15.63,12.34,10.05,8.39,Chrome_Island,49.4722,-124.6852
2010,9.01,9.02,9.37,10.3,12.7,15.39,19.42,19.66,14.99,12.68,10.27,9.23,Chrome_Island,49.4722,-124.6852
2011,8.26,9.02,8.95,9.77,11.98,15.28,17.42,18.77,16.27,12.23,10.19,9.28,Chrome_Island,49.4722,-124.6852
2012,8.75,8.52,7.79,9.02,11.73,13.71,17.64,17.76,15.18,10.99,8.78,8.09,Chrome_Island,49.4722,-124.6852
2013,7.16,7.89,8.17,9.65,12.62,15.82,19.65,17.44,14.98,11.68,9.78,7.33,Chrome_Island,49.4722,-124.6852
2014,8.03,7.59,7.85,9.29,13.17,16.09,17.55,19.55,15.03,12.25,10.07,8.77,Chrome_Island,49.4722,-124.6852
2015,8.35,8.83,9.34,10.57,14.83,17.63,17.5,17.93,13.79,12.55,10.16,9.37,Chrome_Island,49.4722,-124.6852
2016,8.24,8.5,9.11,10.75,14,15.74,16.98,17.74,13.94,11.69,10.41,8.4,Chrome_Island,49.4722,-124.6852
2017,7.75,7.51,8.26,9.38,12.51,15.27,17.47,18.03,15.17,11.59,9.45,7.9,Chrome_Island,49.4722,-124.6852
2018,8.11,7.66,8.15,9.55,14.39,15.18,17.78,18.15,13.79,11.89,10.23,8.87,Chrome_Island,49.4722,-124.6852
2019,8,6.96,8.24,9.95,13.56,999.99,17.42,17.23,14.13,11.9,10.17,9.07,Chrome_Island,49.4722,-124.6852
2020,8.35,7.56,7.95,999.99,999.99,999.99,999.99,999.99,999.99,999.99,10.11,8.69,Chrome_Island,49.4722,-124.6852
2021,7.99,7.58,8.09,10.07,13.19,16.8,19.95,18.23,13.48,11.34,9.47,7.6,Chrome_Island,49.4722,-124.6852
2022,7.2,7.54,8.39,8.57,10.62,13.9,17.34,19.48,15.53,12.15,999.99,999.99,Chrome_Island,49.4722,-124.6852
2023,999.99,999.99,999.99,999.99,999.99,999.99,999.99,999.99,13.69,10.88,999.99,999.99,Chrome_Island,49.4722,-124.6852
1914,7.2,999.99,999.99,999.99,999.99,999.99,999.99,999.99,12.59,11.13,9.05,7.17,Departure_Bay_PBS,49.2064,-123.9624
1915,7.04,7.48,8.65,10.51,12.46,15.06,17.2,17.94,15.42,10.98,7.64,6.12,Departure_Bay_PBS,49.2064,-123.9624
1916,4.37,4.87,5.56,7.54,11.05,13.82,15.19,17.34,14.42,10.01,6.98,5.47,Departure_Bay_PBS,49.2064,-123.9624
1917,5.27,4.95,5.47,6.98,10.68,13.69,16.35,16.78,13.08,10.84,8.44,6.47,Departure_Bay_PBS,49.2064,-123.9624
1918,5.7,5.09,5.74,7.98,11.62,14.3,16.12,16.51,16.54,11.24,8.44,7.05,Departure_Bay_PBS,49.2064,-123.9624
1919,6.64,6.01,6.81,8.81,11.45,14.12,17.55,17.54,15.33,11.15,8.4,6.21,Departure_Bay_PBS,49.2064,-123.9624
1920,6.45,6.26,7.34,9.07,11.58,14.74,18.07,17.74,13.74,10.56,8.67,7.29,Departure_Bay_PBS,49.2064,-123.9624
1921,6.2,6.28,7.44,9.07,12.5,14.8,17.59,16.95,12.76,10.45,7.8,5.81,Departure_Bay_PBS,49.2064,-123.9624
1922,6.11,5.43,6.77,8.27,11.1,15.6,16.44,15.41,13.66,10.37,7.73,6.03,Departure_Bay_PBS,49.2064,-123.9624
1923,4.31,4.62,5.91,9.07,11.54,15.68,18.37,18.25,15.33,11.65,8.94,6.59,Departure_Bay_PBS,49.2064,-123.9624
1924,5.96,6.71,7.88,9.18,11,14.97,16.52,16.56,15.35,10.23,7.07,6.32,Departure_Bay_PBS,49.2064,-123.9624
1925,4.85,5.58,6.94,9.68,12.05,17.83,17.64,17.26,14.18,11.25,8,7.75,Departure_Bay_PBS,49.2064,-123.9624
1926,7.69,8.59,9.51,11.63,12.22,15.86,17.65,16.45,14.19,10.85,9.48,6.97,Departure_Bay_PBS,49.2064,-123.9624
1927,5.89,6.25,7.14,8.65,11.17,15.51,16.2,17.34,13.85,11.03,7.73,6.28,Departure_Bay_PBS,49.2064,-123.9624
1928,5.63,6.03,7.81,9.15,12.3,15.5,17.77,17.28,14.99,11.06,9.28,7.73,Departure_Bay_PBS,49.2064,-123.9624
1929,6.59,6.78,7.89,9.33,999.99,14.62,16.61,16.89,15.42,11.73,9.11,7.98,Departure_Bay_PBS,49.2064,-123.9624
1930,5.57,6.25,7.16,9.97,11.9,14.02,16.97,17.88,15.02,10.36,8.31,7.38,Departure_Bay_PBS,49.2064,-123.9624
1931,7.22,6.85,8,10.9,14.37,16.05,18.92,18.46,14.68,10.85,8.19,6.65,Departure_Bay_PBS,49.2064,-123.9624
1932,5.42,6.12,6.99,9.36,13.17,16.45,16.47,17.57,999.99,999.99,999.99,999.99,Departure_Bay_PBS,49.2064,-123.9624
1933,999.99,999.99,999.99,999.99,999.99,999.99,999.99,999.99,999.99,999.99,999.99,999.99,Departure_Bay_PBS,49.2064,-123.9624
1934,999.99,999.99,999.99,999.99,999.99,17.53,17.23,17.68,15.12,10.98,9.26,7.6,Departure_Bay_PBS,49.2064,-123.9624
1935,5.54,6.09,6.77,8.78,12.7,15.93,18.43,17.96,15.11,11.63,8.16,7.45,Departure_Bay_PBS,49.2064,-123.9624
1936,6.87,5.62,6.79,9.36,12.54,17.02,17.38,16.4,14.76,12.09,8.85,7.25,Departure_Bay_PBS,49.2064,-123.9624
1937,5.67,6.28,7.61,8.19,11.02,15.38,19.09,16.73,16.85,11.99,8.78,7.4,Departure_Bay_PBS,49.2064,-123.9624
1938,7.05,6.69,8.11,10.53,12.94,16.85,18.54,18.18,15.82,11.86,8.75,7.61,Departure_Bay_PBS,49.2064,-123.9624
1939,7.38,6.44,7.74,10.46,13.36,15.58,17.88,18.56,16.01,11.31,8.79,7.74,Departure_Bay_PBS,49.2064,-123.9624
1940,6.87,7.73,8.23,10.82,14.64,16.83,17.31,17.04,16.12,12.36,8.6,7.61,Departure_Bay_PBS,49.2064,-123.9624
1941,7.22,7.54,9.19,11.22,13.31,16.19,18.28,17.54,14.47,11.65,9.73,7.85,Departure_Bay_PBS,49.2064,-123.9624
1942,7.09,7.47,8.36,10.38,13.04,15.63,19.24,19.89,15.51,11.85,8.84,7.38,Departure_Bay_PBS,49.2064,-123.9624
1943,6.05,6.49,7.45,9.43,12.24,15.13,18.2,17.97,15.52,11.8,9.39,7.89,Departure_Bay_PBS,49.2064,-123.9624
1944,7.29,7.17,7.88,9.57,12.63,15.15,17.95,17.85,15.59,12.6,9.4,7.61,Departure_Bay_PBS,49.2064,-123.9624
1945,7.48,7.48,7.71,8.97,12.84,15.7,17.71,17.96,14.36,12.04,8.2,7.17,Departure_Bay_PBS,49.2064,-123.9624
1946,6.78,6.7,7.33,9.07,13.36,15.35,16.45,17.18,14.9,11.08,8.31,6.57,Departure_Bay_PBS,49.2064,-123.9624
1947,6.17,6.32,7.79,9.81,12.61,15.5,17.41,17.61,14.33,11.03,8.51,7.51,Departure_Bay_PBS,49.2064,-123.9624
1948,6.43,6.16,7.23,8.82,11.58,16.8,17.06,16.58,14.06,11.02,8.24,6.35,Departure_Bay_PBS,49.2064,-123.9624
1949,5.24,5.95,7.08,8.93,12.78,15.2,17.07,15.96,15.55,10.71,9.27,6.53,Departure_Bay_PBS,49.2064,-123.9624
1950,3.26,5.43,6.1,8.03,11.05,15.03,19.09,16.98,14.81,10.33,7.75,6.92,Departure_Bay_PBS,49.2064,-123.9624
1951,5.74,5.53,5.8,9.46,12.4,15.18,17.96,18.02,14.63,10.39,8.24,6.59,Departure_Bay_PBS,49.2064,-123.9624
1952,5.71,6,6.95,8.72,12.27,14.46,17.67,16.97,14.18,12.52,8.69,7.33,Departure_Bay_PBS,49.2064,-123.9624
1953,6.64,6.62,7.21,9.17,12.56,14.53,17.46,16.99,15.37,11.22,9.1,7.23,Departure_Bay_PBS,49.2064,-123.9624
1954,6.23,6.11,7.04,8.37,12.16,13.69,16.34,17.01,14.9,10.88,9.29,7.33,Departure_Bay_PBS,49.2064,-123.9624
1955,6.66,6.68,6.74,8.65,11.23,13.97,16.77,17.53,13.77,10.55,7.27,5.88,Departure_Bay_PBS,49.2064,-123.9624
1956,5.84,5.21,6.16,9.78,13.65,13.48,17.81,18.21,14.15,10.19,7.76,6.66,Departure_Bay_PBS,49.2064,-123.9624
1957,5.26,5.67,7.09,9.53,13.78,16.17,15.93,17.39,16.37,11.89,8.94,7.34,Departure_Bay_PBS,49.2064,-123.9624
1958,6.95,7.33,7.96,9.86,14.54,18.19,20.38,18.81,14.15,11.59,8.82,7.45,Departure_Bay_PBS,49.2064,-123.9624
1959,6.63,6.18,7.27,9.71,12.54,15.44,17.34,16.76,13.86,11.29,8.84,7.25,Departure_Bay_PBS,49.2064,-123.9624
1960,6.49,6.54,7.14,9.22,11.58,14.72,17.7,15.53,14.08,11.15,8.49,7.15,Departure_Bay_PBS,49.2064,-123.9624
1961,6.75,6.72,7.46,9.04,12.33,16.31,18.15,18.14,14.56,10.78,8.21,6.46,Departure_Bay_PBS,49.2064,-123.9624
1962,6.14,6.7,6.83,9.34,11.69,15.21,17.56,15.89,15.15,10.59,8.97,7.41,Departure_Bay_PBS,49.2064,-123.9624
1963,6.15,7.17,7.69,9.45,12.82,15.52,16.92,17.71,15.59,12.08,8.52,7.29,Departure_Bay_PBS,49.2064,-123.9624
1964,6.68,6.65,7.32,8.83,11.44,14.84,16.08,16.15,14.1,11.43,8.58,6.67,Departure_Bay_PBS,49.2064,-123.9624
1965,5.88,5.98,7.31,8.99,11.69,15.29,18.52,18.02,15.19,10.86,9.12,7.47,Departure_Bay_PBS,49.2064,-123.9624
1966,6.22,6.55,6.89,999.99,999.99,14.32,16.59,18.21,14.98,11.53,9.01,7.54,Departure_Bay_PBS,49.2064,-123.9624
1967,6.64,6.58,7.33,8.78,12.22,17.47,17.79,19.91,15.4,10.91,9.27,7.24,Departure_Bay_PBS,49.2064,-123.9624
1968,6.5,6.51,7.67,8.96,12.54,15.19,18.1,16.2,14.28,10.48,8.76,5.97,Departure_Bay_PBS,49.2064,-123.9624
1969,5.21,5.68,7.02,8.7,12.5,17.4,18.2,15.57,14.05,11.37,8.46,7.58,Departure_Bay_PBS,49.2064,-123.9624
1970,6.74,7.13,8.04,9.1,11.99,15.86,16.18,17.19,14.12,11.34,7.91,6.1,Departure_Bay_PBS,49.2064,-123.9624
1971,5.17,5.89,6.07,8.9,11.94,13.67,17.47,17.63,14.24,10.64,8.05,6.11,Departure_Bay_PBS,49.2064,-123.9624
1972,5.66,6.26,6.9,7.74,13.05,15.5,16.18,18.97,13.59,10.72,8.06,6.81,Departure_Bay_PBS,49.2064,-123.9624
1973,5.5,5.67,7.09,9.28,12.18,14,16.37,17.32,14.76,10.92,7.65,6.71,Departure_Bay_PBS,49.2064,-123.9624
1974,5.47,6.05,7.05,9.1,11.55,14.97,16,16.44,15.17,11.37,8.33,6.99,Departure_Bay_PBS,49.2064,-123.9624
1975,5.88,5.15,7.11,8.71,11.78,14.77,18.12,15.92,16.75,10.97,9.29,6.48,Departure_Bay_PBS,49.2064,-123.9624
1976,6.53,6.38,7.06,10.3,11.23,15.05,16.83,16.39,15.1,13.14,9.81,8.56,Departure_Bay_PBS,49.2064,-123.9624
1977,6.8,7.88,7.77,9.99,12.04,15.86,17.21,17.95,14.49,11.25,7.96,6.17,Departure_Bay_PBS,49.2064,-123.9624
1978,5.96,6.81,8.02,9.48,12.27,15.81,18.48,17.51,13.81,12.31,8.92,7.8,Departure_Bay_PBS,49.2064,-123.9624
1979,6.72,6.26,8.03,9.85,12.72,15.57,16.91,17.78,14.91,11.97,9.02,7.58,Departure_Bay_PBS,49.2064,-123.9624
1980,5.99,6.47,7.6,9.93,12.45,14.85,17.74,16.71,14.15,11.43,9.03,7.15,Departure_Bay_PBS,49.2064,-123.9624
1981,7.44,7.15,8.96,9.82,999.99,13.8,17.62,17.61,14.07,11.27,9.48,7.44,Departure_Bay_PBS,49.2064,-123.9624
1982,6.37,6.63,7.48,9.24,11.55,16.77,17.77,16.74,15.12,11.53,8.71,7.7,Departure_Bay_PBS,49.2064,-123.9624
1983,7.55,7.76,8.74,999.99,999.99,999.99,999.99,999.99,999.99,999.99,999.99,999.99,Departure_Bay_PBS,49.2064,-123.9624
1984,999.99,999.99,999.99,999.99,999.99,999.99,999.99,999.99,999.99,999.99,999.99,999.99,Departure_Bay_PBS,49.2064,-123.9624
1985,999.99,999.99,999.99,999.99,999.99,999.99,999.99,999.99,999.99,999.99,999.99,999.99,Departure_Bay_PBS,49.2064,-123.9624
1986,999.99,999.99,999.99,999.99,999.99,999.99,999.99,999.99,999.99,999.99,999.99,999.99,Departure_Bay_PBS,49.2064,-123.9624
1987,6.87,7.26,7.94,10.24,12.56,15.1,16.75,17.83,16.07,13.09,9.68,7.49,Departure_Bay_PBS,49.2064,-123.9624
1988,7.13,7.41,8.06,9.8,12.17,15.51,17.23,17.06,14.99,12.08,8.9,7.78,Departure_Bay_PBS,49.2064,-123.9624
1989,6.78,5.94,7.34,9.93,13.85,15.81,16.93,17.64,16.42,11.62,9.11,7.81,Departure_Bay_PBS,49.2064,-123.9624
1990,7.13,6.19,7.88,10.44,13.03,15.07,18.83,18.76,16.17,11.21,8.89,6.41,Departure_Bay_PBS,49.2064,-123.9624
1991,5.97,7.47,7.45,9.65,12.51,14.6,16.77,17.84,15.54,12.5,8.96,7.8,Departure_Bay_PBS,49.2064,-123.9624
1992,7.19,7.57,9.44,10.56,13.71,16.72,17.92,16.73,14.24,11.89,9.22,7.61,Departure_Bay_PBS,49.2064,-123.9624
1993,6.88,7.35,8.21,9.47,13.17,16.94,16.74,17.63,16.39,12.68,9.26,7.8,Departure_Bay_PBS,49.2064,-123.9624
1994,7.78,6.96,8.15,10.38,13.67,15.43,18.31,18.36,15.68,11.95,8.46,6.99,Departure_Bay_PBS,49.2064,-123.9624
1995,6.38,6.94,8.15,9.75,13.46,15.84,17.64,16.49,16.18,11.16,9.06,7.18,Departure_Bay_PBS,49.2064,-123.9624
1996,6.02,6.1,7.86,9.19,11.84,16.43,17.67,17.71,14.33,10.88,8.45,6.25,Departure_Bay_PBS,49.2064,-123.9624
1997,6.32,6.58,7.21,9.31,12.75,15.06,17.65,17.95,15.06,11.06,9.46,7.87,Departure_Bay_PBS,49.2064,-123.9624
1998,6.75,7.4,8.54,10.2,13.62,16,17.89,19.42,16.7,11.31,9.34,6.99,Departure_Bay_PBS,49.2064,-123.9624
1999,6.97,6.66,7.13,9.19,11.85,14.35,17.08,18.15,15.4,11.26,8.82,7.24,Departure_Bay_PBS,49.2064,-123.9624
2000,6.66,6.97,7.93,10.16,11.69,14.45,16.87,16.66,14.6,11.49,8.66,7.21,Departure_Bay_PBS,49.2064,-123.9624
2001,6.97,6.78,7.67,9.02,11.75,15.11,18.16,15.83,14.68,10.94,9.04,6.66,Departure_Bay_PBS,49.2064,-123.9624
2002,6.52,6.51,6.58,8.78,11.99,15.41,17.93,17.2,15.15,11.77,9.1,7.87,Departure_Bay_PBS,49.2064,-123.9624
2003,7.37,7.4,7.83,9.27,12.55,15.26,18.06,18.1,15.6,11.73,8.34,7.15,Departure_Bay_PBS,49.2064,-123.9624
2004,6.63,7.04,8,10.66,13.91,16.57,18.1,17.82,14.68,12.04,9.28,7.61,Departure_Bay_PBS,49.2064,-123.9624
2005,6.79,6.8,8.62,10.11,12.7,15.94,16.74,18.33,15.29,10.92,8.75,7.51,Departure_Bay_PBS,49.2064,-123.9624
2006,7.66,7.17,7.51,9.13,11.69,15.9,17.44,17.06,15.39,11.89,8.5,7.19,Departure_Bay_PBS,49.2064,-123.9624
2007,6.69,6.87,7.64,8.44,12.22,14.19,16.4,16.68,14.54,11.27,9.21,7.02,Departure_Bay_PBS,49.2064,-123.9624
2008,6.34,6.73,7.15,7.74,10.15,999.99,15.91,15.5,14.63,10.5,8.96,7.35,Departure_Bay_PBS,49.2064,-123.9624
2009,6.07,6.26,6.63,8.47,11.38,15.68,17.41,16.56,14.31,11.03,8.55,6.57,Departure_Bay_PBS,49.2064,-123.9624
2010,7.25,7.34,7.85,9.16,11.65,14.13,17.51,18.08,13.98,11.63,8.71,7.17,Departure_Bay_PBS,49.2064,-123.9624
2011,6.3,6.1,6.96,8.07,11.14,14.69,17.04,18.03,14.92,11.03,8.19,6.93,Departure_Bay_PBS,49.2064,-123.9624
2012,6.04,6.42,6.74,8.62,11.72,13.76,17.54,17.17,14.7,10.7,8.29,7,Departure_Bay_PBS,49.2064,-123.9624
2013,6.1,6.85,7.48,9.61,12.44,15.46,18.5,17.12,15.16,10.89,8.94,7.28,Departure_Bay_PBS,49.2064,-123.9624
2014,6.9,5.99,7.06,9.1,13.84,15.71,18.18,19.39,15.6,12.44,9.39,8.57,Departure_Bay_PBS,49.2064,-123.9624
2015,8.31,9.17,9.76,11.03,15.1,17.9,17.53,18.01,13.97,12.68,9.84,8.71,Departure_Bay_PBS,49.2064,-123.9624
2016,7.99,8.36,9.2,11.72,14.36,16.53,18.2,17.85,14.68,11.76,10.29,7.66,Departure_Bay_PBS,49.2064,-123.9624
2017,7.46,7.21,7.85,9.73,13.08,15.26,18.09,18.29,15.93,12.13,9.84,8.02,Departure_Bay_PBS,49.2064,-123.9624
2018,8.02,7.69,8.17,9.51,14.32,15.01,17.87,18.01,14.2,11.75,9.76,8.39,Departure_Bay_PBS,49.2064,-123.9624
2019,7.64,6.6,8.17,9.96,13.36,16.59,17.32,17.68,14.94,11.41,9.69,8.38,Departure_Bay_PBS,49.2064,-123.9624
2020,7.27,6.91,7.64,9.86,13.59,15.19,17.43,17.05,14.85,12.16,9.24,7.95,Departure_Bay_PBS,49.2064,-123.9624
2021,7.46,6.6,7.7,9.9,12.87,16.62,19.07,18.68,14.15,10.7,8.81,7,Departure_Bay_PBS,49.2064,-123.9624
2022,6.52,6.86,8,8.73,10.95,14.26,17.86,19.06,15.89,13.17,8.72,7.56,Departure_Bay_PBS,49.2064,-123.9624
2023,7.15,6.92,7.68,8.58,14.23,16.14,17.27,17.56,14.8,11.58,9.51,8.69,Departure_Bay_PBS,49.2064,-123.9624
2024,7.72,7.37,8.05,9.55,12.25,15,17.59,17.32,15.93,11.55,9.34,8.41,Departure_Bay_PBS,49.2064,-123.9624
2025,7.49,7.48,8.41,10.16,12.84,14.64,999.99,999.99,999.99,999.99,999.99,999.99,Departure_Bay_PBS,49.2064,-123.9624
1970,999.99,999.99,8.07,8.11,9.64,11.53,11.76,12.41,10.38,9.02,8.05,6.86,Egg_Island,51.2483,-127.8338
1971,6.52,6.34,6.27,7.18,8.68,10.28,13.1,12.71,11.67,9.55,7.81,6.36,Egg_Island,51.2483,-127.8338
1972,5.4,5.48,6.52,7.12,9.35,11,12.48,13.29,10.61,8.66,7.68,6.59,Egg_Island,51.2483,-127.8338
1973,6.21,6.28,6.89,7.94,9.58,11.19,12.86,13.12,11.15,9.21,7.02,7.05,Egg_Island,51.2483,-127.8338
1974,6.28,6.5,6.85,8.3,9.57,11.01,12.31,13.43,11.96,10.03,8.78,7.6,Egg_Island,51.2483,-127.8338
1975,6.6,5.76,6.47,7.47,9.98,11.56,13.05,12,11.05,9.38,8.01,6.86,Egg_Island,51.2483,-127.8338
1976,6.84,6.36,6.48,7.95,9.23,12.55,12.42,12.51,11.66,10.05,8.55,7.53,Egg_Island,51.2483,-127.8338
1977,6.88,7.85,7.29,8.62,10.2,11.64,13.35,13.8,10.98,9.86,8.33,7.22,Egg_Island,51.2483,-127.8338
1978,7.17,7.42,7.65,8.81,10.02,12.05,13.33,13.26,11.63,11.29,8.46,6.83,Egg_Island,51.2483,-127.8338
1979,5.96,5.8,7.04,8.39,10.59,12.57,12.65,13.12,13.13,10.31,9.4,8.82,Egg_Island,51.2483,-127.8338
1980,7.55,7.61,7.78,8.38,10.02,12.64,13.69,12.39,10.83,10.28,10.2,8.37,Egg_Island,51.2483,-127.8338
1981,8.52,8.15,8.54,8.75,10.55,11.83,12.99,13.32,11.74,11.09,9.55,8.64,Egg_Island,51.2483,-127.8338
1982,7.28,7.07,7.2,8.13,9.37,12.46,12.79,12.35,10.69,9.49,8.76,8.3,Egg_Island,51.2483,-127.8338
1983,8.25,8.27,8.91,9.8,11.39,12.45,13.07,13.64,11.81,10.13,9.36,8.27,Egg_Island,51.2483,-127.8338
1984,7.88,7.86,8.27,8.57,9.98,11.87,13.24,13.28,11.27,9.78,8.38,7.25,Egg_Island,51.2483,-127.8338
1985,7.24,6.96,6.98,7.83,9.49,11.69,13.73,11.42,10.35,9.13,7.13,6.81,Egg_Island,51.2483,-127.8338
1986,6.93,6.46,7.54,8.4,9.31,11.43,12.01,13.08,11.3,9.89,9.45,8.09,Egg_Island,51.2483,-127.8338
1987,7.89,7.8,8.44,9.08,10.08,11.6,12.97,13.1,11.17,10.94,9.68,8.67,Egg_Island,51.2483,-127.8338
1988,7.82,7.88,7.91,8.59,10.12,11.53,12.84,12.34,11.02,10.09,9.33,8.47,Egg_Island,51.2483,-127.8338
1989,7.45,6.47,6.98,8.56,10.56,11.21,12.43,12.48,11.08,9.71,9.02,8.48,Egg_Island,51.2483,-127.8338
1990,7.72,6.9,7.64,8.86,9.91,11.26,12.65,13.03,11.42,9.47,8.64,7.45,Egg_Island,51.2483,-127.8338
1991,6.96,7.13,7.02,8.21,9.79,11.25,11.95,12.18,11.41,9.63,8.63,8.02,Egg_Island,51.2483,-127.8338
1992,7.75,7.92,8.73,9.12,10.8,12.15,12.69,12.11,10.93,9.89,9.27,8.13,Egg_Island,51.2483,-127.8338
1993,6.96,7.51,7.85,8.43,10.6,12.09,12.45,12.56,11.2,9.74,8.87,7.91,Egg_Island,51.2483,-127.8338
1994,8.06,8.1,8.04,9.01,10.18,11.45,12.63,12.74,11.32,9.77,8.36,7.56,Egg_Island,51.2483,-127.8338
1995,7.59,7.55,8,8.85,10.31,11.81,12.63,11.99,11.33,11.09,9.36,8.46,Egg_Island,51.2483,-127.8338
1996,7.92,7.74,8.23,8.99,10.27,11.82,12.45,12.89,11.23,999.99,8.88,7.41,Egg_Island,51.2483,-127.8338
1997,7.78,7.89,7.64,8.73,10.58,12.83,13.35,12.77,13.67,12.58,10.29,9.51,Egg_Island,51.2483,-127.8338
1998,8.5,8.94,9.27,9.95,11.09,12.19,13.06,13.52,11.66,10.4,10.02,8.98,Egg_Island,51.2483,-127.8338
1999,8.53,7.75,7.84,8.66,10.28,10.9,11.68,11.74,10.93,9.38,8.38,8.57,Egg_Island,51.2483,-127.8338
2000,7.07,7.13,7.47,8.29,9.27,10.83,12.43,12.13,10.38,9.3,8.64,8.03,Egg_Island,51.2483,-127.8338
2001,7.44,7.12,7,7.84,8.34,10.77,11.46,10.86,10.66,9.06,8.3,7.37,Egg_Island,51.2483,-127.8338
2002,7.48,7.38,7.18,8.31,10.18,11.5,12.69,13.12,10.86,9.78,9.13,8.42,Egg_Island,51.2483,-127.8338
2003,8.21,8.15,8.55,9.19,10.63,11.82,13.46,13.22,11.89,10.63,8.87,7.45,Egg_Island,51.2483,-127.8338
2004,8,7.5,7.77,9.22,11.16,12.7,13.66,999.99,999.99,10.37,999.99,8.51,Egg_Island,51.2483,-127.8338
2005,7.73,7.59,8.62,9.06,11.53,13,13.29,14.12,12.17,10.04,9.27,8.26,Egg_Island,51.2483,-127.8338
2006,7.97,7.15,7.28,8.21,9.85,11.89,13.39,13.03,10.98,9.16,7.58,7.59,Egg_Island,51.2483,-127.8338
2007,6.86,7.02,6.98,7.5,999.99,13.95,13.57,14.26,11.28,9.04,8.43,7.27,Egg_Island,51.2483,-127.8338
2008,6.67,6.46,6.7,7.25,9.53,10.95,12.12,11.68,10.99,9.1,8.4,7.72,Egg_Island,51.2483,-127.8338
2009,6.37,6.24,6.23,7.63,9.1,12.54,13.14,12.91,999.99,10.63,8.43,7.35,Egg_Island,51.2483,-127.8338
2010,7.78,7.9,8.37,8.83,10.08,11.76,12.45,12.88,10.49,10.86,8.79,7.54,Egg_Island,51.2483,-127.8338
2011,6.88,6.67,6.8,7.71,9.82,12.02,12.72,12.58,11.04,9.79,8.78,7.09,Egg_Island,51.2483,-127.8338
2012,6.71,6.46,6.35,7.62,9.35,11.22,12.94,13.31,9.25,9.1,8.56,7.89,Egg_Island,51.2483,-127.8338
2013,7.23,7.18,7.53,8.68,10.7,12.13,13.7,13.23,12.29,999.99,8.45,7.56,Egg_Island,51.2483,-127.8338
2014,7.55,6.75,7.56,9.59,11.43,11.76,13.97,14.06,12.22,12.47,9.9,8.82,Egg_Island,51.2483,-127.8338
2015,8.39,8.92,9.22,9.63,11.61,13.66,14.27,14.22,12.06,11.14,9.81,8.41,Egg_Island,51.2483,-127.8338
2016,7.77,8.5,8.83,10.02,11.96,13.01,14.23,13.04,11.02,10.33,10.07,8,Egg_Island,51.2483,-127.8338
2017,7.19,6.98,7.51,9.33,11.22,12.22,14,13.98,11.87,9.92,8.37,7.9,Egg_Island,51.2483,-127.8338
2018,7.67,7.1,7.61,8.71,11.56,12.71,14.79,14.06,11.94,10.02,9.35,8.56,Egg_Island,51.2483,-127.8338
2019,8.06,7.2,7.83,8.9,11.05,12.91,14.65,13.52,12.04,10.12,9.3,8.11,Egg_Island,51.2483,-127.8338
2020,7.51,7.18,7.25,8.58,10.63,12.39,13.69,13.79,12.86,11.02,8.7,7.94,Egg_Island,51.2483,-127.8338
2021,7.32,6.95,7.15,9.28,9.92,12.12,13.53,12.91,10.81,10.06,9.06,7.71,Egg_Island,51.2483,-127.8338
2022,7.23,6.99,7.35,8.05,9.41,11.86,14.24,13.81,11.67,10.12,7.96,6.85,Egg_Island,51.2483,-127.8338
2023,7.09,7.2,6.76,7.44,10.84,12.23,14.15,13.62,11,10.98,10.03,8.92,Egg_Island,51.2483,-127.8338
2024,7.93,7.91,8.1,9.02,10.03,12.1,13.9,13.61,11.24,10.12,9,8.22,Egg_Island,51.2483,-127.8338
2025,7.44,6.35,7.86,8.93,10.45,12.07,999.99,999.99,999.99,999.99,999.99,999.99,Egg_Island,51.2483,-127.8338
1936,999.99,999.99,999.99,999.99,14.09,15.7,18.52,19.1,15.06,12.56,9.66,8.69,Entrance_Island,49.2092,-123.8081
1937,6.83,6.3,7.35,8.6,10.84,13.06,17.06,16.2,15.47,11.41,8.83,8.24,Entrance_Island,49.2092,-123.8081
1938,7.47,7.14,7.16,8.73,12.12,15.9,17.08,16.76,16.03,12.08,9.08,7.36,Entrance_Island,49.2092,-123.8081
1939,6.97,6.36,6.57,7.74,12.11,13.14,15.3,15.42,14.18,10.87,9.01,7.94,Entrance_Island,49.2092,-123.8081
1940,7.08,7.12,7.97,10.38,12.88,15.21,16.58,16.64,15.91,13.33,7.73,7.67,Entrance_Island,49.2092,-123.8081
1941,6.6,6.87,6.51,10.15,11.88,14.64,17.78,17.42,13.82,11.58,10.12,9.37,Entrance_Island,49.2092,-123.8081
1942,7.8,7.63,8.07,9.46,12.18,15,18.86,18.98,15.22,11.61,9.43,8.36,Entrance_Island,49.2092,-123.8081
1943,7.04,7.19,7.49,8.81,11.94,14.51,17.1,17.89,15.23,11.95,9.8,8.57,Entrance_Island,49.2092,-123.8081
1944,7.47,7.27,7.52,9.01,11.84,14.3,16.68,16.56,15.52,12.08,9.68,7.97,Entrance_Island,49.2092,-123.8081
1945,7.64,7.7,8.04,8.71,12.39,15.18,16.98,17.11,13.81,11.86,8.73,7.38,Entrance_Island,49.2092,-123.8081
1946,7.39,7.1,7.48,8.42,12.72,15.14,15.88,16.8,14.66,10.95,8.49,7.26,Entrance_Island,49.2092,-123.8081
1947,6.93,6.79,7.78,9.29,12.1,14.91,16.26,16.98,14.89,10.65,8.82,8.19,Entrance_Island,49.2092,-123.8081
1948,6.88,6.89,7.22,8.29,10.71,16.21,16.5,15.55,13.63,10.98,8.71,6.94,Entrance_Island,49.2092,-123.8081
1949,6.01,6.33,7,8.52,12.21,14.72,16.67,15.73,15.04,10.72,9.38,7.2,Entrance_Island,49.2092,-123.8081
1950,4.89,6.26,6.48,7.79,10.61,14.5,17.75,16.89,14.32,10.05,8.1,7.23,Entrance_Island,49.2092,-123.8081
1951,6.52,5.7,5.83,9.12,12.37,14.51,17.61,17.51,14.45,10.52,8.62,7.28,Entrance_Island,49.2092,-123.8081
1952,7.03,6.22,6.86,8.41,11.38,13.46,16.88,16.35,13.77,12.54,8.95,8.21,Entrance_Island,49.2092,-123.8081
1953,7.34,6.9,7.46,9.12,12.19,14.36,17.14,16.41,15.09,10.95,9.34,7.81,Entrance_Island,49.2092,-123.8081
1954,6.76,6.89,7.05,8.38,12.31,13.2,15.97,16.83,14.25,10.99,9.51,7.91,Entrance_Island,49.2092,-123.8081
1955,6.81,6.71,6.66,8.55,10.63,13.01,16.18,17.02,13.77,10.48,7.68,6.18,Entrance_Island,49.2092,-123.8081
1956,6.31,5.67,6.29,9.23,13.1,12.86,16.83,17.46,13.87,10.2,7.96,7.25,Entrance_Island,49.2092,-123.8081
1957,5.94,6.46,7.02,8.95,13.08,15.76,15.76,16.79,15.57,11.71,9.28,8.24,Entrance_Island,49.2092,-123.8081
1958,7.51,7.51,8.03,9.74,14.17,17.59,19.44,18.64,13.94,11.78,8.97,8.11,Entrance_Island,49.2092,-123.8081
1959,7.14,6.62,7.71,9.29,12.52,14.83,17.1,16.61,13.92,11.16,9.22,7.81,Entrance_Island,49.2092,-123.8081
1960,6.79,6.9,7.39,9.14,11.41,14.43,17.28,15.74,14.02,11.04,9.06,7.54,Entrance_Island,49.2092,-123.8081
1961,7.49,7.58,7.76,8.96,12.33,15.97,17.84,18.19,14.41,10.75,8.67,7.28,Entrance_Island,49.2092,-123.8081
1962,6.38,6.77,7.15,9.02,11.71,14.82,17.1,15.51,15.09,10.89,9.55,7.82,Entrance_Island,49.2092,-123.8081
1963,6.22,7.48,8.15,9.37,13.22,15.54,16.61,17.89,16.3,12.53,9.29,8.09,Entrance_Island,49.2092,-123.8081
1964,7.69,7,7.75,8.74,11.81,14.36,15.39,16.11,14.25,11.24,8.67,7.36,Entrance_Island,49.2092,-123.8081
1965,6.28,6.12,6.98,8.7,11.26,15.17,18.07,17.42,14.6,10.63,9.28,7.89,Entrance_Island,49.2092,-123.8081
1966,6.86,6.69,7.48,9.23,11.98,13.49,16.2,17.43,14.54,11.33,9.24,8.05,Entrance_Island,49.2092,-123.8081
1967,7.25,6.86,7.29,8.56,12.16,16.6,17.2,19.98,15.03,10.73,9.29,7.55,Entrance_Island,49.2092,-123.8081
1968,7.31,6.65,7.9,8.83,12.32,14.35,17.86,16.29,13.98,10.62,9.01,7.3,Entrance_Island,49.2092,-123.8081
1969,5.21,5.63,6.75,8.24,12.38,16.13,17.99,15.96,13.35,11.38,9.06,8.06,Entrance_Island,49.2092,-123.8081
1970,6.93,7.46,8.09,9.02,12.1,16.3,16.06,16.89,13.49,10.95,8.84,7.61,Entrance_Island,49.2092,-123.8081
1971,6.37,6.51,6.74,8.3,11.52,13.06,16.98,17.07,13.65,10.8,8.42,6.9,Entrance_Island,49.2092,-123.8081
1972,6.14,6.08,7.03,7.48,12.15,14.73,15.07,18.58,13.59,10.45,8.34,7.14,Entrance_Island,49.2092,-123.8081
1973,6.33,5.87,7.38,9.37,11.7,13.59,15.82,17.03,14.41,10.92,8.17,7.33,Entrance_Island,49.2092,-123.8081
1974,6.33,6.74,6.85,8.67,11.13,13.62,15.45,16.23,15.46,11.61,8.78,7.9,Entrance_Island,49.2092,-123.8081
1975,6.56,6.2,6.88,7.97,10.87,13.74,17.07,15.02,14.8,10.42,8.36,6.87,Entrance_Island,49.2092,-123.8081
1976,6.54,6.71,6.54,8.67,11.07,13.16,15.82,15.29,14.97,11.75,9.08,7.96,Entrance_Island,49.2092,-123.8081
1977,6.78,7.42,7.77,9.27,11.63,14.7,16.47,16.96,14.12,11.18,8.72,6.67,Entrance_Island,49.2092,-123.8081
1978,6.33,7.01,7.94,9.29,11.69,15.19,18.47,17.27,13.45,12.31,8.75,7.94,Entrance_Island,49.2092,-123.8081
1979,7.18,7.34,7.83,8.8,12.02,14.77,16.45,17.62,14.48,12.01,9.29,8.25,Entrance_Island,49.2092,-123.8081
1980,6.65,6.54,7.63,9.46,12.15,14.59,16.77,16.57,13.6,12.03,9.48,8,Entrance_Island,49.2092,-123.8081
1981,7.51,7.47,8.34,9.21,12.24,13.02,17.54,17.53,14.24,11.13,9.68,8.25,Entrance_Island,49.2092,-123.8081
1982,6.87,7.1,7.4,8.6,11.69,16.41,16.21,15.99,15.18,11.24,8.85,8.1,Entrance_Island,49.2092,-123.8081
1983,7.71,7.67,8.37,10.07,13.21,15.63,15.99,17,14.33,11.58,9.72,7.75,Entrance_Island,49.2092,-123.8081
1984,7.46,7.92,8.53,9.55,11.32,14.6,17.03,17.65,14.52,10.8,8.97,7.19,Entrance_Island,49.2092,-123.8081
1985,6.77,7.74,7.93,8.92,11.81,14.65,18.19,16.66,14.54,11.13,7.94,6.91,Entrance_Island,49.2092,-123.8081
1986,7.94,7.13,8.07,9.2,11.12,14.66,16.79,18.6,15.86,12.48,9.47,8.02,Entrance_Island,49.2092,-123.8081
1987,7.48,7.69,8.35,9.87,12.38,15.44,16.61,18.1,16.03,13.14,9.93,7.97,Entrance_Island,49.2092,-123.8081
1988,7.15,7.46,8.28,9.83,12.03,15.36,17.95,17.43,15.36,12.14,9.33,8,Entrance_Island,49.2092,-123.8081
1989,7.09,5.51,7.45,10.23,14.35,15.89,17.09,18.17,16.55,11.68,9.21,8.13,Entrance_Island,49.2092,-123.8081
1990,7.31,6.58,8.02,10.61,13.43,15.06,18.73,19.25,17.02,11.47,9.08,6.25,Entrance_Island,49.2092,-123.8081
1991,5.96,7.37,7.69,10.24,12.77,14.62,17.16,18.23,16,12.51,9.41,8.32,Entrance_Island,49.2092,-123.8081
1992,7.84,8,9.44,10.55,14.19,17.01,18.58,17.42,14.44,11.82,9.62,8.01,Entrance_Island,49.2092,-123.8081
1993,6.62,7.24,8.3,9.54,12.98,17.18,16.95,18.17,17.04,12.89,9.36,8.2,Entrance_Island,49.2092,-123.8081
1994,8.08,7.55,8.47,10.43,14.05,15.58,18.43,19.2,16.09,12.33,8.89,7.89,Entrance_Island,49.2092,-123.8081
1995,7.24,7.54,8.34,10.27,14.25,16.52,17.94,17.12,16.93,11.59,9.77,8.02,Entrance_Island,49.2092,-123.8081
1996,6.82,6.95,8.23,9.65,12.19,15.69,17.58,18.32,14.79,11.49,8.75,7.05,Entrance_Island,49.2092,-123.8081
1997,6.48,6.86,7.59,9.67,13.31,15.45,18.3,18.76,15.43,11.45,9.82,8.57,Entrance_Island,49.2092,-123.8081
1998,7.28,7.83,8.41,10.11,13.63,16,18.4,20.07,17.12,11.92,9.95,7.78,Entrance_Island,49.2092,-123.8081
1999,7.49,7.58,7.67,9.5,12.14,14.72,17.42,18.47,15.75,11.6,9.62,7.75,Entrance_Island,49.2092,-123.8081
2000,7.03,7.44,8.06,10.38,11.65,14.69,17.81,17.75,15.48,12.21,9.32,7.62,Entrance_Island,49.2092,-123.8081
2001,7.55,7.3,8.14,9.32,12.23,15.45,18.49,15.99,15.09,12.02,9.58,7.64,Entrance_Island,49.2092,-123.8081
2002,7.16,7.3,7.55,9.29,12.43,15.88,18.9,18.38,15.8,12.33,9.89,8.56,Entrance_Island,49.2092,-123.8081
2003,8.15,7.77,8.36,9.23,999.99,16.2,18.34,19.11,16.3,11.97,9.14,8.16,Entrance_Island,49.2092,-123.8081
2004,7.25,7.59,8.66,11.97,14.52,17.24,18.92,18.71,15.91,12.75,9.82,8.26,Entrance_Island,49.2092,-123.8081
2005,6.89,7.78,8.88,10.67,12.84,16.59,17.56,19.1,16.03,11.39,9.14,8.35,Entrance_Island,49.2092,-123.8081
2006,8.5,7.41,7.99,9.48,12.63,17.1,18.44,18.7,16.05,12.55,8.79,7.81,Entrance_Island,49.2092,-123.8081
2007,6.62,7.51,7.92,9.75,12.98,16.12,17.78,18.55,16.2,10.65,9.21,7.49,Entrance_Island,49.2092,-123.8081
2008,6.94,6.84,8.05,9.34,9.92,17.09,17.94,16.69,15.59,11.65,10.02,7.55,Entrance_Island,49.2092,-123.8081
2009,6.78,7.02,7.44,9.63,13.12,16.64,18.88,17.97,15.79,11.67,9.32,6.91,Entrance_Island,49.2092,-123.8081
2010,8.1,8.02,8.43,9.62,12.11,14.56,18.31,18.7,14.59,11.98,9.75,8.26,Entrance_Island,49.2092,-123.8081
2011,7.03,6.63,7.32,8.3,14.09,14.49,16.67,18.14,14.98,11.35,8.52,7.16,Entrance_Island,49.2092,-123.8081
2012,6.73,6.61,7.03,9.09,12.26,13.67,17.91,18.29,15.53,10.81,8.93,7.75,Entrance_Island,49.2092,-123.8081
2013,6.53,7.44,8.05,10.03,12.09,16.06,18.72,17.99,15.6,11.78,9.7,8.42,Entrance_Island,49.2092,-123.8081
2014,7.35,7.2,7.41,9.18,13.02,16.1,18.15,19.44,15.75,13,10.6,8.91,Entrance_Island,49.2092,-123.8081
2015,8.87,8.92,9.1,11.07,15.07,17.57,17.17,17.79,14.36,12.95,9.93,9.14,Entrance_Island,49.2092,-123.8081
2016,7.74,8.11,9.23,11.38,14.4,16.46,17.95,18.2,14.73,11.51,10.67,7.79,Entrance_Island,49.2092,-123.8081
2017,7.51,7.07,8,9.18,12.18,15.15,17.7,18.28,999.99,11.88,9.4,7.57,Entrance_Island,49.2092,-123.8081
2018,7.56,7.13,7.84,9.41,999.99,999.99,999.99,999.99,999.99,11.69,10.01,8.45,Entrance_Island,49.2092,-123.8081
2019,999.99,999.99,7.85,9.62,13.13,16.02,15.94,18.4,14.4,11.94,9.72,8.47,Entrance_Island,49.2092,-123.8081
2020,999.99,999.99,999.99,999.99,999.99,999.99,999.99,999.99,999.99,12.12,9.28,7.99,Entrance_Island,49.2092,-123.8081
2021,7.56,999.99,7,9.63,12.68,999.99,19.1,18.73,14.93,11.12,9.46,7.91,Entrance_Island,49.2092,-123.8081
2022,6.84,7.18,7.92,9.03,10.81,14.16,18.14,19,15.59,13.9,8.81,7.68,Entrance_Island,49.2092,-123.8081
2023,7.2,7.19,7.42,8.89,14.24,15.88,17.42,17.33,15.27,11.06,9.7,8.94,Entrance_Island,49.2092,-123.8081
2024,7.58,7.37,8.31,9.75,12.58,15.31,18.48,17.89,16.7,12.24,9.69,8.88,Entrance_Island,49.2092,-123.8081
2025,7.71,7.57,8.53,9.79,13.61,999.99,999.99,999.99,999.99,999.99,999.99,999.99,Entrance_Island,49.2092,-123.8081
1935,7.06,7.73,7.6,8.57,9.77,11.6,12.29,12.37,12.56,10.98,8.24,8.22,Kains_Island,50.4412,-128.0324
1936,7.65,6.61,7.01,8.18,10.27,12.96,15.43,13.82,12.25,11.6,9.15,8.37,Kains_Island,50.4412,-128.0324
1937,6.6,6.26,7.53,8.48,10.35,11.66,12.55,13.25,12.94,11.34,9.9,9.33,Kains_Island,50.4412,-128.0324
1938,8.33,7.61,8.25,9.43,10.5,11.36,12.05,12.29,13.88,11.96,8.95,7.36,Kains_Island,50.4412,-128.0324
1939,7.1,6.2,7.53,8.45,10.15,10.66,12.79,13.54,13.25,10.82,10.5,10.22,Kains_Island,50.4412,-128.0324
1940,9.8,8.96,9.17,10.37,11.23,12.51,12.95,14.2,14.35,12.51,10.65,9.6,Kains_Island,50.4412,-128.0324
1941,8.85,8.95,10.05,10.93,11.47,13.24,13.86,14.21,13.89,12.03,10.59,8.87,Kains_Island,50.4412,-128.0324
1942,8.86,8.76,8.45,9.43,10.85,12.25,13.63,13.74,12.58,11.9,9.1,7.76,Kains_Island,50.4412,-128.0324
1943,6.58,7.06,7.63,8.85,9.98,11.53,12.58,13.37,13.02,11.56,9.95,8.91,Kains_Island,50.4412,-128.0324
1944,8.21,8.2,8.2,8.95,10.22,11.68,12.68,13.13,13.05,12.58,10.49,9.77,Kains_Island,50.4412,-128.0324
1945,9.67,8.66,8.21,8.53,9.65,10.82,11.78,12.32,11.36,10.67,8.12,7.16,Kains_Island,50.4412,-128.0324
1946,7.41,7.15,7.54,7.99,10.24,12.03,13.16,13.03,12.6,10.45,7.98,6.84,Kains_Island,50.4412,-128.0324
1947,6.23,6.57,7.81,8.83,10.34,12.23,13.68,12.89,12.83,11.22,9.71,8.81,Kains_Island,50.4412,-128.0324
1948,7.77,7.19,7.37,8.24,9.98,11.65,12.35,12.66,12.67,11,8.96,7.11,Kains_Island,50.4412,-128.0324
1949,6.31,5.86,6.9,8.09,10.11,10.85,12.28,13.7,12.8,11.18,10,8.24,Kains_Island,50.4412,-128.0324
1950,6.21,5.64,6.58,7.36,8.67,11.18,12.19,13.27,12.45,10.98,8.98,9.36,Kains_Island,50.4412,-128.0324
1951,7.97,7.29,7.25,8.51,10.52,10.62,12.61,12.79,12.17,11.88,9.77,8.29,Kains_Island,50.4412,-128.0324
1952,7.06,7.01,7.63,7.98,9.33,10.4,11.13,12.8,12.42,11.87,10.13,8.43,Kains_Island,50.4412,-128.0324
1953,7.82,7.94,7.99,8.68,10.13,11.22,12.91,12.64,13.61,11.28,10.11,9.28,Kains_Island,50.4412,-128.0324
1954,7.77,7.6,7.83,8.39,9.81,11.25,11.99,12.68,14.2,11.39,10.5,9.23,Kains_Island,50.4412,-128.0324
1955,8.62,7.98,7.05,7.89,9.11,10.04,11.88,11.87,12.18,10.41,8.04,6.4,Kains_Island,50.4412,-128.0324
1956,6.27,6.3,6.54,7.95,9.57,11.24,11.98,13.11,13.58,11.15,9.28,7.99,Kains_Island,50.4412,-128.0324
1957,6.86,6.65,6.93,8.29,10.47,12.11,13.04,14.79,13.6,11.88,10.26,9.25,Kains_Island,50.4412,-128.0324
1958,8.77,9.04,9.04,9.74,11.22,13.01,13.07,13.47,13.07,11.23,9.36,8.43,Kains_Island,50.4412,-128.0324
1959,7.72,7.67,7.97,8.62,10.3,11.69,12.54,12.13,12.86,11.48,8.98,8.15,Kains_Island,50.4412,-128.0324
1960,7.19,7.55,7.32,8.54,10.22,10.78,11.54,13.05,12.68,11.14,9.53,8.62,Kains_Island,50.4412,-128.0324
1961,8.33,8.35,8.4,9.46,10.97,12.49,13.68,13.86,13.14,10.26,8.35,7.19,Kains_Island,50.4412,-128.0324
1962,7.07,7.41,7.39,8.79,9.73,11.6,12.35,12.87,12.19,11.46,10.47,9.15,Kains_Island,50.4412,-128.0324
1963,8.56,8.57,8.22,9.26,10.87,11.71,13.08,13.98,15.49,13.26,10.57,9.84,Kains_Island,50.4412,-128.0324
1964,8.85,8.58,8.28,8.73,9.25,12.12,12.63,13.39,11.94,11.04,9.03,7.54,Kains_Island,50.4412,-128.0324
1965,6.52,6.8,7.68,8.41,9.55,10.64,12.39,13.96,11.43,10.72,9.84,9,Kains_Island,50.4412,-128.0324
1966,8.29,8.31,7.92,8.89,9.64,11.18,12.65,12.59,13.28,11.38,8.97,8.12,Kains_Island,50.4412,-128.0324
1967,7.78,7.65,7.79,8.7,10.45,11.58,13.06,14.07,14.97,12.78,10.54,8.55,Kains_Island,50.4412,-128.0324
1968,7.4,7.11,8.14,8.45,10.56,12.09,13.13,13.25,13.03,10.59,9.46,8.06,Kains_Island,50.4412,-128.0324
1969,6.73,6.24,7.53,8.18,10.11,12.44,12.05,12.57,12.32,11.44,10.24,8.85,Kains_Island,50.4412,-128.0324
1970,7.47,7.78,8.1,8.31,9.46,10.7,11.55,12.22,11.46,9.92,8.25,6.42,Kains_Island,50.4412,-128.0324
1971,6.02,6.61,6.72,7.69,9.06,10.86,12.35,14.31,12.98,10.89,8.47,6.86,Kains_Island,50.4412,-128.0324
1972,5.81,5.84,6.6,7.62,9.5,11.29,12.88,13.26,11.58,10,8.62,7.2,Kains_Island,50.4412,-128.0324
1973,6.6,6.7,7.57,8.77,10.21,10.79,11.72,12.2,13.15,11.11,8,7.42,Kains_Island,50.4412,-128.0324
1974,6.37,7.27,7.33,8.6,9.93,10.88,12.74,12.63,13.82,11.27,9.25,8.4,Kains_Island,50.4412,-128.0324
1975,7.33,6.66,7.11,8.25,9.76,10.43,12.54,12.04,11.92,10.93,8.94,7.86,Kains_Island,50.4412,-128.0324
1976,7.24,6.9,7.18,8.26,9.73,10.74,12.35,12.95,13.76,11.99,9.88,8.86,Kains_Island,50.4412,-128.0324
1977,8.2,8.63,8.39,9.16,10.35,11.42,12.55,13.71,13.17,11.76,9.36,7.98,Kains_Island,50.4412,-128.0324
1978,7.78,8.38,8.94,9.97,10.7,12.7,12.6,14.13,14.18,12.76,9.68,8.22,Kains_Island,50.4412,-128.0324
1979,6.67,6.47,7.69,8.85,10.81,11.7,13.46,14.23,14.94,12.52,10.39,9.49,Kains_Island,50.4412,-128.0324
1980,8.13,8.23,8.64,9.1,10.78,12.16,13.28,12.27,12.51,12.36,10.55,9.14,Kains_Island,50.4412,-128.0324
1981,9.47,8.91,9.19,9.68,10.85,12.71,13.2,12.99,14.3,11.53,10.29,8.89,Kains_Island,50.4412,-128.0324
1982,7.47,7.29,7.75,8.53,9.89,11.81,12.79,13.41,13.4,11.21,9.17,8.39,Kains_Island,50.4412,-128.0324
1983,8.46,8.59,9.5,10.52,12.18,12.89,14.48,14.47,13.94,11.36,9.84,8.24,Kains_Island,50.4412,-128.0324
1984,8.55,8.48,8.88,9.16,10.52,11.36,12.81,14.17,13.64,11.22,9.13,7.95,Kains_Island,50.4412,-128.0324
1985,7.97,7.62,7.84,8.54,10.13,11.66,13.04,12.34,12.05,10.9,7.92,7.1,Kains_Island,50.4412,-128.0324
1986,7.15,6.79,8.36,8.86,10.14,11.81,12.5,12.76,12.96,12.18,10.22,8.5,Kains_Island,50.4412,-128.0324
1987,8.15,8.4,8.84,9.65,10.57,11.79,13.23,12.92,12.82,11.79,10.48,8.67,Kains_Island,50.4412,-128.0324
1988,8,8.04,8.18,8.9,10.42,11.42,12.36,11.93,12.04,11.64,9.78,8.57,Kains_Island,50.4412,-128.0324
1989,7.48,6.98,7.15,8.65,11.07,11.63,13.56,13.89,12,11.18,10.04,9.14,Kains_Island,50.4412,-128.0324
1990,8.12,7.08,7.84,9.32,10.39,12.5,13.63,14.61,13.73,11.06,9.25,7.44,Kains_Island,50.4412,-128.0324
1991,7.11,7.38,7.27,8.86,10.23,11.76,12.63,13.35,12.61,11.24,9.76,8.59,Kains_Island,50.4412,-128.0324
1992,8.02,8.45,9.6,10.34,11.39,12.91,13.31,13.76,12.64,11.83,9.99,8.25,Kains_Island,50.4412,-128.0324
1993,7.53,7.67,7.98,9.55,11.32,13.15,12.77,14.37,12.08,11.5,9.98,8.44,Kains_Island,50.4412,-128.0324
1994,8.48,7.82,8.48,9.82,11.02,12.99,13.1,16.15,14.62,11.05,8.91,7.84,Kains_Island,50.4412,-128.0324
1995,7.81,8.12,8.51,9.75,11.1,12.63,13.73,13.85,14.66,13.26,10.32,8.92,Kains_Island,50.4412,-128.0324
1996,8.29,8.14,8.59,9.63,10.74,11.94,13.43,13.44,14.42,11.8,9.96,7.75,Kains_Island,50.4412,-128.0324
1997,7.55,8.32,8.27,9.73,11.82,14.05,14.73,14.56,15.75,13.5,11.46,10.2,Kains_Island,50.4412,-128.0324
1998,8.83,9.19,9.69,10.43,11.52,12.2,13.89,14.39,13.6,11.37,10.28,8.95,Kains_Island,50.4412,-128.0324
1999,8.43,7.74,7.64,8.72,9.76,10.74,11.92,13.31,12.1,10.42,9.15,8.67,Kains_Island,50.4412,-128.0324
2000,7.96,7.67,8.12,9.35,10.2,11.78,13,13.39,13.21,11.43,9.47,8.15,Kains_Island,50.4412,-128.0324
2001,7.84,7.49,8.06,8.9,9.55,11.29,12.34,13.55,12.73,11.02,8.98,7.93,Kains_Island,50.4412,-128.0324
2002,7.92,7.39,7.48,8.83,10.02,11.83,13.56,13.02,13.64,10.53,10.14,9.02,Kains_Island,50.4412,-128.0324
2003,8.75,8.85,8.82,9.58,11.14,12.45,13.8,14.28,13.79,12.18,9.35,8.36,Kains_Island,50.4412,-128.0324
2004,7.99,8.33,8.46,9.53,11.65,13.16,14.72,15.33,14.03,11.42,9.61,8.58,Kains_Island,50.4412,-128.0324
2005,7.68,8.1,8.59,9.35,12.07,13.01,13.68,14.05,12.96,11.14,9.68,8.98,Kains_Island,50.4412,-128.0324
2006,8.35,7.9,8.09,9.31,10.84,12.99,13.96,12.8,12.3,10.36,8.62,7.84,Kains_Island,50.4412,-128.0324
2007,7.3,7.61,7.5,8.64,9.91,11.51,14.38,14.88,13.18,10.65,9.2,7.94,Kains_Island,50.4412,-128.0324
2008,7.1,7.08,7.29,7.88,9.4,10.72,12.05,13.73,12.18,10.89,9.51,7.59,Kains_Island,50.4412,-128.0324
2009,6.76,6.66,6.77,7.89,9.71,12.32,12.64,13.13,13.89,11.05,9.23,7.92,Kains_Island,50.4412,-128.0324
2010,8.29,8.49,8.66,9.33,10.27,11.54,12.03,13.09,13.45,12.1,9.8,8.27,Kains_Island,50.4412,-128.0324
2011,7.78,7.62,7.64,8.38,9.75,11.25,12.66,13.42,12.59,11.26,9.09,7.54,Kains_Island,50.4412,-128.0324
2012,6.76,6.69,7.04,8.21,9.38,11.07,12.35,13.21,12.44,10.49,8.9,8.05,Kains_Island,50.4412,-128.0324
2013,7.9,7.84,7.72,8.66,10.11,12.03,12.4,14.37,14.9,12.06,9.36,7.53,Kains_Island,50.4412,-128.0324
2014,7.29,6.42,7.26,8.6,12.05,12.11,13.92,14.24,13.92,13.44,10.54,9.77,Kains_Island,50.4412,-128.0324
2015,9.76,10.04,10.42,10.63,11.72,13.02,14.73,14.75,14.03,12.77,10,9.19,Kains_Island,50.4412,-128.0324
2016,7.72,9.03,9.63,10.79,11.93,13.06,13.89,13.09,13.38,11.64,10.4,9.97,Kains_Island,50.4412,-128.0324
2017,9.19,7.65,7.38,9.22,11.3,12.34,13.64,14.46,14.54,11.86,8.93,8.53,Kains_Island,50.4412,-128.0324
2018,8.09,7.72,8.44,9.16,11.64,12.86,13.75,14.02,13.63,11.81,10.57,9.7,Kains_Island,50.4412,-128.0324
2019,8.36,7.45,8.75,9.9,11.39,12.36,15.87,15.39,15.48,11.9,10.37,8.8,Kains_Island,50.4412,-128.0324
2020,7.96,7.75,8,9.59,11.29,12.38,13.13,14.12,14.76,13.01,9.97,8.51,Kains_Island,50.4412,-128.0324
2021,8,7.5,7.79,8.98,9.94,12.04,13.34,13.01,13.68,999.99,999.99,999.99,Kains_Island,50.4412,-128.0324
2022,7.96,7.93,8.09,8.58,999.99,999.99,999.99,999.99,999.99,999.99,999.99,999.99,Kains_Island,50.4412,-128.0324
2023,7.65,7.59,7.22,8.17,10.69,11.63,13.79,14.84,12.86,12.19,10.68,9.68,Kains_Island,50.4412,-128.0324
2024,8.75,999.99,8.32,9.78,10.54,11.55,11.55,999.99,13.16,12.74,9.83,9.27,Kains_Island,50.4412,-128.0324
2025,8.88,7.93,999.99,9.67,10.96,11.56,999.99,999.99,999.99,999.99,999.99,999.99,Kains_Island,50.4412,-128.0324
1936,999.99,999.99,999.99,999.99,999.99,999.99,999.99,999.99,999.99,11.83,10.28,7.85,Langara_Island,54.2564,-133.0583
1937,6.29,5.09,6.33,7.22,8.9,9.7,11.79,11.88,999.99,999.99,999.99,999.99,Langara_Island,54.2564,-133.0583
1938,999.99,999.99,999.99,999.99,999.99,999.99,999.99,999.99,999.99,999.99,999.99,999.99,Langara_Island,54.2564,-133.0583
1939,999.99,999.99,999.99,999.99,999.99,999.99,999.99,999.99,999.99,999.99,999.99,999.99,Langara_Island,54.2564,-133.0583
1940,999.99,999.99,8.1,8.92,10.4,11.44,11.92,13.03,11.78,11.05,8.99,8.47,Langara_Island,54.2564,-133.0583
1941,7.62,7.62,7.79,8.64,9.23,10.93,12.16,11.9,11.27,10.52,9.32,8.09,Langara_Island,54.2564,-133.0583
1942,7.96,7.62,7.41,7.74,8.88,9.9,11.53,11.3,10.5,11.54,8.33,7.13,Langara_Island,54.2564,-133.0583
1943,5.84,5.92,5.6,6.81,7.67,999.99,999.99,12.72,12.08,11,9.05,8.14,Langara_Island,54.2564,-133.0583
1944,7.42,6.98,6.53,7.25,8.28,9.77,10.95,10.24,10.1,11.26,9.46,7.96,Langara_Island,54.2564,-133.0583
1945,7.57,7.07,6.92,6.98,8.45,9.5,10.95,10.96,10.44,10.27,7.28,6.45,Langara_Island,54.2564,-133.0583
1946,6.4,6.28,6.17,7.23,8.73,9.98,11.59,12.19,11.56,9.94,7.07,5.84,Langara_Island,54.2564,-133.0583
1947,4.99,4.69,6.18,7.04,8.75,10.1,11.73,11.6,11.77,10.9,8.63,7.5,Langara_Island,54.2564,-133.0583
1948,6.48,4.93,5.93,6.75,8.56,9.5,10.85,10.49,11.78,10,8.14,5.59,Langara_Island,54.2564,-133.0583
1949,5.6,4.95,5.66,6.58,8.14,9.33,10.54,12.14,11.84,10.35,9.07,6.38,Langara_Island,54.2564,-133.0583
1950,3.38,4.44,5.27,6.47,7.7,9.59,11.86,12.44,12,10.15,7.2,6.69,Langara_Island,54.2564,-133.0583
1951,6,5.78,5.12,6.33,7.74,9.13,10.31,11.85,10.82,9.83,8.39,6.49,Langara_Island,54.2564,-133.0583
1952,5.16,5.22,5.63,6.44,8.09,9.32,10.76,10.93,11.82,11.26,9.33,7.45,Langara_Island,54.2564,-133.0583
1953,4.88,6.34,6.16,7.23,8.55,9.86,11.68,12.32,12.64,10.64,8.93,7.71,Langara_Island,54.2564,-133.0583
1954,5.74,5.58,5.54,5.99,7.63,9.57,10.42,10.21,10.88,10.5,9.28,7.89,Langara_Island,54.2564,-133.0583
1955,7.37,6.76,5.7,6.5,7.46,9.03,9.7,10.83,10.31,9.74,6.87,5.65,Langara_Island,54.2564,-133.0583
1956,5.46,5.07,5.47,6.11,8.01,9.61,10.15,11.5,10.01,9.86,8.09,6.66,Langara_Island,54.2564,-133.0583
1957,5.68,5.36,5.44,6.52,8,10.01,11.48,12.24,12.94,11.04,10.08,7.3,Langara_Island,54.2564,-133.0583
1958,7.26,7.25,7.35,9.11,10.04,8.43,10.79,11.05,11.24,10.33,8.92,6.6,Langara_Island,54.2564,-133.0583
1959,5.22,5.52,6.64,7.18,8.26,9.73,11.7,11.62,11.32,10.54,8.39,8.02,Langara_Island,54.2564,-133.0583
1960,6.64,6.33,6.27,6.49,8.66,9.59,11.2,11.2,11.37,10.59,8.46,7.56,Langara_Island,54.2564,-133.0583
1961,7.11,7.02,6.86,7.34,8.88,10.71,11.44,11.37,11.71,9.64,7.92,6.66,Langara_Island,54.2564,-133.0583
1962,6.34,5.91,5.89,6.92,7.79,999.99,10.6,11.25,11.21,11,9.19,8,Langara_Island,54.2564,-133.0583
1963,7.07,7.56,7.12,7.64,9.14,10.31,11.56,11.95,13.65,11.77,8.47,7.83,Langara_Island,54.2564,-133.0583
1964,7.33,7.03,6.45,6.82,7.69,9.18,10.95,11.59,10.21,10.25,8.01,5.91,Langara_Island,54.2564,-133.0583
1965,5.56,5.71,6.07,6.94,7.71,8.91,10,11.07,10.07,10.81,8.57,7.35,Langara_Island,54.2564,-133.0583
1966,6.32,6.37,6.29,6.87,7.86,9.24,9.86,10.96,11.78,10.06,8.03,6.96,Langara_Island,54.2564,-133.0583
1967,6.41,6.3,5.87,6.69,8.19,8.93,11,12.59,13.17,10.84,8.99,7.13,Langara_Island,54.2564,-133.0583
1968,5.85,5.76,6.72,6.82,7.75,10.02,11.4,11.96,12.55,10.12,8.58,6.68,Langara_Island,54.2564,-133.0583
1969,4.97,4.94,5.39,6.51,8.03,9.43,11.16,11.31,11.44,10.6,9.04,8.29,Langara_Island,54.2564,-133.0583
1970,6.57,7.17,7.28,7.31,8.19,9.35,10.84,11.6,10.25,9.36,8.1,6.31,Langara_Island,54.2564,-133.0583
1971,5.43,5.2,5.16,6.46,7.36,9.15,10.68,12.01,11.76,8.72,7.06,6.64,Langara_Island,54.2564,-133.0583
1972,4.33,4.24,4.58,5.37,7.2,8.87,10.01,12.43,11.09,9.69,8.73,6.62,Langara_Island,54.2564,-133.0583
1973,5.9,6.21,6.4,7.04,8.07,9.36,10.61,11.64,11.65,10.23,6.84,6.62,Langara_Island,54.2564,-133.0583
1974,5.36,5.87,5.87,7.12,8.21,9.54,10.98,11.88,12.33,11.23,9.23,7.9,Langara_Island,54.2564,-133.0583
1975,6.15,5.27,5.56,6.3,7.75,8.87,10.36,11.18,11.23,10.77,7.75,5.99,Langara_Island,54.2564,-133.0583
1976,5.82,5.27,5.4,6.68,7.96,9.41,11.27,12.05,12.25,10.59,9.33,8.32,Langara_Island,54.2564,-133.0583
1977,7.58,7.72,7.19,7.36,8.42,10.4,11.73,11.53,11.9,10.88,7.62,5.95,Langara_Island,54.2564,-133.0583
1978,5.95,6.53,6.59,7.52,8.88,9.95,10.18,11.54,12.62,11.25,8.99,6.86,Langara_Island,54.2564,-133.0583
1979,5.43,4.78,6.17,7.33,8.97,10.09,12.2,12.54,13.65,11.93,9.36,7.61,Langara_Island,54.2564,-133.0583
1980,5.48,6.96,6.78,7.9,9.29,10.59,12.29,12.09,11.29,11.61,9.51,6.62,Langara_Island,54.2564,-133.0583
1981,7.95,7.55,8.02,8.06,9.95,11.96,12.95,13.31,13.7,11.08,9.26,7.23,Langara_Island,54.2564,-133.0583
1982,6,5.77,6.32,7.06,8.57,10.09,11.33,11.98,11.96,10.73,8.28,7.43,Langara_Island,54.2564,-133.0583
1983,7.26,8.05,8.32,8.87,9.74,11.18,12.68,13.26,11.94,10.96,9.31,7.8,Langara_Island,54.2564,-133.0583
1984,7.65,7.26,7.56,7.99,8.75,10.44,11.38,12.46,12.01,10.59,8.69,7.25,Langara_Island,54.2564,-133.0583
1985,7.31,6.51,6.74,7.08,7.84,9.31,10.73,10.75,10.65,10.22,7.07,6.27,Langara_Island,54.2564,-133.0583
1986,6.42,5.92,7.05,7.26,8.04,9.94,10.49,11.34,10.68,11.12,9.14,8.04,Langara_Island,54.2564,-133.0583
1987,7.85,7.64,7.37,7.94,8.53,9.89,10.3,10.38,11.84,11.14,9.95,8.21,Langara_Island,54.2564,-133.0583
1988,7.17,6.93,7.21,7.28,8.45,9.95,11.32,11.38,12.06,11.31,9.83,7.81,Langara_Island,54.2564,-133.0583
1989,6.53,5.44,5.66,6.99,8.62,9.62,11.07,11.34,11.66,11.56,8.87,8.1,Langara_Island,54.2564,-133.0583
1990,7.04,6.1,6.63,7.4,8.15,10.76,11.79,13.57,12.62,10.87,8.49,6.86,Langara_Island,54.2564,-133.0583
1991,5.89,6.25,5.82,6.59,7.82,8.78,11.01,11.86,11.97,10.32,9.51,8.07,Langara_Island,54.2564,-133.0583
1992,7.73,7.58,7.77,8.62,9.07,10.39,10.85,12.02,11.31,10.46,9.43,7.52,Langara_Island,54.2564,-133.0583
1993,6.36,6.66,7.12,8.07,9.17,10.76,11.54,11.89,10.99,11.73,9.74,8.48,Langara_Island,54.2564,-133.0583
1994,8.07,6.91,7.55,8.24,9.2,10.74,11.65,11.78,13.33,11.38,8.35,6.87,Langara_Island,54.2564,-133.0583
1995,7,7.23,6.84,7.77,9.13,10.95,11.32,11.83,13.1,11.93,8.97,7.37,Langara_Island,54.2564,-133.0583
1996,6.59,6.76,6.85,7.83,9.21,10.68,11.18,12.21,12.86,10.55,8.21,6.51,Langara_Island,54.2564,-133.0583
1997,6,6.65,6.5,7.34,8.82,10.69,12.74,13.23,14.06,10.76,9.76,9.12,Langara_Island,54.2564,-133.0583
1998,7.74,8.2,8.33,8.67,9.14,9.79,11.68,12.55,12.63,11.39,9.54,8.02,Langara_Island,54.2564,-133.0583
1999,7.21,6.49,6.82,7.33,8.07,9.3,10.18,11.51,11.88,10.53,8.84,7.58,Langara_Island,54.2564,-133.0583
2000,6.55,6.49,6.95,7.53,8.54,10.09,11.15,11.93,11.27,11.08,9.19,7.77,Langara_Island,54.2564,-133.0583
2001,7.33,6.86,6.71,7.18,8.02,9.66,10.86,11.69,12.46,10.03,8.37,7.02,Langara_Island,54.2564,-133.0583
2002,6.83,6.33,5.74,6.39,7.45,9.32,11.67,11.73,12.19,10.41,10.14,8.87,Langara_Island,54.2564,-133.0583
2003,8.22,7.86,7.03,7.73,8.96,10.15,11.93,12.22,12.72,11.7,8.89,7.75,Langara_Island,54.2564,-133.0583
2004,6.71,7.06,6.98,7.89,8.77,10.63,11.15,13.26,12.3,10.59,8.93,7.65,Langara_Island,54.2564,-133.0583
2005,6.75,6.55,7.1,7.92,9.73,10.84,12.63,13.8,12.56,11.28,9.2,8.01,Langara_Island,54.2564,-133.0583
2006,7.48,6.93,6.47,7.49,8.62,10.4,11.91,11.74,12.15,10.91,7.99,7.24,Langara_Island,54.2564,-133.0583
2007,6.39,6.46,6.24,7.19,8.34,9.72,12.18,12.62,11.88,10.31,8.55,6.67,Langara_Island,54.2564,-133.0583
2008,6.09,5.84,6.01,6.6,7.8,8.9,10.89,11.96,11.55,10.42,8.65,6.75,Langara_Island,54.2564,-133.0583
2009,5.98,5.67,5.45,6.18,7.59,8.71,10.47,11.35,12.23,9.95,8.72,6.98,Langara_Island,54.2564,-133.0583
2010,6.95,7.31,7.55,999.99,8.41,9.67,10.25,10.32,11.05,10.9,8.76,7.39,Langara_Island,54.2564,-133.0583
2011,6.75,6.4,6.33,7.27,8.43,9.24,10.62,12.04,12.37,10.32,8.1,7.34,Langara_Island,54.2564,-133.0583
2012,6.48,6.46,6.43,7.5,8.14,9.57,10.55,11.25,11.68,10.57,9.46,7.38,Langara_Island,54.2564,-133.0583
2013,7,6.98,6.46,6.9,7.67,9.12,10.8,11.65,12.9,11.2,8.86,7.67,Langara_Island,54.2564,-133.0583
2014,7.75,5.97,5.88,7,8.6,9.84,11.58,13.52,12.79,12.62,9.83,8.88,Langara_Island,54.2564,-133.0583
2015,8.55,8.4,8.58,8.67,9.28,10.71,12.02,12.46,12.32,11.15,9.41,8.39,Langara_Island,54.2564,-133.0583
2016,7.96,8.17,8.21,8.69,9.34,10.47,11.6,11.2,11.81,11.25,10.19,999.99,Langara_Island,54.2564,-133.0583
2017,999.99,6.63,6.24,7.58,8.62,10.07,11.69,12.14,12.69,11.05,8.64,7.58,Langara_Island,54.2564,-133.0583
2018,7.21,6.91,999.99,999.99,999.99,999.99,999.99,999.99,11.57,11.28,10.43,8.69,Langara_Island,54.2564,-133.0583
2019,7.66,6.8,6.99,7.75,8.21,10.03,11.34,11.52,11.86,10.28,9.77,8.45,Langara_Island,54.2564,-133.0583
2020,6.98,6.75,6.37,6.98,8.73,10.22,11.27,13.24,12.17,11.44,8.99,8.09,Langara_Island,54.2564,-133.0583
2021,7.35,6.53,6.35,999.99,8.34,10.32,11.25,12.34,12.69,10.15,8.6,7.09,Langara_Island,54.2564,-133.0583
2022,6.5,6.61,6.53,7.17,8.65,10.73,11.43,11.69,999.99,999.99,8.6,6.85,Langara_Island,54.2564,-133.0583
2023,6.61,6.53,5.77,6.74,8.69,10.57,11.17,12.8,12.64,11.06,9.48,8.47,Langara_Island,54.2564,-133.0583
2024,7.26,7.37,7.3,8.13,9.3,10.86,12.44,12,12.43,10.47,8.53,7.88,Langara_Island,54.2564,-133.0583
2025,7.45,5.69,6.62,7.53,9.14,10.88,999.99,999.99,999.99,999.99,999.99,999.99,Langara_Island,54.2564,-133.0583
1954,999.99,999.99,999.99,999.99,999.99,999.99,12.71,12.51,12.99,999.99,999.99,999.99,McInnes_Island,52.2614,-128.7218
1955,7.18,6.88,6.29,6.95,8.65,10.36,12.55,13.2,12.28,9.91,6.83,6.03,McInnes_Island,52.2614,-128.7218
1956,5.73,5.4,5.42,6.74,9.15,10.99,11.92,13.24,12.74,9.9,7.77,6.89,McInnes_Island,52.2614,-128.7218
1957,4.69,5.09,5.89,7.08,9.19,11.56,12.91,14.48,13.7,10.08,8.67,7.92,McInnes_Island,52.2614,-128.7218
1958,7.15,7.25,7.58,9.03,10.58,12.4,12.54,14.18,12.9,10.56,8.2,7.66,McInnes_Island,52.2614,-128.7218
1959,6.69,6.51,7.11,7.88,9.44,11.58,13.63,13.09,12.59,10.34,8.12,7.38,McInnes_Island,52.2614,-128.7218
1960,6.39,6.57,6.36,7.62,9.91,11.01,12.49,12.97,12.49,10.54,8.64,7.83,McInnes_Island,52.2614,-128.7218
1961,7.33,7.36,7.3,8.42,10.32,12.23,13.11,13.81,13.12,10.45,7.82,6.79,McInnes_Island,52.2614,-128.7218
1962,6.06,6.06,5.83,7.07,8.81,10.94,12.11,13.33,12.73,10.69,9.82,8.08,McInnes_Island,52.2614,-128.7218
1963,7.31,7.6,7.55,8.23,10.07,11.62,13.39,13.85,14.05,11.91,9.71,8.3,McInnes_Island,52.2614,-128.7218
1964,7.82,7.64,7.31,7.76,8.93,12.08,13.26,14.12,12.46,10.45,7.87,6.99,McInnes_Island,52.2614,-128.7218
1965,5.84,5.76,6.17,7.35,8.84,10.52,12.59,12.97,11.35,9.75,8.24,7.81,McInnes_Island,52.2614,-128.7218
1966,6.55,6.82,6.87,7.65,8.92,11.27,12.86,13.46,12.59,10.47,8.23,7.38,McInnes_Island,52.2614,-128.7218
1967,6.78,6.88,6.45,7.67,9.89,11.65,13.28,14.64,14.13,11.53,9.42,7.67,McInnes_Island,52.2614,-128.7218
1968,6.44,6.02,7.17,7.61,9.8,12.54,13.83,13.48,13.13,10.53,8.64,7.13,McInnes_Island,52.2614,-128.7218
1969,5.15,5.11,6.27,7.12,9.1,12.61,12.98,12.68,12.1,11.08,9.49,7.85,McInnes_Island,52.2614,-128.7218
1970,7.01,7.14,7.46,7.85,9.04,10.94,12.31,13.02,12.05,10.23,7.99,6.55,McInnes_Island,52.2614,-128.7218
1971,5.59,5.65,5.85,6.71,8.18,10.77,12.84,13.88,12.46,10.45,7.99,6,McInnes_Island,52.2614,-128.7218
1972,4.99,4.88,5.55,6.42,8.52,10.6,12.7,13.58,11.09,8.75,7.63,6.41,McInnes_Island,52.2614,-128.7218
1973,5.92,5.87,6.35,7.39,9.08,11.09,12.16,13.24,12.59,10.33,7.18,6.71,McInnes_Island,52.2614,-128.7218
1974,6.17,6.09,6.3,7.62,8.86,10.65,12.85,12.92,13.6,10.87,8.7,7.84,McInnes_Island,52.2614,-128.7218
1975,6.41,5.62,6.09,6.96,9.06,10.44,12.51,12.52,11.82,10.39,8.28,6.87,McInnes_Island,52.2614,-128.7218
1976,6.47,6.16,5.83,7.06,8.5,10.58,12.84,12.93,12.47,10.65,8.8,7.72,McInnes_Island,52.2614,-128.7218
1977,6.51,7.36,7.17,8.17,9.48,10.93,12.3,14.45,13.49,10.95,8.1,6.75,McInnes_Island,52.2614,-128.7218
1978,6.57,7.03,7,8.27,9.76,10.9,11.21,13.54,12.98,11.28,8.81,7.13,McInnes_Island,52.2614,-128.7218
1979,5.95,5.56,6.4,8.06,9.96,11.39,13.54,14.33,14.12,12.1,9.29,7.99,McInnes_Island,52.2614,-128.7218
1980,6.82,6.78,7.14,8.07,9.92,11.48,13.45,13.12,12.02,10.71,9.56,7.72,McInnes_Island,52.2614,-128.7218
1981,7.77,7.59,8.19,8.42,9.95,12.01,12.47,13.39,14.06,11.36,9.84,8.45,McInnes_Island,52.2614,-128.7218
1982,7.08,6.54,6.6,7.61,8.81,11.23,13.05,13.56,13,10.67,8.32,7.6,McInnes_Island,52.2614,-128.7218
1983,7.33,7.9,8.19,9.74,11.38,12.27,14.63,14.79,13.51,11.42,9.36,7.86,McInnes_Island,52.2614,-128.7218
1984,7.8,7.68,8.11,8.5,9.83,11.45,12.97,14.39,13.26,10.91,8.48,7.09,McInnes_Island,52.2614,-128.7218
1985,6.82,6.46,6.66,7.65,9.23,11.28,13.18,12.1,11.57,10.04,7.08,6.13,McInnes_Island,52.2614,-128.7218
1986,6.4,5.99,6.96,8.01,9.41,11.61,13.15,12.65,12.42,10.98,9.15,7.81,McInnes_Island,52.2614,-128.7218
1987,7.5,7.48,7.97,8.73,10.03,11.81,12.84,13.19,12.35,10.98,9.59,8.27,McInnes_Island,52.2614,-128.7218
1988,7.79,7.2,7.49,8.12,10.28,11.82,13.27,13.05,12.65,11.29,9.24,7.51,McInnes_Island,52.2614,-128.7218
1989,6.95,5.62,6.32,7.88,10.59,11.59,14.19,14.06,12.68,10.96,9.07,8.15,McInnes_Island,52.2614,-128.7218
1990,7,6.01,6.65,8.2,9.65,12.36,13.14,14.06,13.55,10.42,8.09,6.69,McInnes_Island,52.2614,-128.7218
1991,5.62,6.24,6.05,7.23,8.96,10.85,12.8,13.55,13.03,10.49,8.34,7.58,McInnes_Island,52.2614,-128.7218
1992,6.97,6.83,7.78,8.67,9.72,11.16,12.58,13.17,12.05,10.26,8.97,7.39,McInnes_Island,52.2614,-128.7218
1993,6.39,6.75,7.06,8.15,10.57,12.95,12.52,13.62,12.04,10.96,8.74,7.56,McInnes_Island,52.2614,-128.7218
1994,7.6,6.66,7.38,8.7,10.59,11.97,12.69,14.99,13.71,11.06,8.56,7.17,McInnes_Island,52.2614,-128.7218
1995,6.54,6.83,6.72,8.31,10.16,12.26,12.99,13.85,13.9,11.62,9.4,7.76,McInnes_Island,52.2614,-128.7218
1996,6.46,6.39,6.76,8.12,9.78,11.39,12.17,13.16,13.11,10.52,7.89,6.67,McInnes_Island,52.2614,-128.7218
1997,6.17,6.49,6.45,7.61,10.38,12.74,14.26,14.33,14.54,12.09,9.96,9.22,McInnes_Island,52.2614,-128.7218
1998,7.54,8.3,8.36,9.25,10.72,11.84,13.29,14.02,13.24,11.24,9.61,8.32,McInnes_Island,52.2614,-128.7218
1999,7.55,7.16,7.14,7.79,9.07,10.94,12.57,13.68,12.29,10.63,8.63,7.63,McInnes_Island,52.2614,-128.7218
2000,6.79,6.93,7.49,8,9.46,11.44,12.92,13.75,13.04,11,8.96,7.44,McInnes_Island,52.2614,-128.7218
2001,7.52,6.89,7.13,7.84,8.38,11.02,11.95,12.47,12.07,10.51,8.39,6.94,McInnes_Island,52.2614,-128.7218
2002,6.9,6.52,6.31,7.46,9.03,11.01,13.29,12.89,13.22,11.04,10.04,8.93,McInnes_Island,52.2614,-128.7218
2003,7.91,7.54,7.67,8.54,10.58,11.77,13.77,13.95,13.86,11.58,8.7,7.85,McInnes_Island,52.2614,-128.7218
2004,6.79,6.87,7.29,8.94,10.93,12.58,14.15,14.51,13.93,10.67,8.51,7.47,McInnes_Island,52.2614,-128.7218
2005,6.66,6.71,7.39,8.36,11.21,12.71,13.78,14.31,13.73,11.16,8.76,7.81,McInnes_Island,52.2614,-128.7218
2006,7.71,6.97,7.1,8.37,9.66,12.46,13.37,12.24,11.59,10.7,8.36,7.55,McInnes_Island,52.2614,-128.7218
2007,6.73,6.76,999.99,7.47,9.48,10.8,12.95,13.3,12.48,10.68,8.85,7.02,McInnes_Island,52.2614,-128.7218
2008,6.56,6.31,6.74,7.27,8.36,10.35,12.93,13.32,12.5,10.97,999.99,6.14,McInnes_Island,52.2614,-128.7218
2009,6.32,5.86,5.75,7.68,999.99,12.22,13.18,13.9,12.07,10.72,7.07,6.41,McInnes_Island,52.2614,-128.7218
2010,6.31,6.96,7.97,999.99,11.09,11.67,12.89,12.4,10.35,8.69,6.96,6.97,McInnes_Island,52.2614,-128.7218
2011,6.47,7.36,999.99,999.99,999.99,12.15,13.39,999.99,999.99,8.22,7.39,6.69,McInnes_Island,52.2614,-128.7218
2012,999.99,999.99,999.99,999.99,999.99,999.99,11.3,11.03,9.36,8.41,7.24,6.42,McInnes_Island,52.2614,-128.7218
2013,6.99,7.03,7.04,7.9,9.05,999.99,999.99,12.64,999.99,11.24,8.41,7.06,McInnes_Island,52.2614,-128.7218
2014,6.92,6.58,6.79,7.58,9.29,999.99,999.99,999.99,12.93,12.15,9.52,7.28,McInnes_Island,52.2614,-128.7218
2015,9.82,9.87,10.17,10.9,10.37,999.99,999.99,999.99,999.99,11.55,999.99,999.99,McInnes_Island,52.2614,-128.7218
2016,7.74,8.38,9.23,10.35,12.15,12.91,14.53,13.83,13.71,11.49,9.76,7.13,McInnes_Island,52.2614,-128.7218
2017,6.63,6.86,7.26,8.95,10.92,12.26,13.87,14.15,14.09,11.3,8.73,7.34,McInnes_Island,52.2614,-128.7218
2018,7.44,6.8,7.44,8.99,11.43,12.63,13.76,14.27,13.52,11.39,9.5,7.87,McInnes_Island,52.2614,-128.7218
2019,7.94,6.86,7.5,999.99,10.16,12.56,14.43,13.63,13.02,10.96,9.6,7.25,McInnes_Island,52.2614,-128.7218
2020,7.49,6.98,7,7.67,10.49,11.11,11.37,12.77,13.05,11.92,9.2,7.89,McInnes_Island,52.2614,-128.7218
2021,7.49,6.68,6.69,7.84,9.93,11.95,13.45,14.12,13.07,10.5,9.09,6.77,McInnes_Island,52.2614,-128.7218
2022,6.67,6.85,7.32,7.82,9.24,11.61,14.35,14.21,14.03,12.64,8.34,6.09,McInnes_Island,52.2614,-128.7218
2023,6.93,6.53,6.59,7.44,10.47,12.65,14.12,15.31,13.62,11.74,10.08,8.65,McInnes_Island,52.2614,-128.7218
2024,7.67,7.96,8.45,9.42,10.64,12.63,13.57,14.68,13.99,10.37,8.55,7.82,McInnes_Island,52.2614,-128.7218
2025,7.14,6.32,8.12,9.17,10.7,11.6,999.9,999.9,999.9,999.9,999.9,999.9,McInnes_Island,52.2614,-128.7218
1934,8,999.99,999.99,999.99,999.99,999.99,999.99,16.54,14.73,11.71,9.05,7.54,Nootka_Point,49.5926,-126.6154
1935,5.07,6.6,6.43,9.21,11.39,13.71,15.42,15.49,14.5,11.61,8.29,7.7,Nootka_Point,49.5926,-126.6154
1936,7.15,6.4,6.79,9.25,11.98,15.27,17.2,16.55,14.87,12.87,10.28,999.99,Nootka_Point,49.5926,-126.6154
1937,6.3,6.7,8.75,9.64,12.03,13.17,14.94,14.64,13.71,10.87,8.14,7.35,Nootka_Point,49.5926,-126.6154
1938,6.1,5.57,6.62,9.11,11.11,13.34,13.99,14.71,15.39,12.32,8.45,7.02,Nootka_Point,49.5926,-126.6154
1939,999.99,6.12,7.67,9.61,11.56,13.54,14.61,14.82,13.56,10.39,8.75,8.11,Nootka_Point,49.5926,-126.6154
1940,6.87,7,7.69,10.16,12.02,13.58,15.71,15.96,15.7,12.58,9.71,8.3,Nootka_Point,49.5926,-126.6154
1941,7.94,8.05,9.86,11.63,13.12,14.84,16.69,16.39,15.04,12.34,10.24,8.08,Nootka_Point,49.5926,-126.6154
1942,8.01,7.9,8.1,10.01,12.5,14.14,16.53,16.55,14.16,12.19,8.49,7.07,Nootka_Point,49.5926,-126.6154
1943,6.21,6.28,7.25,9.23,11.49,13.14,14.73,15.64,14.83,12.11,9.78,8.14,Nootka_Point,49.5926,-126.6154
1944,7.31,7.47,7.83,9.84,11.77,13.21,14.66,15.89,15.11,12.8,9.86,8.75,Nootka_Point,49.5926,-126.6154
1945,7.88,7.6,7.75,9.13,12.04,13.79,14.64,15.54,13.89,11.62,7.8,6.26,Nootka_Point,49.5926,-126.6154
1946,6.64,6.59,7.29,8.76,12.08,13.95,14.9,15.95,14.78,10.44,7.5,6.1,Nootka_Point,49.5926,-126.6154
1947,5.36,6.51,8.32,9.41,12.66,14.63,15.66,16.75,14.69,11.34,9.06,7.69,Nootka_Point,49.5926,-126.6154
1948,7.16,6.89,7.37,8.86,11.22,15.25,15.61,15.43,14.57,11.63,8.34,5.87,Nootka_Point,49.5926,-126.6154
1949,5.22,5.84,7.2,8.74,12.28,12.86,14.6,15.42,14.61,11.26,10,7.39,Nootka_Point,49.5926,-126.6154
1950,4.45,4.82,6.31,7.65,10.28,13.93,15.26,15.86,13.98,10.95,8.02,8.06,Nootka_Point,49.5926,-126.6154
1951,6.85,6.08,6.71,9.88,12.26,13.27,15.36,15.38,13.29,11.57,9.14,6.93,Nootka_Point,49.5926,-126.6154
1952,6.15,5.73,6.98,8.26,10.63,13.53,15.28,15.33,14.6,12.87,9.02,7.53,Nootka_Point,49.5926,-126.6154
1953,6.43,6.3,8.08,8.75,12.02,12.91,999.99,999.99,999.99,999.99,999.99,999.99,Nootka_Point,49.5926,-126.6154
1954,999.99,999.99,999.99,999.99,999.99,999.99,999.99,999.99,999.99,999.99,999.99,999.99,Nootka_Point,49.5926,-126.6154
1955,999.99,999.99,999.99,999.99,999.99,999.99,999.99,999.99,999.99,999.99,999.99,999.99,Nootka_Point,49.5926,-126.6154
1956,999.99,999.99,999.99,999.99,999.99,999.99,999.99,999.99,999.99,999.99,999.99,999.99,Nootka_Point,49.5926,-126.6154
1957,999.99,999.99,999.99,999.99,999.99,999.99,999.99,999.99,999.99,999.99,999.99,999.99,Nootka_Point,49.5926,-126.6154
1958,999.99,999.99,999.99,999.99,999.99,999.99,999.99,999.99,999.99,999.99,999.99,999.99,Nootka_Point,49.5926,-126.6154
1959,999.99,999.99,999.99,999.99,999.99,999.99,999.99,999.99,999.99,999.99,999.99,999.99,Nootka_Point,49.5926,-126.6154
1960,999.99,999.99,999.99,999.99,999.99,999.99,999.99,999.99,999.99,999.99,999.99,999.99,Nootka_Point,49.5926,-126.6154
1961,999.99,999.99,999.99,999.99,999.99,999.99,999.99,999.99,999.99,999.99,999.99,999.99,Nootka_Point,49.5926,-126.6154
1962,999.99,999.99,999.99,999.99,999.99,999.99,999.99,999.99,999.99,999.99,999.99,999.99,Nootka_Point,49.5926,-126.6154
1963,999.99,999.99,999.99,999.99,999.99,999.99,999.99,999.99,999.99,999.99,999.99,999.99,Nootka_Point,49.5926,-126.6154
1964,999.99,999.99,999.99,999.99,999.99,999.99,999.99,999.99,999.99,999.99,999.99,999.99,Nootka_Point,49.5926,-126.6154
1965,999.99,999.99,999.99,999.99,999.99,999.99,999.99,999.99,999.99,999.99,999.99,999.99,Nootka_Point,49.5926,-126.6154
1966,999.99,999.99,999.99,999.99,999.99,999.99,999.99,999.99,999.99,999.99,999.99,999.99,Nootka_Point,49.5926,-126.6154
1967,999.99,999.99,999.99,999.99,999.99,999.99,999.99,999.99,999.99,999.99,999.99,999.99,Nootka_Point,49.5926,-126.6154
1968,999.99,999.99,999.99,999.99,999.99,999.99,999.99,999.99,999.99,999.99,999.99,999.99,Nootka_Point,49.5926,-126.6154
1969,999.99,999.99,999.99,999.99,999.99,999.99,999.99,999.99,999.99,999.99,999.99,999.99,Nootka_Point,49.5926,-126.6154
1970,999.99,999.99,999.99,999.99,999.99,999.99,999.99,999.99,999.99,999.99,999.99,999.99,Nootka_Point,49.5926,-126.6154
1971,999.99,999.99,999.99,999.99,999.99,999.99,999.99,999.99,999.99,999.99,999.99,999.99,Nootka_Point,49.5926,-126.6154
1972,999.99,999.99,999.99,999.99,999.99,999.99,999.99,999.99,999.99,999.99,999.99,999.99,Nootka_Point,49.5926,-126.6154
1973,999.99,999.99,999.99,999.99,999.99,999.99,999.99,999.99,999.99,999.99,999.99,999.99,Nootka_Point,49.5926,-126.6154
1974,999.99,999.99,999.99,999.99,999.99,999.99,999.99,999.99,999.99,999.99,999.99,999.99,Nootka_Point,49.5926,-126.6154
1975,999.99,999.99,999.99,999.99,999.99,999.99,999.99,999.99,999.99,999.99,999.99,999.99,Nootka_Point,49.5926,-126.6154
1976,999.99,999.99,999.99,999.99,999.99,999.99,999.99,999.99,999.99,999.99,999.99,999.99,Nootka_Point,49.5926,-126.6154
1977,999.99,999.99,999.99,999.99,999.99,999.99,999.99,999.99,999.99,999.99,999.99,999.99,Nootka_Point,49.5926,-126.6154
1978,999.99,999.99,999.99,999.99,999.99,999.99,999.99,999.99,999.99,999.99,999.99,999.99,Nootka_Point,49.5926,-126.6154
1979,999.99,999.99,999.99,999.99,999.99,999.99,999.99,999.99,999.99,999.99,999.99,999.99,Nootka_Point,49.5926,-126.6154
1980,999.99,999.99,999.99,999.99,999.99,999.99,999.99,999.99,999.99,999.99,999.99,999.99,Nootka_Point,49.5926,-126.6154
1981,999.99,999.99,999.99,999.99,999.99,999.99,999.99,999.99,999.99,999.99,999.99,999.99,Nootka_Point,49.5926,-126.6154
1982,999.99,999.99,999.99,999.99,999.99,999.99,999.99,999.99,999.99,999.99,999.99,999.99,Nootka_Point,49.5926,-126.6154
1983,999.99,999.99,999.99,999.99,999.99,999.99,999.99,999.99,999.99,999.99,999.99,999.99,Nootka_Point,49.5926,-126.6154
1984,999.99,999.99,999.99,999.99,999.99,999.99,999.99,999.99,999.99,999.99,999.99,999.99,Nootka_Point,49.5926,-126.6154
1985,999.99,999.99,999.99,999.99,999.99,999.99,999.99,999.99,999.99,999.99,999.99,999.99,Nootka_Point,49.5926,-126.6154
1986,999.99,999.99,999.99,999.99,999.99,999.99,999.99,999.99,999.99,999.99,999.99,999.99,Nootka_Point,49.5926,-126.6154
1987,999.99,999.99,999.99,10.45,12.42,13.68,15.22,15.79,14.57,12.85,10.19,7.87,Nootka_Point,49.5926,-126.6154
1988,7.79,7.42,8.58,10.22,11.91,13.39,14.78,14.99,14.02,12.35,9.2,7.96,Nootka_Point,49.5926,-126.6154
1989,6.85,5.69,6.65,9.51,12.51,14.7,14.92,15.49,15.28,11.97,9.49,8.42,Nootka_Point,49.5926,-126.6154
1990,7.83,6.59,8.12,10.9,12.5,14.1,16.55,17.34,16.07,11.74,9.13,7.08,Nootka_Point,49.5926,-126.6154
1991,6.57,7.61,8.17,9.92,12.21,13.51,15.37,16.26,15.11,12.31,9.4,8.14,Nootka_Point,49.5926,-126.6154
1992,7.84,8.26,10.07,11.06,13.26,14.91,16.71,16.45,14.02,11.98,9.72,7.68,Nootka_Point,49.5926,-126.6154
1993,6.8,7.08,8.45,9.92,12.55,14.55,15.24,16.44,14.74,12.78,9.37,7.8,Nootka_Point,49.5926,-126.6154
1994,8.23,7.07,8.19,10.74,12.67,14.28,15.8,17.61,15.81,11.79,7.92,7.06,Nootka_Point,49.5926,-126.6154
1995,7.64,7.49,8.41,10.51,13.05,14.97,16.22,16.18,16.23,12.91,10.38,8.59,Nootka_Point,49.5926,-126.6154
1996,7.68,7.76,8.55,10.09,11.69,14.14,15.4,15.85,14.81,11.55,9.12,6.7,Nootka_Point,49.5926,-126.6154
1997,6.26,7.61,7.28,9.35,12.34,14.46,15.5,16.12,16.08,12.81,10.77,8.86,Nootka_Point,49.5926,-126.6154
1998,7.12,8.06,8.93,10.52,12.57,13.98,16.12,16.74,14.79,11.62,9.12,7.3,Nootka_Point,49.5926,-126.6154
1999,6.77,6.73,7.25,9.08,10.79,12.62,14.01,15.75,13.86,10.94,8.31,7.13,Nootka_Point,49.5926,-126.6154
2000,6.43,7.02,7.86,10.05,11.3,13.61,14.99,15.44,14.5,11.48,8.93,6.86,Nootka_Point,49.5926,-126.6154
2001,7.02,6.75,7.74,9.4,11.13,13.14,14.4,14.83,14.24,11.04,8.19,7.15,Nootka_Point,49.5926,-126.6154
2002,6.91,6.94,7.21,9.42,10.93,14.45,14.99,15.94,14.89,11.57,8.68,8.24,Nootka_Point,49.5926,-126.6154
2003,8.03,8.03,7.76,9.58,11.61,14.37,15.94,16.42,14.64,12.43,8.8,7.1,Nootka_Point,49.5926,-126.6154
2004,7.13,7.93,8.68,10.81,13.47,15.08,16.31,17.05,14.94,12.62,9.82,8.1,Nootka_Point,49.5926,-126.6154
2005,7.52,7.38,9.11,9.71,13.2,14.47,15.82,15.95,14.96,11.7,9.31,8.83,Nootka_Point,49.5926,-126.6154
2006,7.89,7.51,7.7,9.55,12.14,15.02,15.86,15.77,14.44,11.55,8.02,7.31,Nootka_Point,49.5926,-126.6154
2007,6.07,6.83,7.19,9.06,11.78,13.47,15.99,17.05,14.57,10.97,8.85,7.07,Nootka_Point,49.5926,-126.6154
2008,6.32,6.61,6.94,8.65,11.37,13.02,15.08,15.8,14.26,11.06,9.38,7.3,Nootka_Point,49.5926,-126.6154
2009,5.71,6.34,6.7,9.15,11.45,14.5,15.02,16.38,14.94,11.64,9.07,6.43,Nootka_Point,49.5926,-126.6154
2010,7.91,8.26,8.63,9.85,11.64,13.67,15.55,15.92,14.39,12.48,9.43,7.42,Nootka_Point,49.5926,-126.6154
2011,6.88,6.72,7.49,8.99,11.26,13.68,15.13,16.67,15.06,11.78,8.8,6.85,Nootka_Point,49.5926,-126.6154
2012,6.33,7.2,6.2,9.84,12.06,14.47,16.47,17.01,15.68,11.9,9.63,7.88,Nootka_Point,49.5926,-126.6154
2013,7.69,8.37,8.19,10.91,13.35,13.86,16.34,16.24,16.63,12.73,9.66,6.98,Nootka_Point,49.5926,-126.6154
2014,6.82,6.19,8,10.1,13.8,15.04,16.36,17.52,16.15,13.21,8.97,8.16,Nootka_Point,49.5926,-126.6154
2015,8.79,9.53,10.21,11.1,13.4,15.44,16.63,18.11,14.79,13.53,9.65,8.21,Nootka_Point,49.5926,-126.6154
2016,7.48,8.12,9.1,999.99,999.99,15.2,16.29,999.99,14.74,11.77,10.45,7.76,Nootka_Point,49.5926,-126.6154
2017,7.3,6.7,7.06,9.9,12.37,15,16.14,17.55,999.99,12.22,9.07,7.7,Nootka_Point,49.5926,-126.6154
2018,7.43,7.06,8.29,9.85,13.88,14.67,15.92,17.28,15.36,13.31,9.82,8.25,Nootka_Point,49.5926,-126.6154
2019,7.9,7.1,9.31,11.23,14.48,15.25,17.72,18.22,16.26,11.94,9.97,7.7,Nootka_Point,49.5926,-126.6154
2020,7.22,6.98,8.54,10.97,13.48,15.02,16.4,17.41,16.48,13.63,9.33,7.9,Nootka_Point,49.5926,-126.6154
2021,7.71,7.27,8.53,11.24,13.44,15.89,17.1,17.23,15.06,11.66,9.31,7.41,Nootka_Point,49.5926,-126.6154
2022,6.88,8.13,8.58,10,999.99,15.24,16.85,999.99,999.99,999.99,999.99,999.99,Nootka_Point,49.5926,-126.6154
2023,999.99,7.77,8.06,9.33,13.78,14.08,16.64,17.38,14.99,13.21,10.3,9.39,Nootka_Point,49.5926,-126.6154
2024,8.1,999.99,8.85,999.99,999.99,999.99,999.99,16.88,16.11,11.43,8.68,7.99,Nootka_Point,49.5926,-126.6154
1937,6.54,6.34,7.22,7.73,8.62,9.28,9.43,9.95,9.8,9.23,9.54,8.8,Pine_Island,50.9756,-127.728
1938,7.85,7,7.01,6.76,7.53,8.47,8.98,9.36,8.6,8.02,6.81,7.71,Pine_Island,50.9756,-127.728
1939,8.2,7.05,7.04,7.21,8.05,9.02,9.63,9.56,9.08,8.52,8.6,8.78,Pine_Island,50.9756,-127.728
1940,8.25,8.38,8.08,9.12,9.53,9.93,10.23,9.91,9.98,10.99,10.05,8.75,Pine_Island,50.9756,-127.728
1941,8.57,8.61,8.94,9.51,9.78,10.23,10.69,10.63,10.24,10.25,10,8.95,Pine_Island,50.9756,-127.728
1942,8.13,8.31,8.02,8.55,9.26,9.95,10.49,10.25,9.79,10.26,8.73,8.08,Pine_Island,50.9756,-127.728
1943,7.27,7,7.07,8.01,8.69,9.35,9.91,10.14,9.94,9.81,9.23,8.28,Pine_Island,50.9756,-127.728
1944,7.9,7.57,7.53,8.05,8.7,9.57,10.29,10.19,9.56,10.12,9.91,8.41,Pine_Island,50.9756,-127.728
1945,8.12,7.9,7.71,7.83,8.66,9.39,9.97,9.81,9.51,9.01,7.67,7.19,Pine_Island,50.9756,-127.728
1946,7.19,6.91,7.13,7.43,8.53,9.27,9.6,9.73,9.26,8.73,7.64,7.05,Pine_Island,50.9756,-127.728
1947,6.6,6.46,7.2,7.87,8.47,9.63,10.29,10.1,9.67,9.98,8.74,8.23,Pine_Island,50.9756,-127.728
1948,7.73,7.03,7.03,7.65,8.77,9.65,10.05,9.99,10.13,9.5,8.44,7.1,Pine_Island,50.9756,-127.728
1949,6.45,5.99,6.59,7.38,8.49,9.17,9.69,9.85,9.63,9.23,9.57,7.99,Pine_Island,50.9756,-127.728
1950,6.3,5.82,6.26,6.74,7.28,8.62,9.71,9.49,9.52,9.13,8.54,8.18,Pine_Island,50.9756,-127.728
1951,7.25,7.1,6.7,7.24,8.16,8.95,9.77,9.84,9.55,9.59,8.72,7.61,Pine_Island,50.9756,-127.728
1952,6.84,6.71,6.95,7.11,8.03,8.61,9.25,9.39,9.21,9.31,9.27,8.05,Pine_Island,50.9756,-127.728
1953,7.59,7.63,7.24,7.59,8.48,9.14,9.89,9.68,10.41,9.49,9.55,8.5,Pine_Island,50.9756,-127.728
1954,7.6,7.26,7.18,7.5,8.31,8.79,9.23,9.73,9.95,9.72,9.74,8.66,Pine_Island,50.9756,-127.728
1955,7.81,7.38,6.91,7.16,7.87,8.67,9.32,9.38,9.06,9.18,7.57,6.8,Pine_Island,50.9756,-127.728
1956,6.63,6.09,6.04,6.82,7.89,8.52,9.33,9.39,8.9,9.24,8.35,7.44,Pine_Island,50.9756,-127.728
1957,6.67,6.31,6.45,7.2,8.5,9.03,9.65,10.82,10.22,9.75,9.9,8.89,Pine_Island,50.9756,-127.728
1958,8.09,8.21,8.37,8.79,9.41,10.26,10.45,10.63,10.38,9.64,8.93,8.35,Pine_Island,50.9756,-127.728
1959,7.49,7.45,7.57,8.04,8.72,9.63,10.02,9.96,9.8,9.39,8.44,7.86,Pine_Island,50.9756,-127.728
1960,7.14,7.29,7.12,7.85,9.02,9.23,9.79,9.67,9.24,9.39,8.77,8.1,Pine_Island,50.9756,-127.728
1961,7.97,7.87,8,8.29,9.08,10,10.29,10.29,9.82,8.73,7.79,7.12,Pine_Island,50.9756,-127.728
1962,7.02,7.16,6.89,7.62,8.47,9.13,10,9.91,9.4,10.23,9.72,8.81,Pine_Island,50.9756,-127.728
1963,8.08,7.96,7.77,8.35,9.4,9.71,10.1,10.41,10.82,12.14,9.94,8.87,Pine_Island,50.9756,-127.728
1964,8.29,7.79,7.53,7.9,8.22,9.45,9.91,10.05,9.62,9.46,8.51,7.08,Pine_Island,50.9756,-127.728
1965,6.63,6.71,6.86,7.68,8.31,9.3,9.89,10.11,9.4,9.47,9.3,8.7,Pine_Island,50.9756,-127.728
1966,7.56,7.65,7.49,7.88,8.28,8.95,9.79,9.82,10.08,9.54,8.4,8.07,Pine_Island,50.9756,-127.728
1967,7.62,7.22,7.14,7.78,8.74,9.47,10.14,10.25,10.66,10.87,9.05,7.77,Pine_Island,50.9756,-127.728
1968,7.02,6.88,7.56,7.64,8.75,9.6,10.47,10.34,10.31,9.22,8.84,7.58,Pine_Island,50.9756,-127.728
1969,6.29,6.09,6.69,7.49,8.35,9.4,9.91,9.5,9.37,9.35,9.15,8.4,Pine_Island,50.9756,-127.728
1970,7.65,7.99,7.99,7.94,8.39,9.19,9.29,9.55,9.11,8.88,8.32,7.03,Pine_Island,50.9756,-127.728
1971,6.81,6.85,6.66,7.07,7.96,8.85,9.56,9.89,10.33,9.37,7.89,6.66,Pine_Island,50.9756,-127.728
1972,6.06,5.71,6.28,6.67,7.97,8.73,9.7,9.93,8.97,8.3,8.11,7.46,Pine_Island,50.9756,-127.728
1973,7.2,6.78,6.96,7.6,8.35,8.8,9.18,9.59,9.43,9.04,7.81,7.76,Pine_Island,50.9756,-127.728
1974,6.85,6.87,6.87,7.54,8.16,8.89,9.32,9.69,9.6,8.88,8.65,7.94,Pine_Island,50.9756,-127.728
1975,7.03,6.32,6.71,7.03,7.85,8.55,9.38,9.19,8.93,9.41,8.74,7.56,Pine_Island,50.9756,-127.728
1976,7.03,6.84,6.7,7.29,7.91,8.66,9.21,9.48,9.58,9.41,9.14,8.19,Pine_Island,50.9756,-127.728
1977,7.95,8.07,7.78,7.88,8.33,9.08,9.37,9.79,9.58,9.58,8.55,7.67,Pine_Island,50.9756,-127.728
1978,7.36,7.36,7.74,8.55,9.15,10.16,10.21,10.11,11.08,10.81,8.86,7.69,Pine_Island,50.9756,-127.728
1979,6.97,6.6,7.04,7.5,8.23,9.06,9.87,10.07,10.69,10.41,9.64,8.93,Pine_Island,50.9756,-127.728
1980,8.2,7.86,7.96,8.55,8.81,9.6,9.83,9.49,9.32,9.69,9.6,8.63,Pine_Island,50.9756,-127.728
1981,8.6,8.13,8.47,8.57,9.07,9.49,9.95,10.36,10.57,10.2,9.68,8.52,Pine_Island,50.9756,-127.728
1982,7.2,7.01,7.35,7.89,8.55,9.61,10.24,10.26,9.84,9.31,9.16,8.25,Pine_Island,50.9756,-127.728
1983,8.18,8.18,8.95,9.2,9.83,10.01,10.66,11.3,10.75,10.1,10.04,8.75,Pine_Island,50.9756,-127.728
1984,8.31,8.02,8.54,8.69,9.34,9.97,10.53,10.92,10.5,10.22,8.76,8.25,Pine_Island,50.9756,-127.728
1985,7.85,7.45,7.54,7.91,8.69,9.74,10.45,10.08,9.74,9.55,8.34,7.22,Pine_Island,50.9756,-127.728
1986,7.14,7.11,7.99,8.1,8.61,9.51,9.96,10.3,9.53,10.06,9.39,8.66,Pine_Island,50.9756,-127.728
1987,8.2,8.03,8.57,8.99,9.5,9.94,10.7,10.52,10.4,10.07,9.95,8.62,Pine_Island,50.9756,-127.728
1988,8.32,8.11,8.06,8.44,9.45,10.21,10.55,10.33,9.83,10.19,9.79,8.58,Pine_Island,50.9756,-127.728
1989,7.61,6.95,7.1,7.91,9.15,9.73,10.66,10.62,10.07,10.25,9.19,8.7,Pine_Island,50.9756,-127.728
1990,8.17,7.49,7.94,8.62,9.14,10.16,11.05,11.22,10.6,9.9,9.28,8,Pine_Island,50.9756,-127.728
1991,7.3,7.46,7.43,8.16,9.18,9.87,10.6,10.73,10.44,9.3,9.19,8.37,Pine_Island,50.9756,-127.728
1992,8.09,8.41,8.83,9.23,10.01,10.63,10.96,11.14,10.51,10.51,9.77,8.31,Pine_Island,50.9756,-127.728
1993,7.62,7.8,7.93,8.7,10.01,10.84,10.71,10.73,10.14,9.75,9.07,8.43,Pine_Island,50.9756,-127.728
1994,8.42,7.92,8.17,8.72,9.57,10.36,10.5,11.19,10.92,9.78,8.9,8.01,Pine_Island,50.9756,-127.728
1995,8.1,8.1,8.27,8.98,9.76,10.12,10.59,10.45,10.58,11.39,9.74,8.76,Pine_Island,50.9756,-127.728
1996,8.34,8,8.38,9.2,10.01,10.27,10.99,10.66,10.4,10.1,8.91,7.81,Pine_Island,50.9756,-127.728
1997,8.08,8,7.9,8.44,9.82,10.93,11.38,11.22,12.04,11.68,10.39,9.48,Pine_Island,50.9756,-127.728
1998,8.89,9.06,9.23,9.4,9.86,10.37,10.74,10.96,10.2,10.04,9.88,8.79,Pine_Island,50.9756,-127.728
1999,8.13,7.54,7.5,7.84,8.43,9.07,9.5,10.03,9.68,8.73,8.82,8.36,Pine_Island,50.9756,-127.728
2000,7.44,7.41,7.55,8,8.84,9.5,9.88,10.19,9.71,9.45,8.95,7.94,Pine_Island,50.9756,-127.728
2001,7.72,7.39,7.45,8.08,8.84,9.52,9.57,10.12,9.61,9.47,8.84,7.82,Pine_Island,50.9756,-127.728
2002,7.78,7.38,7.31,8.22,8.42,9.46,10.21,10.15,9.73,8.66,9.36,8.54,Pine_Island,50.9756,-127.728
2003,8.31,8.17,8.07,8.74,9.55,10.06,10.05,10.15,9.79,10.57,8.69,8.23,Pine_Island,50.9756,-127.728
2004,7.8,7.5,7.86,8.74,9.22,9.94,10.48,10.69,10.28,9.75,8.91,8.05,Pine_Island,50.9756,-127.728
2005,7.68,7.79,8.16,8.54,9.92,10.39,10.86,10.68,9.87,10.26,9.42,8.27,Pine_Island,50.9756,-127.728
2006,8.28,7.87,7.73,8.35,9.07,9.98,10.43,10.28,9.51,8.73,8.54,7.88,Pine_Island,50.9756,-127.728
2007,7.22,7.36,7.32,7.87,8.59,9.42,10.26,10.34,9.58,9.49,8.66,7.49,Pine_Island,50.9756,-127.728
2008,7.08,6.98,7,7.31,8.17,8.63,9.45,9.78,9.51,9.13,9.23,7.65,Pine_Island,50.9756,-127.728
2009,6.83,6.74,6.59,7.16,999.99,9.24,9.55,9.65,10.45,9.49,8.89,7.58,Pine_Island,50.9756,-127.728
2010,7.87,7.92,8.2,8.47,8.99,9.55,10.06,999.99,9.72,10.53,9.33,8.03,Pine_Island,50.9756,-127.728
2011,7.5,7.12,7.29,7.88,8.4,9.17,9.52,9.85,9.9,9.9,8.67,7.75,Pine_Island,50.9756,-127.728
2012,7.09,7.01,6.87,7.81,8.44,9.08,9.23,9.91,9.59,9.1,9.1,8.58,Pine_Island,50.9756,-127.728
2013,7.84,7.83,7.59,999.99,9.15,9.65,10.44,10.79,11.47,10.2,8.75,7.85,Pine_Island,50.9756,-127.728
2014,7.45,7.05,7.2,8.49,9.88,9.84,10.36,11.42,11.24,12.15,11.07,9.84,Pine_Island,50.9756,-127.728
2015,999.99,9.73,10.2,10.33,10.56,10.48,11.61,11.98,11.77,12.09,10.69,9.64,Pine_Island,50.9756,-127.728
2016,8.73,9.42,9.34,10.03,10.72,11.37,11.64,11.6,11.47,10.99,10.96,9.39,Pine_Island,50.9756,-127.728
2017,8.54,8.34,8.31,9.33,10.1,11.22,11.46,10.72,10.72,9.91,8.9,8.59,Pine_Island,50.9756,-127.728
2018,8.15,7.92,7.99,8.62,9.65,10.95,11.6,10.95,999.99,10.85,10.67,10.13,Pine_Island,50.9756,-127.728
2019,999.99,8.77,8.83,10.03,9.92,999.99,12.38,12.23,11.79,10.06,999.99,999.99,Pine_Island,50.9756,-127.728
2020,999.99,8.26,8.16,8.61,11,10.96,12.37,12.74,12.45,10.97,8.8,999.99,Pine_Island,50.9756,-127.728
2021,999.99,7.91,8.14,9.39,9.73,10.83,11.27,10.75,10.64,10.33,9.46,7.93,Pine_Island,50.9756,-127.728
2022,7.67,7.5,7.74,8,9.63,10.99,11.06,11.4,11.25,10.93,8.47,7.6,Pine_Island,50.9756,-127.728
2023,7.96,7.43,7.47,7.93,9.99,10.42,11.44,11.79,10.85,999.99,999.99,9.35,Pine_Island,50.9756,-127.728
2024,8.27,8.3,8.42,8.5,999.99,9.78,10.45,999.99,999.99,999.99,999.99,999.99,Pine_Island,50.9756,-127.728
1921,999.99,7.13,7.39,7.75,8.53,9.57,10.31,10.53,10.35,9.88,9.21,8.25,Race_Rocks,48.2996,-123.5318
1922,6.49,6.2,6.61,7.55,8.35,9.54,10.53,10.34,10.25,9.37,8.42,7.15,Race_Rocks,48.2996,-123.5318
1923,7.11,6.46,6.71,7.64,8.61,9.37,10.38,10.6,10.63,9.67,8.72,7.96,Race_Rocks,48.2996,-123.5318
1924,7.13,7.39,7.72,7.97,9.05,9.83,10.51,10.37,10.28,9.28,8.83,7.36,Race_Rocks,48.2996,-123.5318
1925,6.66,6.91,7.36,8.07,9.22,10.17,11.16,10.86,10.24,9.27,8.39,8.2,Race_Rocks,48.2996,-123.5318
1926,7.9,8.04,8.64,9.25,10.1,10.72,11.18,10.9,10.57,9.82,9.15,8.55,Race_Rocks,48.2996,-123.5318
1927,7.65,7.44,7.83,8.07,8.86,9.8,10.57,10.91,10.41,9.7,8.67,7.6,Race_Rocks,48.2996,-123.5318
1928,6.93,7.33,7.9,8.62,9.79,10.29,10.82,11,10.39,9.2,8.62,7.92,Race_Rocks,48.2996,-123.5318
1929,7.16,6.41,7.13,7.86,9.07,9.83,10.82,10.82,10.81,9.86,8.84,7.88,Race_Rocks,48.2996,-123.5318
1930,6.58,6.66,7.15,8.3,9.38,10.06,10.66,10.89,10.61,9.5,8.65,8.08,Race_Rocks,48.2996,-123.5318
1931,7.9,7.9,8.25,8.85,9.9,10.62,11.57,11.18,10.73,9.66,8.64,7.75,Race_Rocks,48.2996,-123.5318
1932,7.12,6.83,7.33,8.24,9.33,10.44,10.82,10.98,10.74,9.65,8.92,7.74,Race_Rocks,48.2996,-123.5318
1933,7.14,6.73,7.12,8.08,9.14,10.26,10.59,11.53,10.12,9.68,8.64,7.72,Race_Rocks,48.2996,-123.5318
1934,7.87,7.99,8.39,9.23,10.04,10.88,10.97,11.7,10.71,9.72,9.25,8.41,Race_Rocks,48.2996,-123.5318
1935,7.29,7.27,7.51,7.81,9.21,10.2,10.58,10.59,10.77,9.71,8.23,8.15,Race_Rocks,48.2996,-123.5318
1936,7.9,6.76,7.05,7.89,9.32,10.47,11.3,11.32,10.52,10.13,8.62,7.99,Race_Rocks,48.2996,-123.5318
1937,6.62,6.49,7.73,8.74,9.95,10.92,11.77,11.53,10.91,9.93,8.51,8.19,Race_Rocks,48.2996,-123.5318
1938,7.44,7.29,8.19,9.41,10.63,12.34,12.74,11.91,11.1,9.93,8.64,7.51,Race_Rocks,48.2996,-123.5318
1939,7.42,6.67,7.13,8.64,10.32,11.43,12.2,11.15,11.47,9.75,999.99,8.58,Race_Rocks,48.2996,-123.5318
1940,7.98,8.28,9.06,10.09,11.49,11.69,999.99,999.99,999.99,999.99,999.99,999.99,Race_Rocks,48.2996,-123.5318
1941,999.99,999.99,999.99,999.99,10.07,10.54,11.29,11.05,10.66,9.97,9.07,8.6,Race_Rocks,48.2996,-123.5318
1942,7.99,7.91,7.85,8.59,9.7,9.87,10.61,11.03,10.34,9.52,8.44,7.92,Race_Rocks,48.2996,-123.5318
1943,6.83,6.71,7.16,8.25,8.89,10.03,10.35,10.68,10.39,9.62,9.06,8.13,Race_Rocks,48.2996,-123.5318
1944,7.72,7.54,7.37,8.06,9.29,10.58,11.09,10.92,10.58,9.67,9.24,8.13,Race_Rocks,48.2996,-123.5318
1945,7.87,7.79,7.64,8.02,8.87,9.86,10.16,10.58,10.09,9.52,8.18,8.1,Race_Rocks,48.2996,-123.5318
1946,7.8,7.38,7.71,8.16,9.48,10.28,10.78,10.81,10.33,9.5,8.16,7.78,Race_Rocks,48.2996,-123.5318
1947,7.13,7.08,7.77,8.47,9.53,10.48,10.67,11,10.57,9.92,9.12,7.96,Race_Rocks,48.2996,-123.5318
1948,7.6,6.97,7.26,7.92,9.02,10.28,10.86,10.74,10.48,9.55,8.21,7.08,Race_Rocks,48.2996,-123.5318
1949,6.15,6.13,6.97,8.31,9.45,10.2,10.37,10.3,10.52,9.54,8.77,7.88,Race_Rocks,48.2996,-123.5318
1950,6.25,5.87,6.65,7.75,8.72,9.48,10.1,10.43,10.31,9.32,8.58,8.08,Race_Rocks,48.2996,-123.5318
1951,7.53,6.95,6.72,8.12,9.25,10.31,10.45,11.09,10.93,9.58,8.53,7.76,Race_Rocks,48.2996,-123.5318
1952,6.97,7.13,7.64,8.29,9.02,9.69,10.48,10.54,10.23,9.81,8.69,7.95,Race_Rocks,48.2996,-123.5318
1953,7.85,7.96,7.69,8.16,9.33,9.82,10.64,11.07,10.62,9.94,9.35,8.56,Race_Rocks,48.2996,-123.5318
1954,7.16,7.35,7.55,7.97,8.8,9.32,9.93,10.08,10.07,9.43,9.16,8.46,Race_Rocks,48.2996,-123.5318
1955,7.53,7.2,6.78,7.52,8.42,9.38,9.81,10.26,10,9,7.58,6.7,Race_Rocks,48.2996,-123.5318
1956,6.72,6.43,6.35,7.69,8.79,9.69,10.26,10.46,10.17,9.22,8.12,7.12,Race_Rocks,48.2996,-123.5318
1957,6.39,6.24,7.25,8.13,9.38,10.1,10.35,10.51,10.59,9.82,8.9,8.35,Race_Rocks,48.2996,-123.5318
1958,8.09,8.31,8.66,9.39,10.38,10.77,11.55,11.56,11.04,9.97,8.77,8.15,Race_Rocks,48.2996,-123.5318
1959,7.63,7.45,7.93,9.12,9.77,10.5,11.32,11.08,10.51,9.73,8.37,7.82,Race_Rocks,48.2996,-123.5318
1960,7.17,7.52,7.52,8.63,9.67,10.34,11.43,10.8,10.13,9.53,8.67,7.98,Race_Rocks,48.2996,-123.5318
1961,7.99,8.21,8.41,8.86,9.41,10.36,11,11.32,10.67,9.45,8.3,7.51,Race_Rocks,48.2996,-123.5318
1962,7.21,7.36,7.37,8.39,9.33,10.05,10.47,10.53,10.6,10.08,9.41,8.75,Race_Rocks,48.2996,-123.5318
1963,7.53,7.55,7.87,8.5,9.68,10.25,10.5,10.85,10.62,10.32,9.99,8.76,Race_Rocks,48.2996,-123.5318
1964,8.26,8,7.77,8.25,8.85,9.66,10.3,10.5,10.07,9.41,8.34,7.46,Race_Rocks,48.2996,-123.5318
1965,6.92,7.11,7.28,8,8.9,9.83,10.07,10.21,10.32,9.7,9.21,8.52,Race_Rocks,48.2996,-123.5318
1966,7.72,7.61,7.75,8.54,9.05,9.12,10.63,10.75,10.17,9.57,8.76,8.64,Race_Rocks,48.2996,-123.5318
1967,7.95,7.75,7.62,8.15,8.91,9.64,10.34,10.59,10.53,9.78,9.15,8.04,Race_Rocks,48.2996,-123.5318
1968,7.4,7.36,8.04,8.37,8.78,9.5,10.24,10.25,10.45,9.36,8.82,7.81,Race_Rocks,48.2996,-123.5318
1969,6.53,6.39,7.23,8.12,9.13,10.21,10.47,10.51,9.88,9.28,8.73,8.16,Race_Rocks,48.2996,-123.5318
1970,7.59,7.78,8,8.08,8.76,9.64,10.26,10.3,10.09,9.06,8.38,7.59,Race_Rocks,48.2996,-123.5318
1971,7.1,6.94,6.72,7.57,8.58,9.16,10.07,10.67,10.43,9.34,8.3,7.37,Race_Rocks,48.2996,-123.5318
1972,6.47,6.29,6.92,7.68,8.82,9.57,10.56,10.69,10.3,9.15,8.47,7.37,Race_Rocks,48.2996,-123.5318
1973,7.05,7.27,7.98,8.45,8.7,9.29,10.14,10.4,10.09,9.25,8.25,8.04,Race_Rocks,48.2996,-123.5318
1974,7.28,7.24,7.36,8.2,8.56,9.74,10.07,10.93,10.65,9.78,8.61,8.26,Race_Rocks,48.2996,-123.5318
1975,7.33,6.81,7.23,7.73,8.73,9.48,10.2,10.42,10.41,9.62,9.28,7.85,Race_Rocks,48.2996,-123.5318
1976,7.27,7.07,7.01,7.85,8.75,9.37,10.14,10.16,10.09,9.44,8.69,8.13,Race_Rocks,48.2996,-123.5318
1977,7.63,7.98,8.09,8.35,8.83,9.79,9.97,10.89,10.31,9.29,8.62,7.97,Race_Rocks,48.2996,-123.5318
1978,7.66,7.96,8.34,8.99,9.45,10.38,10.49,10.91,10.59,9.81,8.22,7.37,Race_Rocks,48.2996,-123.5318
1979,6.58,6.9,7.57,8.38,9.54,10.01,10.9,10.77,10.51,9.87,9.08,8.61,Race_Rocks,48.2996,-123.5318
1980,7.79,7.66,7.97,8.69,9.5,9.52,10.66,10.95,10.52,9.96,9.3,8.61,Race_Rocks,48.2996,-123.5318
1981,8.31,8.39,8.87,9.24,9.47,9.91,10.35,10.59,10.21,9.73,9.38,8.6,Race_Rocks,48.2996,-123.5318
1982,7.25,7.51,8,8.88,9.99,10.74,11.42,11.8,11.41,10.38,8.81,8.35,Race_Rocks,48.2996,-123.5318
1983,8.63,8.67,9.36,10.07,10.65,11.33,11.79,12.46,11.49,10.3,9.54,7.77,Race_Rocks,48.2996,-123.5318
1984,7.53,7.86,8.43,9.07,9.74,10.34,11.42,11.6,10.66,9.77,8.56,6.99,Race_Rocks,48.2996,-123.5318
1985,6.82,6.88,7.25,8.2,9.63,10.62,11.56,11.64,10.83,9.63,6.89,6.44,Race_Rocks,48.2996,-123.5318
1986,7.05,6.68,8.08,8.43,9.48,11.07,10.95,11.84,10.88,9.82,8.46,7.88,Race_Rocks,48.2996,-123.5318
1987,7.61,7.99,8.39,8.98,9.82,10.68,11.15,11.57,11.14,10.07,9.08,8.25,Race_Rocks,48.2996,-123.5318
1988,7.46,7.53,7.58,8.62,9.7,10.49,11.07,11.41,10.62,9.63,8.77,7.91,Race_Rocks,48.2996,-123.5318
1989,7.01,5.87,6.83,8.27,9.51,10.8,11.31,11.24,11.09,9.96,8.96,8.23,Race_Rocks,48.2996,-123.5318
1990,8.18,7.72,8.24,9.08,9.9,10.87,11.88,12.14,12.18,10.79,9.97,8.22,Race_Rocks,48.2996,-123.5318
1991,7.13,7.8,7.98,8.43,9.79,9.78,10.83,11.09,11.24,10.14,8.93,8.31,Race_Rocks,48.2996,-123.5318
1992,7.97,8.18,9.5,9.51,10.26,10.8,11.13,11.45,11.02,10.01,9.1,7.81,Race_Rocks,48.2996,-123.5318
1993,6.71,6.79,7.68,8.7,9.78,10.85,11.07,11.2,11,10.19,8.58,7.92,Race_Rocks,48.2996,-123.5318
1994,8.05,7.46,8.61,9.31,10.13,10.62,11.63,11.59,11.36,10.75,9.38,8.41,Race_Rocks,48.2996,-123.5318
1995,8.27,8.63,8.86,9.22,10.21,11.21,11.88,11.53,11.38,10.26,9.42,8.91,Race_Rocks,48.2996,-123.5318
1996,8.26,7.87,8.47,9.22,10.06,10.41,11.51,11.5,10.59,9.91,8.76,7.68,Race_Rocks,48.2996,-123.5318
1997,7.75,7.95,8.1,9.02,10.35,10.98,11.77,12.26,11.66,11.39,10,9.31,Race_Rocks,48.2996,-123.5318
1998,8.75,9.28,9.77,10,10.44,11.41,11.78,12.34,12.11,10.7,9.87,9,Race_Rocks,48.2996,-123.5318
1999,8.07,7.8,8.17,8.91,9.58,10.48,11.12,11.57,11.91,10.14,9.01,8.52,Race_Rocks,48.2996,-123.5318
2000,7.57,7.74,8.2,9.11,10.08,11.16,11.35,11.72,11.44,10.36,9.02,8.02,Race_Rocks,48.2996,-123.5318
2001,7.93,7.73,8.1,8.8,9.75,10.68,11.33,11.41,11.4,10.23,9.25,8.36,Race_Rocks,48.2996,-123.5318
2002,8.11,7.91,7.79,8.8,9.46,10.54,11.28,11.78,11.36,10.08,9.09,8.84,Race_Rocks,48.2996,-123.5318
2003,8.87,8.54,8.74,9.29,9.96,10.98,11.39,11.49,11.41,10.93,8.99,8.47,Race_Rocks,48.2996,-123.5318
2004,7.87,7.91,8.34,9.11,10.46,11.1,11.87,11.97,11.3,10.65,9.49,8.67,Race_Rocks,48.2996,-123.5318
2005,7.75,8.01,8.84,9.48,10.71,11.22,11.69,12.17,11.5,10.4,9.53,8.4,Race_Rocks,48.2996,-123.5318
2006,8.61,8.49,8.41,8.75,10.08,10.87,11.66,12.09,11.49,10.55,9.29,8.54,Race_Rocks,48.2996,-123.5318
2007,7.84,7.78,7.86,8.95,10.03,10.19,11.23,11.66,11.03,10.01,8.97,8.03,Race_Rocks,48.2996,-123.5318
2008,7.46,7.33,7.68,8.06,9.36,9.78,10.84,11.3,11.16,10.14,9.39,7.87,Race_Rocks,48.2996,-123.5318
2009,7.29,7.2,7.46,8.35,9.54,10.39,11.44,11.74,11.8,10.62,9.35,7.7,Race_Rocks,48.2996,-123.5318
2010,8.11,8.69,9.12,8.96,9.45,10.36,11.16,11.93,11.08,10.37,8.98,8.06,Race_Rocks,48.2996,-123.5318
2011,7.77,7.49,7.77,8.53,9.32,10.35,10.76,11.38,11.17,10.14,8.66,8.01,Race_Rocks,48.2996,-123.5318
2012,7.29,7.35,7.63,8.73,9.82,9.76,10.37,10.98,10.93,9.66,8.85,8.32,Race_Rocks,48.2996,-123.5318
2013,7.64,7.44,7.48,8.27,9.05,9.72,10.96,10.76,10.65,10.1,8.69,7.68,Race_Rocks,48.2996,-123.5318
2014,7.63,7.25,7.9,8.8,9.72,10.3,10.79,11.36,11.2,10.72,10.14,9.03,Race_Rocks,48.2996,-123.5318
2015,8.75,9,8.96,9.4,9.88,11.17,11.97,12.23,11.3,10.55,9.61,9.01,Race_Rocks,48.2996,-123.5318
2016,8.45,8.77,9.05,9.71,10.21,11.16,11.9,12.52,11.27,10.4,10.42,8.63,Race_Rocks,48.2996,-123.5318
2017,6.96,7.03,7.94,9.08,10.24,11.21,11.7,11.87,11.29,10.15,9.1,8.45,Race_Rocks,48.2996,-123.5318
2018,8.06,7.71,8,8.81,10.31,10.63,11.4,11.5,11.11,10.27,9.54,8.72,Race_Rocks,48.2996,-123.5318
2019,8.45,999.99,999.99,8.96,10.05,10.87,10.98,11.26,10.85,10.05,8.96,8.33,Race_Rocks,48.2996,-123.5318
2020,8.05,7.92,7.81,8.6,9.83,10.29,11.08,11.08,11.17,10.15,8.96,8.36,Race_Rocks,48.2996,-123.5318
2021,8.07,7.71,7.93,8.34,8.99,999.99,999.99,11.12,10.62,9.94,9.54,8.43,Race_Rocks,48.2996,-123.5318
2022,7.51,7.62,7.7,8.12,8.88,9.72,10.35,11.02,10.81,10,8.89,8.03,Race_Rocks,48.2996,-123.5318
2023,7.86,7.76,7.37,8.04,9.63,10.2,11.23,12.14,11.35,10.73,9.95,9.19,Race_Rocks,48.2996,-123.5318
2024,8.56,8.62,8.71,9.07,9.56,10.15,10.81,10.98,11.38,10.26,9.44,8.93,Race_Rocks,48.2996,-123.5318
2025,8.35,7.47,8.04,9.05,9.36,10.03,999.99,999.99,999.99,999.99,999.99,999.99,Race_Rocks,48.2996,-123.5318